:020000040000FA
:10000000FC7F0020E10B0000D10B0000D50B0000AD
:1000100000000000000000000000000000000000E0
:10002000000000000000000000000000D90B0000EC
:100030000000000000000000DD0B0000350D000096
:1000400010B5064C2378002B07D1054B002B02D0AE
:10005000044800E000BF0123237010BD5C000020B5
:1000600000000000381F000008B5084B002B03D02B
:100070000748084900E000BF07480368002B03D089
:10008000064B002B00D0984708BDC046000000007A
:10009000381F000060000020580000200000000011
:1000A000094A0323184003040849506808401843CC
:1000B000074B5060D0694007C00F04D0013B002BB4
:1000C000F8D101204042704700080042FFFFFCFFCA
:1000D00052C3000070B5400008431D4BC0B21D4C18
:1000E0000325668B221C36092E40012E07D1546A47
:1000F000E40AE4022043506200290DD010E0648B32
:1001000024092540022DF2D0013B9A1CE7D10020A2
:100110001CE0013B581CFAD4117EC807F9D511E048
:10012000107E012440080B4920400BD1002BEEDB50
:100130000D7E013B2542F3D04A68C0239B02134346
:100140004B6003E0538B01209B08984370BDC04671
:1001500050C300000008004238B5284A284B5A8096
:100160005A7852B2002AFBDB264B04211A6A264D2C
:100170000A431A622B68012213432B602A68012369
:10018000214C1A42FAD1E2691A42F7D114232360B2
:1001900041001E4801F0F2FC421EE068FF231A40B5
:1001A00098431043E0602368022213432360EA6906
:1001B000154B9107FBD45A8B30218A4310210A43F7
:1001C0005A83EB6901205A07FBD4114B02241A7899
:1001D00002431A700F4B0F22197891431970197846
:1001E000214319700C490C782043087019780A4093
:1001F0001A701A7820210A431A7038BD1440000082
:10020000000C00400004004000080042006CDC02CA
:10021000484400413444004149440041044B022118
:100220001A688A431A60DA699107FCD47047C0469D
:1002300000080042F7B50D1C019234D01B4F00237B
:1002400001213B70FFF746FF00282BD001233B70B4
:10025000174C237E9907FBD5164A174B11780126B8
:1002600019706268AE4212D0144B022013406360D2
:10027000FFF716FF3B785A1C3A70227E9107FCD597
:100280000C4901360A780C49F6B2CA54E9E78023D2
:10029000DB0213436360019A002A04D00320FFF7B6
:1002A000FFFE00E0051C281CFEBDC04678000020B3
:1002B00000080042280800429D000020FFFFFBFFCD
:1002C000024B00221870024B1A7070477A0000200F
:1002D00079000020F8B51E4B051C00211878FFF7A7
:1002E000F9FE002804D10320FFF7DAFE02242CE0F7
:1002F000184A1678331C002B16D01748F11A405CA8
:100300001649174C087017480121077E0F4206D185
:10031000013C002C10D0408B0842F4D00CE0408B04
:10032000800808420ED007E013701C1C002D0CD072
:100330000320FFF7B5FE08E0032013700324FFF746
:10034000AFFE02E0013BDBB2D5E7201CF8BDC046A2
:100350007A000020790000207B000020280800425D
:1003600052C3000000080042034A1378591C117060
:10037000024AD05401207047790000207B00002001
:10038000154A164B1178002909D1154918780978B2
:100390004118C9B21970802012494003C861117810
:1003A0000131C9B211701978F02902D819780929D8
:1003B00009D80B4908784042C0B20870187809780B
:1003C0004118C9B2197012781B789A4203D1802261
:1003D000044B5203DA6170477D00002001000020C9
:1003E000000000200044004110B5041C6B20FFF702
:1003F00067FF201CFFF7B8FF0120FFF76BFF00230A
:10040000984206D101216B200A1CFFF713FF024B13
:100410001B78181C10BDC0469D00002038B5051C77
:100420006B200C1CFFF74CFF281CFFF79DFF201CC6
:10043000FFF79AFF0120FFF74DFF022038BD08B5F6
:100440000520FFF7D1FF0023984205D0CE210140BF
:100450000520FFF7E3FF0123181C08BD10B5041C9D
:100460000020FFF7C1FF78232D4A9843C1B2944280
:1004700042D018D82B4B9C4238D009D82A4B9C42EA
:1004800030D02A4B9C422FD0294B9C4245D13FE093
:10049000284B9C422CD0284B9C422BD0274B9C4273
:1004A0003BD1202333E0264A94422BD00AD8254B57
:1004B0009C4223D0244B9C4222D0244B9C422CD1E2
:1004C000402324E0224A94421ED004D8214B9C426F
:1004D00023D160231BE0204A944217D01F4A944244
:1004E00015D01AE0082312E0102310E018230EE0C4
:1004F00028230CE030230AE0382308E0482306E0F4
:10050000502304E0582302E0682300E070231943DD
:100510000020FFF783FF012000E0002010BDC0464F
:100520005811000018100000780F0000C80F0000DC
:10053000280F0000B810000008110000681000002B
:1005400098120000F811000048120000A8110000E5
:1005500038130000E812000088130000D8130000D0
:1005600010B5041C0020FFF73FFF07239843E1224A
:10057000C1B29200944220D008D8962C18D0FA2309
:100580005B009C4217D0642C22D11CE0114A94429B
:1005900015D005D89623DB009C4219D1042311E025
:1005A000FA22D20094420CD00B4A94420AD00FE0B7
:1005B0000124214307E0022304E0032302E0052392
:1005C00000E0062319430020FFF728FF012000E088
:1005D000002010BDDC050000B80B000070B504ACB5
:1005E000267805AC2578441EA041C401002901D01D
:1005F00040210C43002A01D020221443002B01D0BB
:1006000010231C43002E01D008231C43002D01D0D1
:1006100004231C430220FFF7E7FE0125011C2940AB
:1006200021430220FFF7FAFE281C70BD10B5041C00
:100630000420FFF7D9FE03231840084B9C4204D046
:10064000074B9C4208D1B02100E0982101430420CF
:10065000FFF7E4FE012000E0002010BD10100000B4
:100660007010000008B50120FFF7BEFECF23011C6B
:1006700019400120FFF7D2FE012008BD13B5FFF796
:10068000DEFE002817D0FFF7EDFF0C480024FFF72F
:10069000E5FE0B48FFF764FF211C221C231C00947D
:1006A0000194201CFFF79AFF0648FFF7BFFFFFF7F2
:1006B000B5FD201C01E00120404216BD08110000DC
:1006C000B80B00001010000008B50348FFF744FD08
:1006D000FFF7D4FF08BDC046A086010010B5C3696E
:1006E0009C07FCD403680224A3430360C46901236C
:1006F0001C42FBD10468234303600368DC07FCD47D
:10070000C46901231C42FBD1C469DC401C42F7D1FF
:10071000084B1A430260C3695A07FCD4C0239B02EA
:1007200043608181C3699C07FCD4036802221343A0
:10073000036010BD04000040037EDA07FCD501858C
:1007400070470000027E01235107FBD5428B1A42FD
:1007500007D1428BDA401A4203D1428B92081A42E7
:1007600002D0034B01221A70008DC0B27047C04600
:100770007E00002070B50368041C988B1A1C0821A9
:10078000FF32084226D0802099839872112353703B
:100790004021144B917150715E68134DC0202E4062
:1007A000800506435E605E693540284358610F4806
:1007B00018600F4818615D680E4828408025AD021A
:1007C000284358605868800B80035860002351719B
:1007D000237105E0137ADA0602D5201C00F0E4FA52
:1007E000207970BDA0010020FFFFFF8FA000002036
:1007F00020010020FF3F00F0002303714371044BF0
:10080000016083600B78022213430B707047C0466F
:100810007507000038B5364B2021DA6901200A43FC
:10082000DA61344B06241A7802431A70324B0F22D5
:100830001978914319701978214319702F490C7850
:100840002043087019780A401A701A7860210A4308
:100850001A702B4B2B4A5A805A7852B2002AFBDB73
:10086000294B01211A780A431A709A78D107FCD4CF
:1008700026480268510B1F221140914200D10521E8
:1008800011408C011D8D224929402143198504689E
:10089000A10C0A401F2A00D11D221C8D1F210A40D5
:1008A0008C4322431A8502680721D20D0A408A42EE
:1008B00000D103220A40188D1103164A02400A4350
:1008C0001A8519787F220A401A701A780421124872
:1008D0000A431A7058621A890C218A431A811A89AC
:1008E00001218A431A810021802201F0A0F938BD3C
:1008F00000040040584400413C4400415944004138
:10090000000C0040064000000050004124608000C0
:100910003FF8FFFFFF8FFFFFA0010020F7B5141C79
:100920001F4A5F0101971D1CD319061C5869271C1B
:100930004000400F03301033C74006D00F1C802208
:10094000596812060A435A6009E02F1C7B1E9F411A
:10095000144BBF01FF18381C221C01F05FF90199EC
:100960000F48083542181761131C5269A104920BF5
:10097000890C92030A435A6159690B4A0A405A6129
:100980006B01F3180222DA715979802252420A432C
:100990005A716B01F318DB799A07FAD5201CFEBD5A
:1009A000A001002020010020FF3F00F0F8B51A4E02
:1009B000051C3378141C002B12D1184B184A1A64EA
:1009C0005A6C920B92035A64586C164A02405A644D
:1009D000A2235B00EA5C40200243EA540123337007
:1009E0004827FF37EA5D0123134012D00B4B5A6CA6
:1009F0009204920CA24202D25C6CA404A40C081CC7
:100A0000221C074901F00AF90123EB55002333703A
:100A100000E01C1C201CF8BD7F000020A00100206D
:100A2000E0000020FF3F00F0FF3083792022002902
:100A300000D110221343837170470000084BFF3030
:100A40005A69920B92035A610223037282798023BE
:100A50005B4213438371037A9A07FCD57047C04603
:100A6000A001002080235B421943C9B28172704704
:100A700070B5A02303225B00C254134B134A5C6C75
:100A8000C021144089050C4346255C64FF35402491
:100A900044550F4D30261D6490256D0046555D6B05
:100AA00015402943922559636D0080214155094D18
:100AB0001D63B0256D0044555C6F22405A67B22318
:100AC0005B00C15470BDC046A0010020FFFFFF8F36
:100AD000E000002060010020024B5B785BB2002B3D
:100AE000FADB7047000C0040024BDB68DA06FBD5EE
:100AF0007047C04600080040F8B52A4B1E225968CE
:100B00009143022211435960274B28491E1C9982A8
:100B1000998A0A439A82F3680227234C3B42FAD00F
:100B2000234D0123AB60FFF7D7FF224B6B60FFF72C
:100B3000D3FF8223DB016B80FFF7CEFFA38C8022E3
:100B40009343A384FFF7D0FF1B4BE362FFF7CCFF77
:100B5000A38C1A4A1343A384FFF7C6FFA38C1F4339
:100B6000A784F3681A06FCD50F4BDB685A06F8D544
:100B70000024FFF7B9FFAC60FFF7AEFF104B6B60CE
:100B8000FFF7AAFF0F4B104AC0215A600F4A09060F
:100B9000106A0002000A0143116207229C601A6079
:100BA000F8BDC04600400041000800400C060000AF
:100BB000000C004001050100B805FF7D040A00009B
:100BC0000007030010E000E0E703000000ED00E094
:100BD0000EBEFEE70DBEFEE705BEFEE702BEFEE767
:100BE0000E4A0F4838B5824204D10E4A0E4B93424A
:100BF0000ED10AE00D4C9442F7D00023D118884260
:100C0000F3D9E55804330D60F8E700F011F804E07B
:100C10009342FAD2002102C3FAE7FEE70000002067
:100C20005C000020B00300205C0000203C1F00009E
:100C300038B5344D2B6801331AD0334B2A1D1A6056
:100C4000EAB2002A14D1314B197801231940304BF4
:100C50000AD118682F4A904201D1196008E01A6041
:100C60002D4A013A002AFCD11A602C4B01221A703D
:100C7000FFF742FF62B6FFF727FD284B284C1B7891
:100C8000002B0AD02B6883F308881E4BFF22934366
:100C9000A3601D4B1B681B68184700F09DFD00F00A
:100CA0004FF8204B802252039A601F4B1F4A051CAD
:100CB0005A60216AC0220902090A12060A43226206
:100CC00000229A6007221A60AB68281C9847184BCC
:100CD000002801D001221A701A78002A05D00020BD
:100CE00000F08CFA00F004FBFCE71B78002BEBD142
:100CF00000F0E6FD0028E7D0012000F07FFA00F0C8
:100D0000F7FAFCE700200000200200203804004031
:100D1000FC7F00203581730748E801008000002037
:100D200000ED00E00044004110E000E0E7030000B7
:100D30008100002008B5FFF723FB00F0C3FA08BDCF
:100D400010B5054B054C2360FFF764FD201C21689E
:100D5000FFF752FD201C10BD00500041240200206E
:100D600070B5051CC0B0081C161C0C1C00F067FFF9
:100D700040006A4603230230537010707608012346
:100D8000E218013A11785A00002906D1281C694658
:100D90000023FFF7C3FD40B070BDB342F6DA6846EA
:100DA00081520133ECE70000F7B5BA4A04681378C2
:100DB000B949271CFF37051C102038720B70537877
:100DC000B648B74E037093783380D17833880902E0
:100DD0000B4333801179B34B19805179188809027C
:100DE000084318809079B0490880D27908881202A7
:100DF00002430A8040227A71A84F3A78A64F120225
:100E000038780F1C0243A9488446181C624500D15B
:100E1000C2E020DC802149008A4200D16EE109DC79
:100E2000812A00D192E0822A00D195E0802A00D068
:100E300064E18BE081235B009A4200D1CFE000DACD
:100E400058E1C0239B009A4200D157E1984B9A4247
:100E500000D14FE152E190231B019A4269D015DC89
:100E6000D023DB009A4222D088231B019A4269D00A
:100E7000A023DB009A4200D040E1201CFFF7DEFDFA
:100E80003188286889B2FFF7EDFD3BE1894B9A4232
:100E900000D12FE100DC31E1874B9A4200D11DE106
:100EA000864B9A4200D029E133886B7122E1338866
:100EB0001B0A012B08D10B8812222868934201D803
:100EC0000A8892B27E4911E133881B0A022B08D1AD
:100ED0000B8843222868934201D80A8892B2794944
:100EE00004E133881B0A032B00D007E13388DBB20F
:100EF000012B17D0002B07D0022B00D0FEE00A8870
:100F00002868D2B2704911E0042201A86F4900F0AC
:100F100085FE3B8804222868934201D83A8892B221
:100F200001A9E3E00A8828686949D2B2FFF718FFEF
:100F3000E8E03388201C2B71FFF780FD201CFFF7B1
:100F400097FDDFE0291C01C90122CFE061490023A0
:100F50000B8028680222CAE05E4900220A801888B5
:100F6000502210405C4A10701E880F2030401880BC
:100F70001888032800D9C1E012781B8808335B0168
:100F8000E418A379002A01D09B0600E0DB06DB0F02
:100F90000B8028680222A9E019887F2291434E4ADB
:100FA000C9B2117018880F210140198031880029B9
:100FB00000D0A3E01988002900D19FE019880329F7
:100FC00000D99BE012781B8808335B01E318002AE4
:100FD00002D020225A718DE0102159718AE00288D6
:100FE0007F239A433C4BD2B21A7001880F220A40E9
:100FF00002803288002A00D080E00288002A00D1D6
:101000007CE00288032A00D978E01B78002B1FD0EF
:10101000038808335B01E3189B799A066AD5038835
:10102000202208335B01E3181A71038808335B013F
:10103000E318DB795F065DD50388402208335B0146
:10104000E318DA710388022208335B01E3181EE01B
:10105000038808335B01E3189B79D9064AD50388D6
:10106000102208335B01E3181A71038808335B010F
:10107000E318DB799A063DD50388202208335B010B
:10108000E318DA710388012208335B01E3181A714F
:1010900030E0C046A000002083000020880000202F
:1010A0008A0000208C00002086000020020300003F
:1010B0000103000021200000A121000021220000E6
:1010C0008C1C000004000020741C0000641C000044
:1010D000681C000084000020820000200B88082289
:1010E0002868934201D80A8892B207490023FFF783
:1010F00015FC07E0201CFFF7A1FC03E0201C0121E8
:10110000FFF792FCF7BDC0464800002007B5054B2D
:101110000122019001A91868131CFFF7FFFB0120B1
:101120000EBDC0462402002013B5054B6C460734A3
:101130001868211C0122FFF739FC207816BDC04633
:101140002402002010B5074C201CFFF713FB031CE2
:101150000020834205D022684823FF33D05C01235E
:10116000184010BD2402002010B5054A0C1C031CB9
:10117000191C10680123221CFFF7D0FB201C10BD96
:101180002402002070B5084C061C201C0D1CFFF723
:10119000F1FA0023984205D02068311C2A1CFFF781
:1011A00005FC031C181C70BD24020020F8B50C4C73
:1011B000051C201C0E1CFFF7DDFA0023271C341C25
:1011C00098420AD0002C07D0291C221C3868FFF74F
:1011D000EDFB241A2D18F5E7331C181CF8BDC0468A
:1011E0002402002008B5031C081C111C9847024B60
:1011F00064221A8008BDC04692000020012805D153
:10120000054B064A1A60064B187004E0002802D10C
:10121000044A014B1A60704794020020C01C000071
:10122000940000200C1D000030B50A1C1C4985B03C
:101230000978031C00292AD0042A01D1006804E09F
:10124000022A01D1008800E00078520004A98B181E
:101250000B3B9C1AA3420BD00F210140092902D855
:101260003025294300E0373119700009013BF1E7CF
:1012700001A930230B7078234B700A208B189870CB
:101280000D20D870074B04321B68D86803E005496D
:101290000968C868191CFFF7A5FF05B030BDC04636
:1012A0008E0000209402002072B6EFF30883044AF7
:1012B0001360036883F30888436818477047C04683
:1012C00098020020084B1A88002A03D01A88013A95
:1012D00092B21A80054B1A88002A03D01A88013A64
:1012E00092B21A807047C046920000209000002001
:1012F000F0B591B008A9CC4A0B1C31CA31C351CA10
:1013000051C360CA60C3C94BC9489A687A25520361
:10131000520F92005258C74902609C68A4B26243BF
:101320000C60C54900240A60C44A1460C44C25708E
:10133000C44CC54D2368281C1B69402198470028D0
:1013400002D0C24B64221A80C14B00221860C14BEC
:101350001D60C14BC04DBE4F1A602A683B689A425F
:10136000E6D2BC4B1B681A78FF2A00D114E2232A6C
:1013700000D0EBE1B94E3378002B06D0B14BB84921
:101380001B680222D868FFF72DFFAD4B1B78532B4B
:101390003CD13B682A6893421ED9AE4801322A608C
:1013A0009A1AB04B01681B6801310160AE4E9A4237
:1013B00001D2326000E03360A048326800680490D7
:1013C00000F02CFC336829685A182A60A14A166874
:1013D000F1181160A54A13702B68013B2B609D4BDF
:1013E0001A68013A1A60A14B9E4A1B7811688B4219
:1013F0000AD222689148C91A006892699047002869
:1014000002D0924B64221A80C0468DE1522B0AD141
:101410008A48944A2368006811685B69039098477A
:101420006422934B0DE04F2B05D1844B8D4A1B68F2
:1014300012681A7078E1482B05D1804B894A1B68E5
:1014400012681A8070E1572B05D17C4B854A1B68C6
:1014500012681A6068E16F2B03D1784B012118687C
:1014600007E0682B08D1754B7E481B6802211B885A
:101470000360FFF7D9FE57E1772B06D16F4B794810
:101480001B6804211B680360F3E7472B13D1754BDE
:101490001868FFF709FF774B1B6883F3088862B66B
:1014A000754B1B78002B00D13EE1664B06201B6874
:1014B0001B68984738E1542B04D101233370614BEA
:1014C0001B6864E04E2B0CD13378002B06D15D4BAA
:1014D00063491B680222D868FFF784FE002333703B
:1014E00022E1562B57D123686449D8680122FFF7BF
:1014F00079FE23686249D8680322FFF773FE614DC5
:101500002368291CD8680122FFF76CFE23685E4916
:10151000D8680D22FFF766FE2368291CD8680122CF
:10152000FFF760FE4B4F4C4D5849002339602B604C
:101530003A1C281C13685E1C16601B780593002B50
:1015400003D0036801330360F4E73E4E2A68336832
:10155000D868FFF747FE33684A49D8680122FFF789
:1015600041FE059929604A4939603A4A1368581C76
:1015700010601B78002B04D0374B1A6801321A60B8
:10158000F3E733682A68D868FFF72CFE3368D86819
:1015900033490222C6E0334A582B17D1244E264D38
:1015A000366813682A68B10093420AD21F4D580862
:1015B000E861384828801D4D287DC607FBD55B189B
:1015C000F2E7204B34491B68D868AAE0592B79D13F
:1015D00012681A4B3149002A02D11B680B606CE07B
:1015E000124D086819686B68104E8025AB4392084D
:1015F0007360002A61D02A4B0C4D2B800B4E337D3B
:10160000DD07FBD500230A4D2D680195AD08AB42DF
:1016100003D3244D054E358046E09342F9D09D001A
:10162000465901334E51EEE7A01C00000040004136
:101630004C020020440200204002002090020020C2
:101640003C02002094020020500200209000002064
:101650003402002038020020480200208E000020C2
:10166000001D00009C020020A0020020300200208B
:10167000920000209802002094000020DC1C000052
:10168000051D0000DE1C0000281D0000E01C0000FD
:10169000EC1C000002A5FFFFF51C000098000020D4
:1016A00044A5FFFF04A5FFFF3F4E357DEE07FBD5A8
:1016B0009D0049194019D21A9BE73C4B3C491B68D5
:1016C000D8682EE05A2B2FD13A4B17681D68002698
:1016D000EF19BD4206D02878311C00F013F901350E
:1016E000061CF6E7314B34491B680122D868FFF726
:1016F00079FD07230F223240111C36093031092AA7
:1017000000DD07311820C0186A468154013BF1D230
:10171000236806A9D8680822FFF764FD23682749D3
:10172000D8680322FFF75EFD254B7A221A70254BFD
:1017300000221A60244B1B7893422DD01B4B234967
:101740001B680122D868FFF74DFD25E0111C3039D8
:10175000C8B21C4B092804D81D682A01114319601E
:101760001AE0111C4139052903D81E68373A3101A6
:1017700006E0111C6139052904D81868573A01019F
:101780000A4308E02C2A03D10A4A1968116001E0D3
:101790000B490A7000221A600D4B1A6801321A6058
:1017A0000C4B1A680132D5E500400041940200203C
:1017B000F91C000090020020FD1C0000FF1C00002E
:1017C0003C0200209C0200208E000020031D00002F
:1017D000480200203802002010B51C4B01201A7866
:1017E000032402431A701A4B0F221978914319707F
:1017F00019782143197017490C782043087019781B
:101800000A401A701A7830210A431A70124B80214C
:101810001A6A0A431A62114B114A5A805A7852B214
:10182000002AFBDBC4220F480F499203FEF756FF44
:101830000E4A002313700E4A13700E4A13700E4A9C
:1018400013700E4A13700E4A137010BDD644004137
:10185000BB440041D744004100040040000C00405C
:1018600019400000001C00422AF60000A4020020DB
:101870002B030020A5020020A80200202C0300203A
:101880002903002008B5C1B20248FEF755FF012028
:1018900008BDC046001C0042024B187E4007C00F26
:1018A0007047C046001C004208B5FFF7F5FF00284E
:1018B000FBD00248FEF746FF08BDC046001C0042B0
:1018C00008B5FFF7E9FF0023984205D0FFF7ECFFCA
:1018D000031C233B5A425341181C08BD70B5041C1D
:1018E0000D1C4618B44204D02078FFF7CBFF01341A
:1018F000F8E7281C70BD10B5041CFFF7D5FF207059
:10190000012010BD0B0A5840034B4000C05A090289
:10191000484080B27047C046361D0000F0B53E4ECC
:1019200085B0002203900C1C32703C4B914201D1D7
:10193000012201E03A490C801A707F231C4201D039
:1019400080349C43FFF7B0FF3378C0B2002B07D040
:1019500000253570FFF7A8FF3378C0B2AB4236D10F
:10196000432803D0712853D01528EBD101230093CD
:101970000120FFF787FF0098FFF784FF009980257B
:10198000C843C0B2FFF77EFF039B00270293244A9F
:101990001388002B1DD1214901930978002918D102
:1019A0000198FFF76FFF391C0198FFF7ABFF013D6E
:1019B000071C002DEBD1000AC0B2FFF763FFF8B29D
:1019C000FFF760FFFFF770FF3378002B0AD0357008
:1019D0001FE00299013B09781380029B01910133BA
:1019E0000293DDE7C0B2062807D1009B03990133BB
:1019F000DBB280310093803C0391002CB8D10420ED
:101A0000FFF740FFFFF750FF044B01251C7000E07B
:101A10000025281C05B0F0BD290300202A03002062
:101A2000A6020020F7B50024051C0F1C261CBC4292
:101A300020D0FFF739FF114BC0B21B780190002B6B
:101A40001AD1311CFFF75EFF0D4B061C1A88002AC5
:101A500004D10C4A11782A1C002907D001996A1C6C
:101A60002970802F02D11988013919800134A4B25C
:101A7000151CDCE7301C00E00120FEBD290300201E
:101A8000A60200202A030020F0B5384C87B00023BE
:101A900001902370994201D1012301E0344A118061
:101AA000344A642613704320FFF7ECFE324FFFF7F1
:101AB000F3FE002803D1002F03D0013FF7E7002FEA
:101AC00003D1013E002EEED14DE00125FFF7ECFEE3
:101AD0002378002B38D1C0B20290012805D0042809
:101AE0003DD10620FFF7CEFE39E005AE0221301CC5
:101AF000FFF798FF01988021FFF794FF2378039068
:101B0000002B18D1FFF7D0FE0702FFF7CDFEBFB2C2
:101B100023783F18BFB2012B0DD0039B9F4207D102
:101B20003378AB4204D1EB437278DBB29A4204D0F3
:101B30001820FFF7A7FE002303E00620FFF7A2FE10
:101B4000029B2278002A02D0002626700BE0012B8F
:101B500005D1019A6B1C8032DDB20192B6E7054ACD
:101B6000002313700126301C07B0F0BD29030020AC
:101B7000A60200202A03002000350C00002934D0E2
:101B80000123002210B488422CD301242407A1424F
:101B900004D2814202D209011B01F8E7E400A1420C
:101BA00004D2814202D249005B00F8E7884201D3A7
:101BB000401A1A434C08A04202D3001B5C0822437F
:101BC0008C08A04202D3001B9C082243CC08A042F0
:101BD00002D3001BDC082243002803D01B0901D0DC
:101BE0000909E3E7101C10BC7047002801D0002051
:101BF000C04307B4024802A14018029003BDC0468A
:101C0000190000000029F0D003B5FFF7B9FF0EBCA2
:101C10004243891A1847C0467047C04610B5002392
:101C2000934203D0CC5CC4540133F9E710BD031CCC
:101C30008218934202D019700133FAE770470023EB
:101C4000C25C0133002AFBD1581E7047F8B5C0466C
:101C5000F8BC08BC9E467047F8B5C046F8BC08BC46
:101C60009E4670470403090441726475696E6F20D3
:101C70004C4C430041726475696E6F204D4B52208D
:101C800057414E2031333130000000001201000274
:101C9000020000404123590000020102000100003F
:101CA00008000000100000002000000040000000BC
:101CB000800000000001000000020000000400009D
:101CC00085180000A918000099180000DD18000010
:101CD000F71800001D190000891A00007600200086
:101CE00041707220333020323031390031323A3491
:101CF000313A353700580A0D00590A0D005A0023B1
:101D00000A0D003E00322E30000000000D110000D0
:101D10002911000045110000691100008511000023
:101D200069110000AD1100005B41726475696E6F4E
:101D30003A58595A5D000000211042206330844017
:101D4000A550C660E770088129914AA16BB18CC18A
:101D5000ADD1CEE1EFF13112100273325222B55201
:101D60009442F772D662399318837BB35AA3BDD3DA
:101D70009CC3FFF3DEE36224433420040114E664D1
:101D8000C774A44485546AA54BB528850995EEE52A
:101D9000CFF5ACC58DD55336722611163006D776E1
:101DA000F6669556B4465BB77AA719973887DFF77A
:101DB000FEE79DD7BCC7C448E5588668A7784008A9
:101DC000611802282338CCC9EDD98EE9AFF94889CA
:101DD00069990AA92BB9F55AD44AB77A966A711A41
:101DE000500A333A122AFDDBDCCBBFFB9EEB799B1A
:101DF000588B3BBB1AABA66C877CE44CC55C222C91
:101E0000033C600C411CAEED8FFDECCDCDDD2AAD69
:101E10000BBD688D499D977EB66ED55EF44E133E20
:101E2000322E511E700E9FFFBEEFDDDFFCCF1BBFB9
:101E30003AAF599F788F8891A981CAB1EBA10CD193
:101E40002DC14EF16FE18010A100C230E32004509B
:101E5000254046706760B9839893FBA3DAB33DC30E
:101E60001CD37FE35EF3B1029012F322D2323542EB
:101E7000145277625672EAB5CBA5A89589856EF59E
:101E80004FE52CD50DC5E234C324A014810466743B
:101E9000476424540544DBA7FAB79987B8975FE7EE
:101EA0007EF71DC73CD7D326F2369106B01657668B
:101EB0007676154634564CD96DC90EF92FE9C89976
:101EC000E9898AB9ABA94458654806782768C018DB
:101ED000E1088238A3287DCB5CDB3FEB1EFBF98B4E
:101EE000D89BBBAB9ABB754A545A376A167AF10A2B
:101EF000D01AB32A923A2EFD0FED6CDD4DCDAABD5E
:101F00008BADE89DC98D267C076C645C454CA23C7A
:101F1000832CE01CC10C1FEF3EFF5DCF7CDF9BAF2D
:101F2000BABFD98FF89F176E367E554E745E932ECA
:101F3000B23ED10EF01E00000000000001140000AF
:101F4000090243000201008032090400000102027C
:101F500000000524001001042402000524060001ED
:101F60000524010001070583030800FF090401009F
:101F7000020A000000070581024000000705020276
:101F80004000000000C201000000080069000000DD
:081F9000410000000000000008
:1020000000800020F1860000D9860000D9860000FB
:1020100000000000000000000000000000000000C0
:10202000000000000000000000000000D986000051
:102030000000000000000000D98600004587000075
:10204000D9860000D9860000D986000071580000AA
:102050007D7D0000D9860000D9860000DD86000065
:10206000D9860000D9860000D986000025510000DD
:10207000D9860000215E0000115E0000D9860000B4
:10208000D9860000D9860000D9860000D9860000D4
:1020900000000000D9860000D98600003D580000ED
:1020A000D9860000D9860000D9860000D9860000B4
:1020B0000000000010B5064C2378002B07D1054B1B
:1020C000002B02D0044800E000BF0123237010BDA4
:1020D000900200200000000030100100044B10B5F9
:1020E000002B03D00349044800E000BF10BDC046E8
:1020F00000000000940200203010010070B5054C73
:1021000025000C3C543528000C3D06F083F8A54210
:10211000F9D170BDCC04002010B5064C203C200045
:102120000C3006F077F8200006F074F8024B9C4261
:10213000F4D110BD2C0600202C05002070B5094DEF
:10214000094C303D2000183006F064F820000C30B7
:1021500006F060F82000303C06F05CF8AC42F1D1AB
:1021600070BDC0464C0300209C04002070B506F0F2
:10217000FDFA0825084C094B44430F20E41806F0EB
:1021800045FD013D6040002DF4D10300044A0921C2
:1021900004480AF0A1FC70BD0D6619005FF36E3CA7
:1021A0005CF5000004000020F0B595B06E46264DA9
:1021B0003200296928006B6903F0BCFD234C244FD1
:1021C000230007CE07C307CE07C307CE07C3326875
:1021D0001A602368BB4234D0261D2422002130001F
:1021E00009F074FC07221B49300027600AF0FEFC4E
:1021F0000722194919480AF0F9FC2000072218495A
:1022000014300AF0F3FC03232377164B0AAE236243
:10221000330007CC07C3114C07CC07C307CC07C357
:10222000226828001A606A69296903F071FD29692A
:1022300028006B69320003F01BFD0B490B4805F0C9
:10224000B3FE15B0F0BDC04600030020D40200204C
:1022500056EEFFC02AF500002EF50000E002002037
:1022600032F50000E093040036F50000CC110020A8
:1022700030B58BB06C460D4B0D4A1A60220023CB53
:1022800023C223CB23C223CB23C21B68094D136077
:102290006A692969280003F03BFD6B6922002969FE
:1022A000280003F0E5FC0BB030BDC046D40200208E
:1022B00056EEFFC00003002070B52C4C2C492000C6
:1022C00005F072FE2B49200005F048FE2A4D200043
:1022D000291D05F069FE2949200005F03FFE29006F
:1022E00020000C3105F060FE2549200005F036FE87
:1022F00029002000143105F057FE2249200005F086
:102300002DFE6B1DDB7F2049002B00D11F492000D3
:1023100005F04AFE1E49200005F020FE297F0A2212
:10232000200005F0ACFE1B49200005F017FE6B7F76
:102330001549002B00D11549200005F035FE16493E
:10234000200005F00BFEFA21286A890006F004FE41
:102350000A220100200005F082FE1049200005F04D
:1023600023FE0F49200005F01FFE70BDCC11002098
:10237000C2F50000E6F50000D4020020F6F50000EA
:1023800006F6000016F60000B7F50000BCF50000E8
:1023900026F6000036F6000046F6000056F600006D
:1023A00059F6000070B5050000240C263300634385
:1023B00005482900C01806F0A0F8002802D1013411
:1023C000082CF3D170BDC046CC04002001000C20C5
:1023D00010B5094C23685843084B181805F0CFFF77
:1023E0002368074A0133134004D50822013B5242B7
:1023F00013430133236010BDFC020020CC040020F5
:1024000007000080F0B5836887B006000D00002B40
:1024100067D08B68002B64D0444C03A8043421009F
:1024200005F047FF03A9300006F067F8070003A88E
:1024300005F0F0FE002F54D1210003A805F039FF6C
:1024400003A9280006F059F8070003A805F0E2FEEA
:10245000002F46D1364C7B0101931B1900931B7F43
:10246000002B2ED10137082FF4D100235A01A718D1
:1024700000923A7F002A36D13100380005F07FFF04
:10248000009829000C30201805F079FF06F068F953
:102490000123B8613B77274903A805F00AFF310003
:1024A00003A805F0F2FF244905F0FCFF290005F020
:1024B000ECFF0100214805F06DFD03A805F0AAFE20
:1024C0000FE03100009806F018F80028CAD00198F3
:1024D00029000C30001905F052FF06F041F9009B6D
:1024E000986107B0F0BD0133082BBFD10027073B2F
:1024F00059017A016118A21889699269914200D242
:102500001F000133082BF3D17B01E718310038009D
:10251000009305F034FF009829000C30201805F0D6
:102520002EFF06F01DF9B861DBE7C046D40200209B
:102530002C0500200DF5000024F50000CC11002032
:10254000F8B505000E0000240C4FE019037F002BA6
:102550000CD0310005F0D1FF002807D021000C314C
:10256000C919280005F01BFF2800F8BD802320347E
:102570005B009C42E8D13100F3E7C0462C05002007
:10258000F0B500231700302289B0254D009001914D
:1025900016005E43741921002C31029109780391D1
:1025A000002934D10099200005F0E9FE30000C30FC
:1025B0000199401905F0E3FE300018303900401948
:1025C00005F0DDFE06F0CCF8039B029AA36201231E
:1025D00060621370134905A805F06BFE009905A809
:1025E00005F053FF104905F05DFF019905F04DFF1F
:1025F0000E4905F057FF390005F047FF01000C4870
:1026000005F0C8FC05A805F005FE09B0F0BD0133D2
:10261000082BBDD10749064805F0C6FCF5E7C046C2
:102620004C030020C0F40000D7F40000E1F40000E7
:10263000CC110020E5F4000070B505000024302620
:10264000300060430200094B2C329A5C002A05D10D
:102650000134082CF4D10124644205E0C01829009B
:1026600005F04BFF0028F3D0200070BD4C03002084
:10267000072806D8302343430248C01800232C30D3
:10268000037070474C030020F7B5002706000D00CB
:102690003C000192019B22002C2128009F420CDA71
:1026A00005F06FFF002805DA0949300005F001FE4A
:1026B0003000FEBD441C0137ECE705F062FF031E4D
:1026C00000DAAB6822002900300005F0C9FFEFE70F
:1026D000CE0B010070B50D0004005F21280005F04D
:1026E0005FFF061E05DA0949200005F0E2FD200023
:1026F00070BD02002C21280005F06CFF3300421C45
:102700002900200005F0ACFFF1E7C046CE0B010028
:102710007FB50D000600124901A805F0CAFD01A908
:10272000280005F095FF040001A805F073FD002CBA
:1027300006DA0C49300005F0BCFD300004B070BD75
:10274000053422002C21280005F01BFF031E00DAAF
:10275000AB6822002900300005F082FFEDE7C0469B
:1027600048F80000CE0B0100F0B50D00160087B050
:102770004E49040003A805F09CFD290003A805F0BC
:1027800084FE4B4905F08EFE310005F07EFE01000F
:10279000484805F0FFFB03A805F03CFD464928002A
:1027A00005F0B9FE4549071E0BD14549280005F043
:1027B000B2FE019000281AD0B368013B062B06D95F
:1027C0004049200005F075FD200007B0F0BD3E4DEA
:1027D0000722280031680C300AF008FA3B4BEF74EE
:1027E0000535EF771F60FFF743FD3949E9E73949C0
:1027F000280005F090FE00280ED0B368013B062BA0
:10280000DED8314D07222800316814300AF0EEF985
:102810006B461B79EB76E6E72F49280005F07BFE37
:10282000002808D0300005F039FF431E042BC7D81C
:10283000254B1877D7E72949280005F06CFE0028BA
:102840000DD0300005F02AFF254B26499842B8DD0F
:10285000254B26499842B4DC1B4B1862C3E7244938
:10286000280005F058FE061E06D00122164B5A77A6
:10287000FFF7FEFC1F49A4E71F49280005F04BFEA7
:10288000002802D0104B5E77F2E71C49280005F0C3
:1028900042FE0028EED11A49280005F03CFE1949F5
:1028A000002800D18DE7FFF707FD9EE78EF70000B7
:1028B000A5F70000CC110020ABF70000B0F7000036
:1028C000B5F70000C0F70000D40200201C03002070
:1028D000CCF70000CFF70000DAF70000E4F70000C3
:1028E0000F270000F1F70000005C2605FFF700004D
:1028F0000CF8000014F8000025F800002CF8000087
:1029000033F8000038F8000070B504000E00150020
:1029100029498AB00C3104A805F0CBFC04A907A80A
:1029200005F03DFD254907A805F0BCFD210005F097
:10293000ACFD234C210005F0B5FD310005F0A5FDEF
:10294000210005F0AFFD290005F09FFD010001A861
:1029500005F025FD07A805F05DFC04A805F05AFC6C
:10296000184C1949200001F041FF78211E2005F084
:1029700034FA05F02BFF0021200002F03DF901A9F7
:10298000200005F0E4FA0021200001F0ADFE0F491F
:1029900007A805F08EFC01A907A805F076FD010047
:1029A0000B4805F0F7FA07A805F034FC01A805F07C
:1029B00031FC0AB070BDC046D4020020CDFA000040
:1029C00050F70000740600204058E536D3FA0000A6
:1029D000CC11002030B50D00140087B0010003A811
:1029E00005F0DDFC234903A805F05CFD290005F096
:1029F0004CFD214905F056FD210005F046FD010082
:102A0000684605F0CCFC03A805F004FC1B4C1C49EF
:102A1000200001F0EBFE2000182101F0D9FF502129
:102A2000142005F0DAF905F0D1FE0021200002F0B3
:102A3000E3F86946200005F08AFA0021200001F041
:102A400053FEC0212000490001F0C2FF0D4903A838
:102A500005F02FFC694603A805F017FD01000A48A0
:102A600005F098FA03A805F0D5FB684605F0D2FBFF
:102A700007B030BDC6F8000050F700007406002013
:102A80004058E536CCF80000CC11002030B587B0B6
:102A9000012201006846FFF7F7FD114903A805F080
:102AA00008FC03A9684605F060FD0024050003A8A2
:102AB00005F0B0FBA5420DD10A49684605F02BFD93
:102AC0000134002806D10849684605F024FD444237
:102AD00044410234684605F09DFB200007B030BD3C
:102AE0004EFE000044F8000099F90000F0B5040023
:102AF0009DB00E00151C0100022201A8FFF7C4FDC5
:102B00002100032204A8FFF7BFFD2100042207A82B
:102B1000FFF7BAFD052221000AA8FFF7B5FD7D49A0
:102B200013A805F0C6FB01A913A805F0AEFC7A496D
:102B300005F0B8FC04A905F0A8FC784905F0B2FC42
:102B400007A905F0A2FC764905F0ACFC0AA905F03E
:102B50009CFC744905F0A6FC04000A22310016A86A
:102B600005F0D7FB16A9200005F08FFC6E4905F093
:102B700099FC04000122291C19A805F025FC19A9BB
:102B8000200005F082FC694D0100280005F002FAE2
:102B900019A805F03FFB16A805F03CFB13A805F0AB
:102BA00039FB634F19A83E1D310005F082FB19A9BE
:102BB00001A805F0A2FC040019A805F02BFB002CCD
:102BC0004BD004A8FFF7EEFB002817D05949280086
:102BD00005F0EAF9310016A805F06BFB564919A873
:102BE00005F067FB16A819AA04A9FFF78DFE19A81E
:102BF00005F010FB16A805F00DFB35E00AAA07A9A1
:102C000016A8FFF7B1FD04A8FFF7E0FB310019A8F3
:102C100005F04FFB16AA04A919A8FFF775FE19A81D
:102C200005F0F8FA454919A805F043FB19A916A8BB
:102C300005F0CBFC040019A805F0ECFA002CD9DB58
:102C4000FA20400005F0C2FDBFF34F8F3C4B3D4AD8
:102C5000DA60BFF34F8FC046FDE77B7F002B11D1B9
:102C60003949280005F0A0F90AA805F0D3FA07A809
:102C700005F0D0FA04A805F0CDFA01A805F0CAFACB
:102C80001DB0F0BD01A90DA8FFF75AFC04A913A8B7
:102C900005F085FB2D4D13A8290005F003FC07A9BD
:102CA00005F0F3FB0C9B0600002B2ED0290016A884
:102CB00005F0FFFA0AA916A805F0E7FB010019A81C
:102CC00005F06DFB012419A9300005F0DEFB0100C1
:102CD00010A805F064FB19A805F09CFA002C02D09E
:102CE00016A805F097FA13A805F094FA10AA01A9FE
:102CF0000DA8FFF76FFE10AA01A90DA8FFF740FC71
:102D000010A805F087FA0DA875E7114919A805F074
:102D1000D0FAD8E79DF60000BBF60000C3F600002D
:102D2000A5F70000C9F60000D2F60000CC11002083
:102D3000D4020020D8F6000002F7000017F80000C7
:102D400000ED00E00400FA0509F7000050F700006C
:102D5000CE0B0100F0B50700002585B02E00194C00
:102D60002C3636193378002B24D0390001A805F011
:102D700016FB154901A805F095FB0100200018304D
:102D8000401905F0F2FB040001A805F043FA002CFD
:102D900010D000230D49337001A805F08AFA3900DC
:102DA00001A805F072FB0100094805F0F3F801A83D
:102DB00005F030FAC02330355B009D42CED105B01E
:102DC000F0BDC0464C03002050F700007BF6000029
:102DD000CC11002010B590B001000400032201A81E
:102DE000FFF752FC039B002B02D001A8FFF7B2FFB4
:102DF0002C21200005F0D4FBA368421C210004A86C
:102E000005F02EFC25490AA80C3105F052FA0AA952
:102E10000DA805F0C4FA22490DA805F043FB04A94A
:102E200005F033FB010007A805F0B9FA0DA805F07D
:102E3000F1F90AA805F0EEF91A4C1B49200001F03F
:102E4000D5FC78211E2004F0C8FF05F0BFFC00214E
:102E5000200001F0D1FE07A9200005F078F800213C
:102E6000200001F041FC11490DA805F022FA07A944
:102E70000DA805F00AFB01000D4805F08BF80DA820
:102E800005F0C8F907A805F0C5F904A805F0C2F9CE
:102E900001A805F0BFF910B010BDC046D402002053
:102EA00050F70000740600204058E536E2F80000B4
:102EB000CC11002030B585B00500FFF7BDFB041E26
:102EC00023DB134901A805F0F4F9290001A805F056
:102ED000DCFA104905F0E6FA01000F4805F05AF84F
:102EE00001A805F097F930206043020001000B4B68
:102EF00018320C31C018D218C918FFF76BFD142016
:102F000005F064FC2000FFF7B3FB05B030BDC04600
:102F1000ECF90000F9F90000CC1100204C0300206E
:102F2000F0B5254C8DB0237D002B43D02600002525
:102F30000C3601AF08223100380009F057FE082294
:102F40001E493000FD7109F051FE082239001B486E
:102F5000E57409F04BFE0534A575E37F5A425341F1
:102F6000E377174B1D60FFF783F9164903A805F0B7
:102F7000A0F9310006A805F09CF906A903A805F000
:102F800084FA114905F08EFA04000C4909A805F0ED
:102F900090F909A9200005F078FA01000B4804F027
:102FA000F9FF09A805F036F906A805F033F903A8DA
:102FB00005F030F90DB0F0BDD4020020E802002089
:102FC0001C030020C8F90000DEF90000CC1100202D
:102FD000F8B528222B492C4802F032FE01222B4B57
:102FE00052421A602A4A00255A6001221D725A7202
:102FF0004021284802F0AAF8274802F019F9274C86
:103000002748210040190C3505F053F9602DF6D101
:10301000244F25493A00002005F08CFF0026234D5F
:103020002100701905F045F928000C3080192100A5
:1030300005F03FF9802320365B009E42EFD13A0035
:103040001B49002005F076FF00261A4D2100A81923
:1030500005F02FF928000C308019210005F029F91E
:10306000280018308019210005F023F9C0233036DC
:103070005B009E42E9D13A000F49002005F05AFF5B
:10308000F8BDC04600FC000000030020C80200207C
:1030900000093D0020030020AC020020CE0B0100FF
:1030A000CC04002000000020FD2000002C050020A2
:1030B000192100004C0300203D210000FA2370B5C7
:1030C0009B000500984200D21D00184C18492000B2
:1030D00004F044FF0A222900200004F0C0FF154933
:1030E000200004F061FF200003F00EFB200003F03D
:1030F000F3FA2900104802F099FBE121200049026F
:1031000003F0F0F905F02CFB0500200003F03AFB7A
:10311000002805D105F024FB084B401B9842F4D948
:103120000749200004F040FF70BDC046CC110020CC
:10313000E8FA0000F4FA0000EC080020CF070000D5
:10314000F8FA000010B5064C0100200001F0E4FD83
:10315000200001F0EDFD43425841C0B210BDC04611
:10316000B006002070B5040005F0FAFA214A002CE0
:1031700004D113682049C31A8B421CD91060402027
:10318000FFF7E0FF1D4C2378002815D1002B04D059
:103190001B4920701B4804F007FF6120FFF7D2FF96
:1031A000194C002813D12378002B04D01749207024
:1031B000144804F0F9FE70BD002BEED1144802F063
:1031C00009F80028E9D1012312492370E2E72278A7
:1031D000002AF0D1104D01231049280002F062FAB4
:1031E0000028E8D00221280002F055FA01230C49FA
:1031F0002370DDE74403002087130000180300203C
:103200004EF80000CC110020190300208BF80000BC
:103210002003002064F80000AC020020B00600206B
:10322000A0F80000F0B5050093B00020FFF79AFF6A
:10323000744C754E210033680C310133684633609D
:1032400005F037F8694603A805F0A9F86F4903A807
:1032500005F028F907000A22217F06A805F048F8A2
:1032600006A9380005F011F9694905F01BF90700B6
:10327000211D09A805F01DF809A9380005F005F978
:10328000644905F00FF904000A2231680CA805F022
:1032900064F80CA9200005F0F8F85F4905F002F980
:1032A00004005E490FA805F004F80FA9200005F0FE
:1032B000ECF80100280005F072F80FA804F0AAFF4E
:1032C0000CA804F0A7FF09A804F0A4FF06A804F0C6
:1032D000A1FF03A804F09EFF684604F09BFF504E38
:1032E0003378002B37D04F4C1D2221004E4801F07F
:1032F0002FFF002800D07BE0267B637B36021E4335
:10330000A37BE47B1B0249490CA81C4304F0D1FFBA
:103310000A22310009A804F0FCFF09A90CA805F055
:10332000B4F8434905F0BEF806000A2221000FA8B0
:1033300004F0EFFF0FA9300005F0A7F80100280006
:1033400005F07FF80FA804F065FF09A804F062FFFC
:103350000CA804F05FFF374B1B78002B45D0364C90
:10336000200001F0A7FF00283FD0344909A804F04D
:10337000A0FF200002F0B9F80122011C06A805F008
:1033800023F806A909A805F080F82D4905F08AF868
:103390000600200002F097F80122011C0CA805F09D
:1033A00013F80CA9300005F070F8264905F07AF8FA
:1033B0000600200002F072F80A2201000FA804F0B3
:1033C000A8FF0FA9300005F060F80100280005F003
:1033D00038F80FA804F01EFF0CA804F01BFF06A885
:1033E00004F018FF09A804F015FF280013B0F0BD81
:1033F0000023154A154916483370136004F0D4FDB4
:10340000A9E7C046D40200204803002037F7000097
:1034100050F700003AF700003DF7000004000020DC
:1034200018030020210300202003002044F700009F
:103430004BF7000019030020AC02002082F70000C7
:1034400086F700008AF700004403002052F70000CE
:10345000CC110020F8B505000F0016000E4C826854
:103460004168200001F022F82B680021D8B205F055
:1034700087FC3900200000F022FF3100200000F01E
:103480001EFF060028680121C0B205F079FC20006B
:1034900000F08CFF3000F8BD2C06002070B5040051
:1034A0000160C8B2012105F01FFC23680121D8B2D8
:1034B00005F066FC1223002263716833A371793B27
:1034C0002271E2712272637242212000FFF7C2FF73
:1034D000154D06001549280004F040FD21680A2218
:1034E000280004F0B2FD1249280004F037FD0F2E29
:1034F00003D81049280004F031FD310010222800C3
:1035000004F0BDFD0C49122E05D0013EF6B20B4968
:10351000FD2E00D80A49280004F046FD8122200033
:103520001100FFF797FF70BDCC11002000FD0000D7
:103530000BFD00002A1001001FFD000034FD0000FB
:103540006FFD0000F7B5E121674C4902200002F051
:10355000C9FFFA20C00005F039F90121062005F065
:10356000C3FB0021062005F00BFC604E300001F08B
:103570000FFC002005F04AFB04F01EFCFEF7F6FDF0
:10358000FEF712FE5A49200004F00EFD59492000B2
:1035900004F0E4FC584F2000391D04F005FD5749A4
:1035A000200004F0DBFC5649200004F0FDFC5549E6
:1035B000200004F0D3FC390020000C3104F0F4FCAE
:1035C0005149200004F0CAFC7B7F5049002B00D1F8
:1035D0004F49200004F0E8FC4E49200004F0BEFCF6
:1035E000397F0A22200004F04AFD4B49200004F0F4
:1035F000DBFC4A4801F0EEFD002806D10122484BD1
:10360000484920001A7004F0CFFC474D01230022E6
:103610003100280002F046F800280AD00122434B6E
:10362000022128001A7002F036F84149200004F007
:10363000BBFC05F095F83F4B1860052301933E4D08
:103640003E49280001F039FA061E07D13C49200006
:1036500004F0AAFCFA20800005F0B8F8019B013BB9
:103660000193002B14D1002E14D13649200004F010
:103670009BFC200003F048F8334805F0A7F8BFF39F
:103680004F8F324B324ADA60BFF34F8FC046FDE7AF
:10369000002ED4D00921280001F0EFF82D49280090
:1036A00001F01CF93421280001F0A0F9C021280004
:1036B000490001F08DF9280001F09EF901220E2148
:1036C000280001F0E6F97B7F002B0BD00421224873
:1036D000FFF7E4FE0021280001F0F6FA1F49200060
:1036E00004F062FCF7BDC046CC110020B0060020FB
:1036F000CCFD0000F3FD0000D402002007FE000016
:103700000400002015FE000029FE00009DFD0000C1
:10371000B6FD000041FE0000CDFD000020030020AA
:103720001803002050FE0000AC0200201903002006
:1037300062FE000044030020740600204058E53675
:1037400073FE000098FE00001027000000ED00E06E
:103750000400FA0548E80100C8020020C7FE000086
:103760008122F8B504000F001100FFF773FE02205C
:1037700005F02CF8FF2292212000FFF76BFE872234
:1037800081212000FFF766FE04F0EAFF0425060011
:1037900004F0E6FF801BB8420AD20022122120006A
:1037A000FFF758FE284210D1642005F031F8EFE70A
:1037B0000025FF2292212000FFF74CFE81222000ED
:1037C0001100FFF747FE2800F8BD01250540F0E78E
:1037D000F0B59FB004000D00161CFFF757F9002844
:1037E00000D02BE19E4915A804F063FD210015A827
:1037F00004F04BFE9B4904F055FE07000A22290005
:1038000018A804F086FD18A9380004F03EFE964979
:1038100004F048FE07000122311C1BA804F0D4FD6F
:103820001BA9380004F031FE0100904804F0B2FBFF
:103830001BA804F0EFFC18A804F0ECFC15A804F099
:10384000E9FC21006846FEF745FF210003A8FEF7CA
:103850005FFF059B03A9002B00D1694606A804F071
:103860009EFD029B002B03D006A96846FEF7CAFD09
:1038700006A8FFF71FFB2C21200004F091FEA3688F
:10388000421C210009A804F0EBFE794C12A821008B
:103890000C3104F00EFD12A90FA804F080FD75494B
:1038A0000FA804F0FFFD09A904F0EFFD724904F030
:1038B000F9FD0700211D15A804F0FBFC15A938002F
:1038C00004F0E3FD6D4904F0EDFD04000A22290037
:1038D00018A804F01EFD18A9200004F0D6FD6849C0
:1038E00004F0E0FD04000122311C1BA804F06CFD73
:1038F0001BA9200004F0C9FD01000CA804F04FFD35
:103900001BA804F087FC18A804F084FC15A804F098
:1039100081FC0FA804F07EFC12A804F07BFC594C3B
:103920005949200000F062FFC821322004F055FA06
:1039300004F04CFF0021200001F05EF90CA92000EA
:1039400004F005FB0021200000F0CEFE4F491BA82B
:1039500004F0AFFC0CA91BA804F097FD010043483C
:1039600004F018FB1BA804F055FC04F0F9FE050058
:1039700004F0F6FE464B401B984246D8414F0021CA
:10398000380001F059F90028F2D0424915A804F096
:1039900090FC380000F078FE04003800002C06D0BF
:1039A00000F07AFEC1B215A804F066FDF1E700F060
:1039B00045FE0600380000F057FE220015A9071C3E
:1039C00018A8FEF761FE2A491BA8043104F071FC17
:1039D0001BA918A804F091FD041E06D015A8FFF736
:1039E00055F8013844424441E4B21BA804F012FCEB
:1039F00018A804F00FFC002C1CD015A83A1C3100AC
:103A0000FFF774F815A804F005FC1F491D4800F0E5
:103A1000EDFE0CA804F0FEFB09A804F0FBFB06A8D1
:103A200004F0F8FB03A804F0F5FB684604F0F2FB91
:103A30001FB0F0BD15A804F0EDFB99E7012809D1EE
:103A4000321C29002000FFF751F80F490D4800F003
:103A5000CDFEEDE70228EBD12000FFF7BBF9F4E73C
:103A600033F900004CF9000055F90000CC1100209A
:103A7000D402002050F7000048F800005BF9000075
:103A800062F90000740600204058E53668F900002D
:103A900057020000CE0B0100F0B5464D8DB04649EF
:103AA000280004F081FA6846FFF7BCFB434C444908
:103AB000200000F09BFEC821322004F08EF904F0B3
:103AC00085FE0021200001F097F86946200004F0EF
:103AD0003EFA0021200000F007FE3A4909A804F050
:103AE000E8FB694609A804F0D0FC0100280004F0B6
:103AF00051FA09A804F08EFB04F032FE050004F030
:103B00002FFE314B401B984246D82C4F00213800E5
:103B100001F092F80028F2D02C4903A804F0C9FB68
:103B2000380000F0B1FD04003800002C06D000F091
:103B3000B3FDC1B203A804F09FFCF1E700F07EFDE5
:103B40000600380000F090FD220003A9071C06A81B
:103B5000FEF79AFD1E4909A8043104F0AAFB09A941
:103B600006A804F0CAFC041E06D003A8FEF78EFFC8
:103B7000013844424441E4B209A804F04BFB06A8D2
:103B800004F048FB002C10D003A83A1C3100FEF7CB
:103B9000ADFF03A804F03EFB0949084800F026FEEB
:103BA000684604F037FB0DB0F0BD03A804F032FB0B
:103BB000A5E7C046CC110020FEF8000074060020E6
:103BC0004058E5361AF9000057020000CE0B0100FC
:103BD000D4020020F0B5514D8DB032212800FFF7FE
:103BE000BFFD4F4C00282ED1802281212800FFF7F5
:103BF00031FCC82004F00CFE022004F0E7FDFA209E
:103C00008000FFF75BFA200000F0E4FD022004F0E2
:103C1000DDFD4449200000F0E9FDC02120004900FD
:103C200000F0D6FEFA21404A890013685B18136041
:103C30003E4A126A934204D300223B4B1A60FFF7BC
:103C40002BFF0DB0F0BD3A493A4804F0ADF93549C3
:103C5000200000F0CBFD0021200001F035F804F039
:103C60007FFD050004F07CFD334B401B984250D88B
:103C70000021200000F0E0FF0028F3D02F4903A826
:103C800004F017FB200000F0FFFC06002000002ECF
:103C900006D000F001FDC1B203A804F0EDFBF1E78E
:103CA00000F0CCFC0190200000F0DEFC320003A903
:103CB000071C06A8FEF7E8FC1C4909A8043104F01B
:103CC000F8FA09A906A804F018FC060009A804F0EF
:103CD000A1FA002E16D03A1C019903A8FFF778FD2F
:103CE00006A804F097FA03A804F094FA04F038FD4B
:103CF0000D4B1A68551B281818600C4B1B6A98420C
:103D00009FD399E706A804F085FA03A804F082FA85
:103D1000A8E70B49074804F047F9E7E7C802002085
:103D2000740600204058E53640030020D4020020ED
:103D300062F50000CC11002097080000CE0B0100B6
:103D400088F50000FA2070B5764996B0800004F03E
:103D500044F80A22010001A804F0EDFA724D0DA802
:103D600029000C3104F0A5FA0DA910A804F017FBE6
:103D70006E4910A804F096FB0400291D13A804F056
:103D800098FA13A9200004F080FB694904F08AFB2B
:103D900001A904F07AFB010004A804F000FB13A8B9
:103DA00004F038FA10A804F035FA0DA804F032FA3D
:103DB000604C6149200000F019FDC021200049003D
:103DC00000F006FEC821322004F007F804F0FEFCE3
:103DD0000021200000F010FF04A9200004F0B7F833
:103DE0000021200000F080FC544913A804F061FA7F
:103DF00004A913A804F049FB0100514804F0CAF8D3
:103E000013A804F007FA0021200000F05DFF04F081
:103E1000A7FC060004F0A4FC4A4B801B984267D81C
:103E2000444C0021200000F007FF0028F2D0464952
:103E300007A804F03EFA200000F026FC021E07D07E
:103E4000200000F029FCC1B207A804F015FBF2E73E
:103E500007A90AA8FEF718FC291D0DA804F029FAE5
:103E60000DA90AA804F049FB041E1AD0012207A9D3
:103E700010A8FEF709FC354910A804F04CFB041EFD
:103E80000CD0032207A913A8FEF7FEFB01A913A873
:103E900004F033FB040013A804F0BCF910A804F0EC
:103EA000B9F90DA804F0B6F90AA804F0B3F9002C8A
:103EB0001AD0274913A804F0FCF907A913A804F0A5
:103EC000E4FA01001E4804F065F813A804F0A2F912
:103ED00007A804F09FF904A804F09CF901A804F0D5
:103EE00099F9200016B070BD07A804F093F991E786
:103EF000184913A804F0DDF9290010A80C3104F0CA
:103F0000D8F910A913A804F0C0FA01000C4804F075
:103F100041F810A804F07EF913A804F07BF90024FE
:103F2000D9E7C0460F270000D402002078F900002E
:103F300050F70000740600204058E53680F9000074
:103F4000CC110020C3090000CE0B010093F9000042
:103F50009DF90000B0F90000F0B591B0FFF7F2FE56
:103F6000AE4C002800D191E000232360AC4CAD4959
:103F7000200004F019F8FA20C00004F027FC04A87F
:103F8000FFF750F9A84DA949280000F02FFCC821DF
:103F9000322003F022FF04F019FC0121062004F076
:103FA000EFFE0021280000F027FE00260700B042A7
:103FB00008D004A9280003F0CAFF3100280000F04F
:103FC00093FB06000021062004F0DAFE002F00D14A
:103FD0008DE0002E00D18AE095490DA804F069F922
:103FE00004A90DA804F051FA0100200003F0D2FF4B
:103FF0000DA804F00FF91E2004F0E8FB8B492800FF
:1040000000F0F4FB0021280000F05EFE89490DA8B5
:1040100004F04FF996210A2289000AA804F079F9E0
:104020000AA90DA804F031FA834904F03BFA010013
:10403000200003F0AFFF0AA804F0ECF80DA804F08C
:10404000E9F804F08DFB00230600029304F088FBDE
:104050007A4B801B744D984200D9A1E000212800C2
:1040600000F0EAFD0028F1D0754907A804F021F915
:10407000280000F009FB07002800002F5DD000F0A9
:104080000BFBC1B207A804F0F7F9F1E723686D490B
:1040900001330AA8236004F00CF90A22216807A85A
:1040A00004F037F907A90AA804F0EFF9664904F00B
:1040B000F9F905000A2203210DA804F02AF90DA937
:1040C000280004F0E2F90100554803F063FF0DA851
:1040D00004F0A0F807A804F09DF80AA804F09AF8E4
:1040E0002368022B00DC41E7FEF71AFF3EE7574941
:1040F0000AA804F0DEF80A22390007A804F009F93A
:1041000007A90AA804F0C1F9514904F0CBF9070046
:104110000A2231000DA804F0FCF80DA9380004F0C3
:10412000B4F90100200003F035FF0DA804F072F887
:1041300007A804F06FF80AA85BE700F07FFA039085
:10414000280000F091FA3A0007A9051C0AA8FEF71A
:104150009BFA40490DA8043104F0ABF80DA90AA858
:1041600004F0CBF9071E06D007A8FEF78FFC013834
:1041700047424741FFB20DA804F04CF80AA804F0EA
:1041800049F8002F08D02A1C039907A8FEF7AEFCB7
:1041900004F0E6FA0600029707A804F03BF855E79A
:1041A000029B002B03D12C491D4803F0FDFE2B4937
:1041B0002B4803F012FE00270200264B1E6AC3178D
:1041C00092197B411600BB4204DB05D1FA239B0008
:1041D0009E4201D2FA26B6002249200003F0BEFE1C
:1041E000300007F0D5F900221F4B05F081FF0B00CE
:1041F000022102000091200004F004F81B49200075
:1042000003F0D2FE280000F0EBFA3000FEF756FF74
:1042100004A803F0FFFF11B0F0BDC0461C0300204E
:10422000CC1100203AFA0000740600204058E53610
:1042300059FA000089FA00009FFA000057020000B6
:10424000CE0B01001DFA000038FA000070FA0000E1
:1042500083FA0000D4020020A6FA0000983A000079
:1042600068C5FFFFBCFA000000408F40C8FA00009C
:1042700010B5054B5B7F002B02D0FFF7ABFC10BDE8
:10428000FFF76AFEFBE7C046D402002070B50600C7
:104290000C008D18AC4207D0336821789B68300041
:1042A000984720700134F5E770BD7047704710B52E
:1042B0000400406801F0B0FE0023237610BD10B565
:1042C000406801F0CEFE10BDF8B5050040680C0056
:1042D00001F0C2FE2B68E7B2260A9B68012810D1C4
:1042E00039002800FF2798472B68BC4304439B688C
:1042F000310028009847030220003840184380B25C
:10430000F8BD310028009847FF262B680002344092
:1043100004439B68390028009847B4432043EEE7E4
:1043200010B5040004F012FB200010BD10B54B1CAA
:104330000BD0102909D0EFF3108472B6102905DDD7
:1043400002234376002C00D162B610BD0123427EC9
:104350001A43427618224A430449891816228A567B
:104360009340C2691343C361ECE7C04620070100D4
:104370004B1C17D0102915D0437E9B0712D4EFF3A6
:10438000108272B618234B430749C9180123897D4F
:1043900049B28B40C1699943C16100D14176002A7D
:1043A00000D162B67047C04620070100437E002B53
:1043B00005D09A0704D5837E002B00D062B67047E3
:1043C000DB07FCD5C369024A9BB2D360F7E7C0465E
:1043D00000180040037E002B04D143768376C3612E
:1043E00001330376704700007FB5036902AE040015
:1043F0000D00029172608B4203D1828AB3889A4287
:1044000026D0200006223100103007F043FB606800
:1044100001F019FE7379E17A013B581E8341227B3A
:1044200000936068002301F0ABFF33790021013B6A
:10443000DBB2022B01D8074AD15C074B2A009D4210
:1044400000D91A00606801F0CFFD606801F0F1FD4D
:104450007FBDC046F1FE0000001BB70070B51826F6
:104460000400FFF7B7FF33000821207A0D4D4343C6
:10447000EB18595604F0B0FC33000821A07A4343EE
:10448000EB18595604F0A8FC0821607A4643AD1990
:10449000695604F0A1FC044B200006CBFFF7A4FFF3
:1044A00070BDC046200701006C06002007B5437EA2
:1044B00000910192002B07D09A070AD5EFF31083E1
:1044C0005A425341837672B60099019AFFF78CFFE6
:1044D00007BDDB07F8D5C369014A9BB29360F3E7D8
:1044E00000180040F7B500240125194B194A5D71E9
:1044F0001A601C71184B1948083301930360184B5C
:10450000184F4360184B194E038109233A003100BC
:104510004575046104758372063B0476C4720373A7
:1045200004F008FD1248134B019A4360124B457585
:10453000038125233100026004613A00047583720F
:10454000223B0476C472037304F0F4FCF7BDC0464A
:104550006C06002000093D00F4FE00002C0600203F
:10456000A4110020000000200A080000AD42000055
:104570004C060020BC1100202624000000207047BB
:1045800013B56B460268D9710733546819000122CC
:10459000A04716BD70470000FA239B0010B583604A
:1045A0000D4B0021083303600C4B04000361012311
:1045B00043750B4B416083611C23C3611D3B036248
:1045C0002033017543628162C1620163416381638B
:1045D00003F01EFE200010BD58FF0000400D030038
:1045E0004C06002070B504000E001500C3690021C0
:1045F000D8B204F0C5FBA069626903682169DB6970
:104600009847A069310003689B689847A069290012
:1046100003689B6898470500A06903681B6A984770
:10462000E0690121C0B204F0ABFB280070BD7F231C
:1046300010B519400022FFF7D5FF10BD70B51A2143
:104640000500FFF7F4FF0400A86A06F067FF802268
:10465000044BD20504F00CFEA423002800D1073B34
:10466000E01A70BDDD4ABF4110B51921FFF7DFFF29
:1046700040B206F053FF0022024B06F043F907F068
:104680000BF810BD0000D03F10B504001321FFF758
:10469000CEFFE36AC01A10BD036810B51B690400A1
:1046A0009847002807D0E36A00210133E362200025
:1046B000FFF7BDFF10BD01204042FBE710B51E21F2
:1046C000FFF7B5FF001110BD10B51D21FFF7AFFFBB
:1046D0000011092803DC034B8000C05810BD0120E5
:1046E0004042FBE730FF000070B504000D1E06D00D
:1046F000836B002B03D04022C021FFF773FF83227E
:1047000081212000FFF76EFF002D0ED10835122108
:104710002000FFF78CFF284202D104F084F8F6E76E
:10472000082292212000FFF75DFF012070BD70B5C7
:1047300001210400FFF77BFFC043012583070BD055
:1047400012212000FFF773FF08220025104203D03A
:1047500092212000FFF746FF280070BDF7B50D003D
:10476000222114000600FFF762FF03190700FF2B48
:1047700001D9FF24241A2B190193019B9D4206D0D5
:104780002A7880213000FFF72DFF0135F5E73A192F
:104790003000D2B2A221FFF725FF2000FEBD036842
:1047A00070B51B6904009847002810D00D21200027
:1047B000FFF73DFF002106002000FFF738FF05004E
:1047C00032008D212000FFF70DFF280070BD012071
:1047D0004042FBE7812210B51100FFF703FF10BD37
:1047E00010B580228121FFF7FDFE10BD70B50500D8
:1047F0000800A962C917430BC90419430B4A0023D7
:10480000C00404F097FD0400020CD2B228008621F7
:10481000FFF7E8FE220A2800D2B28721FFF7E2FE66
:104820002800E2B28821FFF7DDFE70BD0048E801F4
:10483000F8B50400FFF748FF06002000FFF73EFF31
:10484000262107002000FFF7F2FE01210500B940F4
:10485000300004F00BFC0100FA20800004F006FC9C
:1048600008212A008A43D2B2102801DD0D43EAB2A2
:10487000A6212000FFF7B6FEF8BD70B505000C00BC
:10488000052903DD0C291DDC06291CD1C522B12117
:104890002800FFF7A7FE0C22B7212800FFF7A2FE91
:1048A000062428001E21FFF7C2FE0F222401024029
:1048B0002243D2B29E212800FFF794FE2800FFF782
:1048C000B7FF70BD0C24C322B1212800FFF78AFE78
:1048D0000A22B7212800FFF785FEE2E7F8B50500B8
:1048E000080006F01BFE0022304B06000F000024DB
:1048F00004F0C8FCA04247D100222D4B3000390003
:1049000004F0C0FC013400283ED10022294B3000C5
:10491000390004F0B7FC0134002835D10022264BC1
:104920003000390004F0AEFC013400282CD1002204
:10493000224B3000390004F0A5FC0134002823D1BB
:1049400000221F4B3000390004F09CFC0134002889
:104950001AD100221B4B3000390004F093FC0134C3
:10496000002811D10022184B3000390004F08AFCD5
:104970000134002808D10022144B3000390004F023
:1049800081FC44424441083428001D21FFF74FFEBA
:104990000F22240102402243D2B29D212800FFF7BA
:1049A00021FE2800FFF744FFF8BDC0460078BE4056
:1049B0000050C4400078CE400050D4408084DE4097
:1049C000805CE4408084EE408084FE4080840E4120
:1049D00070B505000C000A12D2B2A021FFF702FE4A
:1049E0002800E2B2A121FFF7FDFD70BD10B5CAB2EB
:1049F000B921FFF7F7FD10BD10B51E210400FFF728
:104A000016FE04220243D2B29E212000FFF7EAFDE7
:104A100010BD10B5040078290ED82D3908000521E5
:104A200004F024FBC2B21F200240013002438B215C
:104A30002000FFF7D7FD10BD1B22F029F3D81E314F
:104A400008000A21ECE770B505000C00112916DDFD
:104A5000142900DD1424CD2187222800FFF7C2FD90
:104A60008C21033C2800FFF7D4FF8022023C5242F5
:104A700022432800D2B28921FFF7B4FD70BD02297C
:104A800000DA0224CD2184222800FFF7ABFD642147
:104A9000E8E710B5002A0DD10E2907DD0E2170229E
:104AA0000A43D2B28921FFF79DFD10BDCA43D21738
:104AB0001140F4E7FFF7C7FFF7E770B504000E00F9
:104AC0001C20012104F010F900211C2004F058F9E9
:104AD0000121212004F008F90021212004F050F9DF
:104AE00001211E2004F000F901211E2004F048F9E4
:104AF000C82003F06BFE00211E2004F041F9C820FD
:104B000003F064FE01211E2004F03AF9322003F084
:104B10005DFEE3690121D8B204F0E6F8E369012102
:104B2000D8B204F02DF9206A431C13D0C0B2012181
:104B300004F0DAF8236A0021D8B204F021F90A203F
:104B400003F044FE236A0121D8B204F019F90A20C7
:104B500003F03CFEA06900250368DB6A9847422108
:104B60002000FFF764FD122828D12000FFF738FE4F
:104B700031002000FFF73AFE2A008E212000FFF7C7
:104B800031FD2A008F212000FFF72CFD0C21200091
:104B9000FFF74DFD03220243D2B28C212000FFF724
:104BA00021FD0422A6212000FFF71CFD1121200079
:104BB000FFF749FF2000FFF70DFE0135280070BD0B
:104BC000002310B51D2103630400FFF730FDFE2212
:104BD0009D2102402000FFF705FD10BD70B50124A6
:104BE0001D2104630500FFF722FD0443E2B2280003
:104BF0009D21FFF7F7FC70BD70B504000D00FFF7B5
:104C000096FD0023984212D12000FFF7E3FD20001B
:104C1000002D0ED0FFF7E2FF00228D212000FFF7CC
:104C2000E1FC0022A2212000FFF7DCFC0123180098
:104C300070BDFFF7C5FFEFE770B50E00122104004D
:104C4000FFF7F5FC05002000002E28DDFFF7C6FF6A
:104C5000F2B2A2212000FFF7C5FC2A009221200019
:104C6000FFF7C0FC60231D40402D1BD10023E362F1
:104C7000236B2221002B00D113212000FFF7D7FC4A
:104C8000102105002000FFF7D2FC8D21020020003A
:104C9000FFF7A8FC2000FFF79DFD280070BDFFF77F
:104CA0008FFFDAE701212000FFF7C1FC00258628ED
:104CB000F3D02A008D212000FFF794FC8622812169
:104CC0002000FFF78FFCE8E770B504000D0000221C
:104CD000C021FFF787FC2000002D0CDDFFF77EFFD1
:104CE000EAB2A2212000FFF77DFC8522812120006D
:104CF000FFF778FC70BDFFF763FFF6E710B50248D9
:104D0000FFF74AFC10BDC0467406002010B50368CA
:104D10009C6B0123A04710BD8C2300229B00C15433
:104D2000103BC3185A609A60DA600123837570479C
:104D300010B5036801211B6B984710BDF8B505003D
:104D40000E0017000024BC4208D02B68315D1B68A0
:104D500028009847002801D00134F4E72000F8BD6E
:104D6000FC30406A704770478E239B00C1507047EB
:104D70008D239B00C15070470300FC335A6A002A00
:104D800003D01B6AC018007E704701204042FBE739
:104D900070B5060018250C49006901F03BFB30692D
:104DA00001F079F92B000821307D084C4343E318CA
:104DB000595604F011F80821707D45436419615675
:104DC00004F00AF870BDC046A0860100200701006B
:104DD00070B504000D00006901F072F92900206926
:104DE00001F018FB206901F056F970BD10B500699B
:104DF00001F066F910BD0000F7B50193FA23802693
:104E0000002504009B008360134B760008330F00DD
:104E100045602900009203603200183006F056FE0B
:104E200023002000FC332530DD6132001D622900A3
:104E30005D62FF3006F04AFE88239B00E3185D6048
:104E40009D60DD606B461B78276123756B461B797F
:104E5000A57520006375FEBD7CFF000070B50600DF
:104E60001825006901F0B1FA306901F014F92B003E
:104E70000821307D064C4343E318595603F0ACFF3C
:104E80000821707D45436419615603F0A5FF70BD8C
:104E90002007010010B50022FFF7E0FF10BD03005E
:104EA000802210B5FC33DC685200944208D05A6866
:104EB00081545A680132D2B25A60DA680132DA603B
:104EC00010BDF7B50400171E019302D1002528007C
:104ED000FEBD03000022FC33DA611A625A620069E7
:104EE000013201F01FF9061EF0D0230020691833AB
:104EF000009301F0AAF901000098FFF7D0FF012507
:104F00002069BD4214D001F07EF900280FD020693D
:104F100001F0E8F80221206901F0EEF8206901F0C3
:104F200094F901000098FFF7BAFF0135E8E70600A1
:104F3000206901F0CFF8019B002B06D0002E06D08F
:104F40000321206901F0D8F8C1E7002EBFD1013D4F
:104F5000BDE7002310B5827D9A420CD088229200D2
:104F60008218D46880225200944204D02530FF3049
:104F7000FFF795FF0123180010BD0300FC33DA682A
:104F8000002A09D09A68805C9A680132D2B29A608D
:104F9000DA68013ADA60704701204042FBE70022FC
:104FA0008C2370B59B00827504000E00C15C006903
:104FB00001F0B8F8002806D10321206901F09CF81F
:104FC0000225280070BD88239B00E318DD68002DB2
:104FD00011D020002530FF302569FFF7CEFFC1B288
:104FE000280001F0E1F80028EDD10321206901F04B
:104FF00083F80325E5E7002EE3D00321206901F0C3
:105000007BF8DEE710B51830FFF7B7FF10BD70B5BD
:105010000400006901F0EEF8002815D0206901F0C5
:1050200000F9002811D0206901F05CF80321206903
:1050300001F062F88E239B00E558002D35D1002346
:10504000FC34E3612362636270BD206901F0F3F810
:10505000002809D0206901F0E9F8002804D020696F
:1050600001F0EEF80028DED0206901F0E4F8002815
:1050700021D1206901F0D0F80028E5D0206901F0A5
:10508000DFF8002833D088239B00E318DB68FF217A
:10509000002B05D020002530FF30FFF76EFFC1B296
:1050A000206901F099F8A075CEE7236820001B69FC
:1050B0009847A847C3E7206901F014F82069032145
:1050C00001F01AF8206901F0BBF80028BCD0882351
:1050D00000229B00E3185A609A60DA600123A375EE
:1050E0008D239B00E3589342AED09847ACE7230052
:1050F000FC335A6A802320695B009A4206D100F093
:10510000E9FF0321206900F0F7FF9DE701F09DF81A
:10511000010020001830FFF7C2FE206900F0E2FF16
:10512000EFE7000010B50248FFF771FF10BDC04661
:10513000B006002010B50C230B2202490248FFF7ED
:105140005BFE10BDAC110020B0060020017070475E
:10515000F8B5114E0C00150040211D223000FFF75C
:10516000D5FD0B273000FFF7FBFDA84208D16519DC
:10517000AC420FD03000FFF745FF20700134F7E755
:10518000013F002F03D0012003F020FBEAE70220BB
:105190004042F8BD0020FCE7B006002070B50D00CD
:1051A000084C01782000FFF7B7FD29002000FFF729
:1051B000D0FE2000FFF7BCFD0023984200D0023B48
:1051C000180070BDB006002010B58821FFF7E6FF7B
:1051D00010BD000070B504000E48FFF7D9FD200097
:1051E000FFF7F2FF051E12D00B4C0C49200002F015
:1051F000B5FE0A223221200002F023FF08492000D8
:1052000002F0ACFE0A222900200002F01EFF280056
:1052100070BDC046B0060020CC110020CCFF0000BD
:105220002E00010010B50368C9B21B68984710BD75
:105230000023002243608360C3600123027443742F
:105240008374C3740276704770B504000D00006863
:1052500061210368DB6A984729122068FFF7E2FFA3
:10526000E9B22068FFF7DEFF206803685B6B9847B0
:10527000002801D0002070BD032003F0A7FA2068A9
:10528000022203686121DB6B9847206803681B6971
:1052900098470028EED0206803685B6998470500AE
:1052A00020682D0203685B699847C0B2284380B22A
:1052B000E1E7000010B50449FFF7C6FF013843429B
:1052C0005841C0B210BDC04602020000F0B5FF2038
:1052D000082531268A1891420FD00B7858402B00B0
:1052E00047B24400E0B2002F01DA7440E0B2013B63
:1052F000DBB2002BF4D10131EDE7F0BDF0B589B0A0
:105300000400FFF7D7FF01900390002800D1ACE024
:105310000023206805930693079303686121DB6AE5
:10532000984703212068FFF77DFF00212068FFF7E1
:1053300079FF206803685B6B9847051E02D0002345
:10534000019392E0032003F041FA206812220368DF
:105350006121DB6B98470600206803681B6998474A
:10536000071E70D02F002068EBB2029303685B69C0
:105370009847C6B2112D3DD00123D822AB4052022E
:1053800013422ED1D822D200134221D11B22134224
:1053900030D0EBB2022B19D803235B1B05AAD654DD
:1053A0000321E8B203F05EFE04ABC9B25E540135DE
:1053B000122DD8D1002F5BD1059B67746360079BCA
:1053C000A774A360069BE774E3604EE00423E4E760
:1053D000EBB2082B03D809235B1B07AADFE70A23DC
:1053E000FAE7EBB20E2B03D80F235B1B06AAD6E716
:1053F0001023FAE7022204A92000FFF767FF0290BA
:105400008642D4D0277E002F1BD01E49606902F04F
:105410009AFD0A22E9B2606902F02DFE1A4960691C
:1054200002F091FD10220299606902F024FE1749F2
:10543000606902F088FD10223100606902F01FFEF1
:10544000B5E7039FB3E7237E002B00D177E7104930
:10545000606902F078FDF1B20A22606902F00BFE89
:105460000C49606902F08CFD0197019809B0F0BD0C
:10547000237E002B00D162E70749606902F080FDBE
:105480005DE7C046770001009B000100A900010014
:10549000B2000100FF0001000601010010B5437CCD
:1054A0000400002B08D0FFF729FF002804D1237C3B
:1054B000002B01D10023636001236068637403F053
:1054C00059FF80B210BD10B5837C0400002B08D0BA
:1054D000FFF714FF002804D1237C002B01D1002307
:1054E000E3600123E068A37410BD10B5C37C040021
:1054F000002B08D0FFF702FF002804D1237C002BEB
:1055000001D10023A3600123A068E37410BD000053
:10551000F7B504000D000068612103681700DB6A1D
:10552000984729122068FFF77DFEE9B22068FFF74F
:1055300079FE206803685B6B9847002801D0002043
:10554000FEBD032003F042F92068032203686121B5
:10555000DB6B9847206803681B6998470028EED0EA
:10556000206801AD03685B6998472870206803686C
:105570005B6998476870206803685B6998472A7878
:105580006B78120213432900C6B23B80022220002E
:10559000FFF79CFE05000120AE42D1D0237E002BF8
:1055A000CDD00949606902F0CEFC10222900606963
:1055B00002F061FD0549606902F0C5FC102231006E
:1055C000606902F05CFDBAE750000100A90001002B
:1055D00073B56B46D1219E1D320009020400FFF70E
:1055E00097FF00280CD0257E002D09D00549606961
:1055F00002F0A9FC31881022606902F026FD280023
:1056000076BDC0463C000100F0B585B00E0003A990
:10561000171215004A70022204000F70FFF756FEA1
:105620000190206861210368DB6A98473112206885
:10563000FFF7F8FDFF2120683140FFF7F3FD390047
:105640002068FFF7EFFDFF2120682940FFF7EAFD02
:105650002068019903681B689847206803685B6BA2
:10566000984743425841C0B205B0F0BD10B50A1E7C
:1056700000D001220149FFF7C7FF10BD065300000B
:1056800010B50A001021FFF7BFFF10BD10B50021B3
:10569000FFF7F6FF10BD0A008C2110B5C901FFF716
:1056A000B3FF10BDF8B50160050016001F00FFF73D
:1056B0008FFF041E02D100242000F8BD002FFBD074
:1056C0002800FFF7E3FF041EF5D002212800FFF7B2
:1056D000E2FF31002800FFF7C9FFEDE7114B124947
:1056E0005A880A405A805A78D209FCD10F4A5A8007
:1056F0005A78D209FCD10E4A5A605A7852B2002A1E
:10570000FBDB8022596892030A435A605A7852B2EE
:10571000002AFBDBC023074A9B0051680B43536000
:105720007047C046000C0040FFBFFFFF0546000069
:10573000060301000040004170B5124801F022F854
:10574000114C002819D0200001F0D2F900200222CB
:105750000E4B0F4D19689143196004212E69314396
:105760002961BFF34F8F30BF19680A431A600028C0
:1057700002D0200001F0C6F970BD200001F000FA4F
:105780000120E4E7CC1100203012002010E000E0FE
:1057900000ED00E0F8B50C00050016001F0000F059
:1057A000CFFAA0420AD2FF2C07D10021280000F036
:1057B000C9F93100280000F07DF8F8BD182216253F
:1057C00062430A4B9B185D576B1CF6D0102DF4D02A
:1057D0003A003100E0B202F039FAFFF77FFF01230F
:1057E000AB40034A51690B435361E6E720070100D0
:1057F00000180040027870B504000E00002A03D1A2
:105800001300FF21FFF7C6FF200000F045F9FA2141
:1058100005008900300003F09FFB4119200000F0D3
:10582000E9F80621200000F031F870BD10B5040041
:10583000FFF7E0FF2000FFF77FFF10BD042310B546
:10584000034A117E0B431376024B5B68984710BDE9
:1058500000400042EC08002010B5024800F004F8B7
:1058600010BDC046EC080020002303707047000004
:10587000044B10B51B68002B00D098470122024B47
:105880001A7210BDF408002000140040037810B50F
:10589000002B0BD00724064B21401A7F0800A2439F
:1058A0001100014319779A7AD209FCD110BDC04684
:1058B00000140040014B19607047C046F4080020F6
:1058C000037810B5002B0BD03F24064B21409A697A
:1058D0000800A2431100014399619A7AD209FCD1D0
:1058E00010BDC046001400400378002B0BD03F20B1
:1058F000054B08409A6905498001114001439961AF
:105900009A7AD209FCD17047001400403FF0FFFFA3
:105910000378002B0BD01F20054B08409A690549DE
:1059200000031140014399619A7AD209FCD1704772
:1059300000140040FF0FFEFF70B51600027804004F
:105940000D00002A0AD01900FFF7BAFF310020002D
:10595000FFF7CAFF29002000FFF7DAFF70BD000043
:105960000378002B0BD01F20054B08409A6905498E
:1059700040041140014399619A7AD209FCD17047E1
:1059800000140040FFFFC1FF0378002B0BD00F2055
:10599000054B08409A69054980051140014399610A
:1059A0009A7AD209FCD1704700140040FFFF3FFCF7
:1059B0000378002B09D0054A880693699901890963
:1059C00001439161937ADB09FCD1704700140040D8
:1059D00070B51D00037804001600002B09D0FFF7F6
:1059E000BFFF31002000FFF7CFFF29002000FFF7A5
:1059F000DFFF70BD037837B50500002B1ED0104BBC
:105A0000994200D21900002368460091019305F0E5
:105A100005FF040043690269C168643B0132DBB2DF
:105A2000D2B2C9B22800FFF7D3FF23686268A16829
:105A3000DBB2D2B2C9B22800FFF77EFF37BDC04645
:105A400080436D38094B0A4A9A605A7852B2002A4C
:105A5000FBDB084A5A605A7852B2002AFBDB064A3E
:105A60005A805A78D209FCD17047C046000C0040D9
:105A70000204000002051100044200000378002B1C
:105A800005D0034B034A5A809A7AD209FCD1704759
:105A9000001400400080FFFF00B58BB0FFF7EEFF61
:105AA00001220F4B52421B69099200220892079271
:105AB0009A0E643206929A01120F013A05929A02E6
:105AC000D20E0492DA03D20E03921A059B06920EAE
:105AD0009B0E01A80292019306F0CAF80BB000BD1C
:105AE000001400400221044B1A888A431A809A7AD3
:105AF000D209FCD17047C046001400400222044B7A
:105B000019880A431A809A7AD209FCD17047C04694
:105B1000001400400122044B19880A431A809A7A23
:105B2000D209FCD17047C046001400400121044B4B
:105B30001A888A431A809A7AD209FCD17047C046E3
:105B4000001400402023F7B500262A4A0F0091696F
:105B500005000B439361284B284A294C9A82B7428F
:105B60000BD1284B3E001A7870231A4205D02388A7
:105B70001B0702D50126236901932800FFF762FF66
:105B80002800FFF7AFFF2800FFF7C4FF63881E4A15
:105B9000134063801D4B2380A37ADB09FCD1C02115
:105BA0001B4A08331360890053581B021B0A5350C9
:105BB0000123E27913430722E371237F9343237781
:105BC000A37ADB09FCD12800FFF798FF2800FFF734
:105BD000ADFF002F0BD1002E09D0019B002B06D06A
:105BE0002361A37ADB09FCD101332B70F7BD842339
:105BF000DB03F5E70004004000080040CE0600008B
:105C00000014004038040040FFBFFFFF080A0000F6
:105C100000E100E010B5054A0549064800F010F81B
:105C20000022054B05491A705A5410BD01040000AA
:105C300000020100FC0C0020F80800200204000013
:105C400030B5094D094CAB685B035B0F9B001C59D9
:105C50000460AB6801619BB243606343A40083604E
:105C6000C460426130BDC0460040004100070100F1
:105C7000F7B580261A4D01916F6803333E439B08A8
:105C80006E60002B2BD0174E2E802E7DF107FCD599
:105C90001E000768991BBF088F4219D9002E17D024
:105CA000FF2117788C433C430F4957780C403F0243
:105CB0003C439778013E39040C4F2740D478BFB25B
:105CC0000F43240601993C4310C101910432E0E7DF
:105CD000074B2B802B7DDB07FCD53300D1E7F7BDCD
:105CE0000040004144A5FFFFFF00FFFFFFFF00FF52
:105CF00004A5FFFF044B054A4908D9611A801A7DA3
:105D0000D207FCD57047C0460040004102A5FFFF06
:105D100070B504000D001600E36829002000B342AE
:105D200005D2FFF7E7FFE368ED18F61AF4E7FFF78F
:105D3000E1FF70BD10B510001A0005F0ABFE10BDFC
:105D40002720704770B5304C3049200000F062FBCE
:105D5000200000F0A0F903210B2003F03DF80321FF
:105D60000C2003F039F800226B21200000F0DAF952
:105D700000280BD00121200000F016FA1B21200082
:105D800000F012FA0321200000F0B6F9642002F0BE
:105D90001DFD00226B21200000F0C4F9002813D162
:105DA00000226B21200000F0BDF9002828D001213D
:105DB000200000F0F9F90B21200000F0F5F9032193
:105DC000200000F099F91BE00821200000F0ECF918
:105DD0000321200000F090F901226B21200000F047
:105DE000A1F90028DCD0200000F02FFA05002000E7
:105DF00000F070F90321200000F07EF92B07CFD5C9
:105E0000200000F05DF970BDAC110020A0860100FB
:105E100010B5024801F05FFE10BDC046140D002011
:105E200010B5024801F057FE10BDC046580F0020C3
:105E300073B51749174800F047F81749174800F09D
:105E400043F81749174800F03FF81749174800F082
:105E50003BF8174C1749200000F036F8164E17494A
:105E6000300000F031F80325012331000193009543
:105E70000D330D22124801F0A7FD00230095019378
:105E80001D221A3321000F4801F09EFD73BDC0464C
:105E9000000800429C110020000C0042A4110020C8
:105EA00000100042AC11002000140042B411002088
:105EB000BC11002000180042C4110020001C004248
:105EC000140D0020580F002000230371016070475B
:105ED0009446F0B59E1E721E964162460568920772
:105EE0002F6836063A4332432A60072505AC2478EA
:105EF0000068A4012940214342680024022B00D0FD
:105F00005C03114321434160F0BD30B5C0250368F7
:105F1000AD031C6812052A402243C0240904A402D0
:105F200021401143196003685A6814435C6030BD16
:105F30000123026811680B43136003681A68D207D3
:105F4000FCD4DA69D207F9D47047022302681168D9
:105F50000B4313600268D3699B07FCD47047026847
:105F6000137E9B0702D40379002BF9D10023037120
:105F70007047002203685A8370470368187E400701
:105F8000C00F70470368187EC009704780230268FD
:105F90005B42117E0B43137670470368588B800772
:105FA000C00F704702230268518B0B435383704725
:105FB0000368187EC007C00F70470368188DC0B211
:105FC000704703681A7ED207FCD589B21985012370
:105FD000037118007047012203689A757047012207
:105FE00003681A757047000070B5012604684B08F5
:105FF00033403140256809075B070B432B4323607F
:1060000004685100034802F0A7FF0138C0B22073B2
:1060100070BDC046006CDC020123026811680B43AE
:10602000136003681A68D207FCD4DA69D207F9D47E
:1060300070470223026811680B4313600268D3693A
:106040009B07FCD470470368DA699207FCD40221ED
:106050001A688A431A607047036818684000C00FC6
:1060600070470268936A5B0A5B0219439162036896
:106070001A7E5207FCD5986AC0B2704701230268A5
:1060800011680B43136003681A68D207FCD4DA69FD
:10609000D207F9D470470223026811680B431360DA
:1060A0000368DA699207FCD430215A8B8A431100C5
:1060B00010220A435A830268D3695B07FCD47047F5
:1060C0000221026813688B4313600268D3699B073F
:1060D000FCD4704780230268DB02116851680B43CF
:1060E00053607047036803491A685A680A405A6047
:1060F0007047C046FFFFFBFF032230B50368114025
:106100001C68074D5A6809042A40E4061143640FCD
:106110005960052C03D10268D3695B07FCD430BDFC
:10612000FFFFFCFF70B5056804006B8B9B069B0F9F
:10613000022B0DD06B8B00209B069B0F032B32D0C4
:106140006B8B9B0704D56B8B9B069B0F012B2AD176
:106150006B6A49001143DB0AC9B2DB020B436B6275
:106160002368002A13D11A7ED207FCD55B8B9B06CD
:106170009B0F022B04D0490800222000FFF7D2FF1A
:106180002368588B4007C30F012058400BE0187E4E
:106190008007C00FF4D11A7ED207F8D5C022596803
:1061A00092020A435A6070BD03682833197002686E
:1061B000107EC007C30F508B002B06D1C007C00F45
:1061C00008D1538B9B07F3D570474007C30F0120BD
:1061D0005840F9E71800F7E7036828331970036897
:1061E00000201A7E520704D5588B01234007C00FA8
:1061F0005840704703681868C006400F043843428F
:106200005841C0B270470368588B8006800F02382F
:1062100043425841C0B270470368187E4007C00F20
:1062200070470368187EC007C00F70470368588B1B
:10623000C006C00F70470368187E8007C00F704704
:106240000368588B0007C00F704703681A68D206AE
:10625000520F052A05D11A7E920702D41A7ED20760
:10626000F9D528331878C0B2704700000368214A76
:1062700030B593422FD0204A93422FD01F4A9342E9
:106280002FD01F4A93422FD01E4A93422FD01E4A2E
:1062900093421FD10E2319220121032599401B4847
:1062A000C024016099082B40AB40FC359D4089001B
:1062B0000918A4000859A843C0259D402B0003439A
:1062C0000B518023DB011A43114B5A805A7852B28A
:1062D000002AFBDB30BD09231422DDE70A23152247
:1062E000DAE70B231622D7E70C231722D4E70D2376
:1062F0001822D1E700080042000C004200100042C2
:106300000014004200180042001C004200E100E0BE
:10631000000C0040F8B504000F0016001D00FFF748
:10632000A5FF2000FFF704FE1C21BB000B407107F6
:106330002268090C0B431360842322689375012F94
:106340001AD11021012E00D008390C4B694318686E
:10635000C00002F001FE0722216802408B8952032F
:10636000DB04DB0C13438B81226803049089DB0C74
:10637000400B400318439081F8BDC0461800002030
:10638000F7B50600019308AB1F780D001400FFF766
:1063900043FE3000FFF76AFFC02224059203144039
:1063A000BA070C2717433C43C0270722BF022D041E
:1063B00033683D4025431D60019B316813401A003E
:1063C00080239B0213434B60F7BD70B504000D00A2
:1063D0001600FFF74BFF2000FFF750FE1C2221683C
:1063E0006D000B6893431A0010231343FF220B60C8
:1063F000236815405D62002E04D001232268516A93
:106400000B4353620723226893752268D3695B07A5
:10641000FCD470BDF8B504000F00FFF727FF200083
:10642000FFF72CFE1422236879001A600C4B2568B4
:106430001E68300002F090FD0A490400300002F0AE
:106440008BFD7D23FA215843C90002F085FDFF230F
:10645000241AE868053C1C4098430443EC60F8BDEE
:106460001800002040420F000020704770B50F2632
:10647000CB1D013902003240D5B22C000009303466
:10648000092A00DD07341C70013B8B42F2D170BD3C
:1064900010B50C000B4B1868FFF7E8FF21000A4B02
:1064A00008311868FFF7E2FF2100084B1031186827
:1064B000FFF7DCFF2100064B18311868FFF7D6FF05
:1064C000202010BD0CA0800040A0800044A08000CF
:1064D00048A0800008B4024B9C46103808BC6047B6
:1064E00091640000704770473F20704713B56B46BA
:1064F0000268D9710733546819000122A04716BDFC
:1065000070B50A260B7892B06E44023305000B700A
:106510003C220021300005F0D9FA394801AC069040
:10652000384824210790062020776846364AA1740F
:106530002281364A364BA281FD3AFF3A8018C17754
:10654000684623390630C17768460730C17702A80C
:10655000C1770720F277032608316944C87703A979
:10656000CE7710212B366E443170092621851F31DC
:1065700069440E700CA9053E0E703321238002235E
:1065800069440B7006360DA90E7022493536A18676
:106590003B216E44307010A86274E27702703D3285
:1065A00069446A440B70137040210022E370237128
:1065B0006371A37341336B44218719705A702B7D2B
:1065C000C039A370A37263770133DBB2A3776A7D0E
:1065D0000B200D0068441543C577312068440370D3
:1065E0003A23501C6B441870412302320A436B4417
:1065F0001A7021004222084800F01AFD12B070BD46
:106600001001042402060524090400000102000010
:10661000080B0000070500003012002008B4024BF0
:106620009C46103808BC604701650000F8B5027D43
:106630000B7904000D0000279A420CD10B784E789C
:10664000A12B0AD1212E06D10100072234311C488A
:1066500000F0EEFC01373800F8BD212BFBD1202ED5
:1066600023D1010007223431154800F023FC962382
:10667000626BDB009A421FD13B342378DB071BD4CB
:10668000FA2002F009FC00210D4800F0D9FD012795
:10669000232EE0D1EB78AA781B021343094A00218C
:1066A0000748136000F0CCFDD5E7222EEFD10300A0
:1066B0008A783B331A70DAE702F0F8FBE3E7C0466A
:1066C000301200201000002008B4024B9C46103805
:1066D00008BC60472D66000010B534300822002148
:1066E00005F0F4F910BD000010B5417D006A0131DC
:1066F00000F018FB034B1B6801335A1E9341181816
:1067000010BDC0461400002010B5417D006A023162
:1067100000F01EFB10BD10B5417D006A023100F093
:10672000E5FA10BD70B50D00417D04001300023183
:106730002A00006A00F0D2FB002801D10123636027
:1067400070BD000010B5054C23685A1C04D10368C5
:106750005B69984703002060180010BD14000020FA
:10676000074A0300106810B5411C03D001235B42A7
:10677000136010BD597D186A013100F05FFBF8E726
:106780001400002070B5050001F0EAFFF423FF3388
:106790000024984207D93B352C780A20631E9C417F
:1067A000E4B202F013F8200070BD0020704770477B
:1067B00070470000FA239B0010B58360114B002244
:1067C000C3820300283383610F4B04004260C2611F
:1067D0001800503323610830631D21622060DA778E
:1067E0000A4A2F3303CA03C38323A362813BE362B4
:1067F0008033236301F06CFB2100103101F03AFB80
:10680000200010BD03020000D00A0100C80A0100E8
:10681000022110B5094B1A68437D5B01D318FF3381
:106820009C7A21439972437D0133DBB25B01D3181B
:106830000122FF33997A0A439A7210BDE8160020AC
:1068400010B502490248FFF7B5FF10BD3012002015
:10685000CC110020704710B5040002F077F820003A
:1068600010BD0000F0B5822919D1C3B2294D5A01DB
:10687000AA189169284C80010C40C0218905214348
:1068800091612649083340187021506128685B01E6
:106890001A5C8A43110030220A431A54F0BD0029C1
:1068A000FCD1C026C1B21B4C4B01E3189A681A4DAB
:1068B000B6052A4032439A60194A800182185A600C
:1068C0000A000727246808325201115DB9430F00FE
:1068D0000121394311559F6910493D4040182E430D
:1068E0009E6158617020115D8143080010210143B1
:1068F000115599680B48A2180840802149030143AB
:1069000099609968890B89039960402311790B4339
:106910001371C3E7E8160020FFFFFF8F5C12002011
:106920001C140020FF3F00F0EFF3108303600123ED
:10693000436072B670470368002B02D162B6BFF3A2
:106940006F8F704773B5836D0400002B1BD1060059
:10695000A83635786846FFF7E7FF019BEDB2013BAB
:1069600002D33578EDB2FAE768460193FFF7E3FF0B
:10697000002D01D1002076BD2300A4331868A03477
:106980002368C01AF7E76846FFF7CEFF220000250C
:10699000019BF432013B02D31578EDB2FAE7684669
:1069A0000193FFF7C8FF002DE4D02300F0331868EF
:1069B000EC34E5E710B5436D4468DBB25A01A21828
:1069C00091680948083308408021490301439160D8
:1069D00091685B01890B890391602268D31840227A
:1069E00019790A431A7110BDFF3F00F0F7B5436DE6
:1069F0004268DBB2190004000831106849014118EF
:106A0000C979C90711D55B01D21893689B049B0C07
:106A10000CD12000FFF7CEFF63681A68636DDBB20C
:106A200008335B01D3187F22DA71F7BDE16D0029CD
:106A300023D12100A4310B6023000125AC33E5658F
:106A400068465360FFF770FF260020002100019B7D
:106A5000A836013BF430F5315A1C33D0357002783A
:106A60005F1ED2B20A700A78002A04D12000019376
:106A7000FFF7A0FFE8E73B00EEE72100F0310B60F5
:106A80000023E3652300603353606846FFF74CFF43
:106A90000125260020002100019BF436013BA8308F
:106AA000F5315A1C0ED0357002785F1ED2B20A70D2
:106AB0000A78002A04D120000193FFF77BFFE8E762
:106AC0003B00EEE768460193FFF735FFA4E737B5D3
:106AD0006B46DC1D00230D00237001F0F9F9210045
:106AE00001F085F92B681818286020783EBD000059
:106AF0000421034B1A6813788B4313707047C04608
:106B0000E81600200078002810D00121084B1B68EF
:106B10001A898A431A810822198B0A431A8304228C
:106B2000198B0A431A830022024B1A607047C04631
:106B3000E8160020E016002010B50F4A93699B0B61
:106B40009B03936113680222FF331A729879823A89
:106B500002439A711A7A9207FCD57F24074A214092
:106B6000937A0800A3431900802301439172917A1C
:106B70005B420B43937210BDE816002000500041A9
:106B80000078002805D0034B1A68012311890B43B4
:106B900013817047E816002010B50C0001F098F939
:106BA000210001F057F9002804D1034A93699B0B97
:106BB0009B03936110BDC046E8160020F8B50D0098
:106BC000832A19D1CBB23B4C5A01A21891693A4899
:106BD000AD010840C0218905014391613749206812
:106BE0006D187021083355615B011A5C8A431100EE
:106BF00040220A431A54F8BD022A55D1304A8B006C
:106C00009858002802D003685B699847F82001F083
:106C100099FE0400274E2B4B466003604022002162
:106C2000083004F053FF22000023A032A3646565FE
:106C3000E3642365A365E3655360D3641372136053
:106C400013654C3213725372FF222B00134059010B
:106C500071188868184F08330740C02080053843F2
:106C60008860306807265B01195CAD00B1430E00F7
:106C70000321314319542300616D606811404901BB
:106C8000411860334B60616D63680A401B685201B4
:106C90009B180122FF33997A20000A439A72FFF76A
:106CA00089FE074B5C51A6E711002800FFF7DAFDCB
:106CB000A1E7C046E8160020FFFFFF8F5C1200200E
:106CC00034120020380B010070B505000124064B7A
:106CD000A200D258002A06D0210028000134FFF774
:106CE0006DFF0A2CF3D170BD081200200B4BCAB205
:106CF0000B488901C9185301C318596199690832B1
:106D0000890B89039961036852019A180223D37190
:106D10005179823B0B4353717047C0465C1200208F
:106D2000E8160020084B8A00D05810B5002803D080
:106D300003689B68984710BDC9B2044B49015918B4
:106D400088688004800CF6E734120020E8160020E2
:106D500010B50C00FFF7E6FF00280CD0064BE4B29C
:106D60001B68083464011C19802362795B42134359
:106D700063710223E37110BDE8160020F0B51C001A
:106D80002A4B85B01B6807000D000292002B4AD0E9
:106D9000274B8A00D058002808D0036822005B687F
:106DA000029998470400200005B0F0BD3800FFF7B5
:106DB000B9FF844204D929003800FFF7B3FF04006B
:106DC0000121EBB21B4E03935B010193F218936810
:106DD0009B0B9B039360019A336802989B18FF33C7
:106DE0005A7A0A435A72144BA901C918220004F0B6
:106DF00051FE002CD7D029003800FFF793FF002860
:106E0000D1D14021039B326808335B01D318187934
:106E1000014319710121D971019BD318FF339A7A6B
:106E20000A439A72BFE701246442BCE7E0160020DF
:106E300034120020E81600201C14002013B56B4605
:106E4000DC1D22000123FFF799FF012801D12078E2
:106E500016BD01204042FBE770B5CBB2124A134881
:106E60005C0189018918021951609168104D08333D
:106E70000D40802149032943402591609168890B89
:106E80008903916001685A018A1816793543157192
:106E900095796D06FCD55B01C918CB79DB07FCD56C
:106EA00000198068C0B270BD1C140020E8160020D4
:106EB000FF3F00F070B50D0000211400FFF7CCFF7C
:106EC000A04200D9200000230349A34203D0CA5C9A
:106ED000EA540133F9E770BD1C140020F0B51E0020
:106EE0003A4B85B01B680F000192002B35D08023F0
:106EF000DB019E4231D80025354B8A01D31802931D
:106F0000002E2CD0334B1B680393FF233B401C0007
:106F100000930834039B64011C19A379DB0921D079
:106F20002D4B2E49186802F017F82D4B17215843A6
:106F300002F012F82B4BE279920713D4DA5D002AA3
:106F400001D10138F7D20122DA55009B5A01214BB9
:106F50009B189A69920B92039A6101256D42280051
:106F600005B0F0BD00221F4B3400DA553F2E09D981
:106F7000009B40245A01174B9B18802299691206E6
:106F80000A439A6122000199029804F083FD009B54
:106F9000A1045A010F4B890C9B18029A2D195A61B2
:106FA0009A69361B920B92030A439A61009B039ADB
:106FB00008335B01D3180222DA715979823A0A4305
:106FC0005A71019B1B1901939AE7C046E0160020F5
:106FD0005C120020E81600201800002040420F003C
:106FE000701101005112002070B50D001C000D4BF6
:106FF000AE01F61811003000220004F04BFDEDB296
:1070000009496D014D196E61AB69084A20001340B2
:10701000AB61AB69A2049B0B920C9B031343AB6166
:1070200070BDC0465C120020E8160020FF3F00F053
:10703000F7B5104B01901B780F001500002B0CD1F9
:107040000D4B16001C78002C09D00C4E0C483488CF
:107050002018641904F01EFD34802800FEBD002EA7
:10706000FBD03A19330000210198FFF7BDFF241827
:10707000361AF4E7DC150020DD160020DE160020AD
:10708000DD150020F8B50F0016000024012A26D9CE
:10709000100004F0D9FC0500380005F08FFD032333
:1070A00002220130400028706B7096420DD9397869
:1070B00000290AD0531CDBB20137A9549E4203D0E9
:1070C0000232EC54D2B2F0E7320029000548FFF753
:1070D000AFFF441EA041C4B2280004F0BFFC200052
:1070E000F8BDC04630120020F0B50024012685B05E
:1070F000184B0F0069461E7005000094FFF7E7FC6F
:10710000154B01A90B806A3BFF3BCB715A330B72C5
:10711000009B8C7109334B800E4B4E7108711C70B3
:107120003A00092F0FD00D4F09223E700C4E280057
:1071300000943480FFF77CFF69462800FFF7C7FC06
:10714000328808493C702800FFF772FF012005B023
:10715000F0BDC046DC15002009020000DD1600204D
:10716000DE160020DD15002070B5CE7892B0050047
:107170000C00022E0BD18B79C9792C4809021943D6
:10718000FFF7B2FF411E8841C0B212B070BD00F0DF
:107190009FFE210000F03FFE002803D0C117081A0F
:1071A000C00FF2E7012E0ED1E279A37912021A4341
:1071B0001F49112A13D8D2B2002A10D02800FFF795
:1071C00037FF0120E1E7032EDFD1A378002B08D1A0
:1071D000E279A37912021A431649032AEBD90A78F5
:1071E000ECE7022B08D1E279A379120212491A4383
:1071F0002800FFF747FFC8E7012B05D1E279A37903
:1072000012021A430D49F3E7032BBED141220100BC
:1072100001A804F05BFC00F05BFE01A900F00BFE8E
:10722000E279A37912021A4301A9E1E730120020A2
:107230007A0B01006A0B0100540B01006E0B010078
:10724000CBB204495B01C9188B699B0B9B038B6113
:107250007047C046E816002037B5050048780C0096
:107260000B2810D801F06EFE061B0F2B0F40456156
:10727000494C5A5D097801AA002906D102231180E0
:107280002800FFF7B1FE01203EBD00231380284BEC
:107290001B78012B00D1137002230021F0E78A78BC
:1072A0000023012A03D101AA1380224BF0E7204AD0
:1072B0001370214A93699B0B9B039361E3E78C78DE
:1072C000012C06D100211B4B01AA1C701170230058
:1072D000D6E70120002CD7D1154B174A18709369B7
:1072E0009B0B9B039361CFE789782800FFF724FC71
:1072F000C9E72800FFF738FFC6E701230F4ACCE7AC
:107300000B780020DB06BFD12800FFF7DDFCA27858
:107310000A4B0B481A60FFF77BFACAE70123094AB8
:10732000BBE78A78074B1A60C3E70020ACE7C0468A
:107330005012002058120020E8160020E01600200D
:10734000CC110020E41600203A4BF7B51E7805005A
:10735000002E5FD1384C23689A8B12070DD5082276
:1073600031009A833000FFF77DFA10222368FF3343
:10737000997A0A439A72314B1E6023689A8B52079E
:1073800001D504229A83FF331A7A920603D520226C
:10739000597A0A435A721A7AD20623D569460800E6
:1073A000274AC0CAC0C0A268920B9203A2604022C2
:1073B000587902435A7160230A7828001A422AD168
:1073C000FFF74AFF2368FF33002827D080229979EE
:1073D00052420A439A711A7A520603D54022597AC8
:1073E0000A435A727F2601252368FF331E722F003D
:1073F000236808377F01DB19DB79002B07D0114B9D
:10740000AA00D05800280DD003681B6898470135A2
:10741000082DECD1F7BDFFF7BFFBD3E720210A4AC7
:107420009171D8E729000948FFF7C2F92368DF19ED
:10743000FE71ECE7DD160020E8160020E0160020C3
:107440001C14002034120020FF500041CC110020F9
:1074500010B50248FFF778FF10BDC046301200207B
:1074600080235B000380002343600733037270476F
:1074700083000148C018704708120020836C402B1D
:1074800009D03F22036CC154036C013313400364E1
:10749000836C013383647047F7B505006846FFF7D6
:1074A00043FA00264022019B013B02D32E6D961B1E
:1074B000FAE768460193FFF73EFAAB6D6846002B8A
:1074C0004FD1FFF731FA2900019BA831013B5A1C2B
:1074D0000CD00C785A1EE4B2002C05D168460193FA
:1074E000FFF729FA2000FEBD1300F0E7684601937C
:1074F0000024FFF720FA2A002900A0321368A431E3
:10750000B4420ED0086898420BD92800591CEB18D9
:107510001160603319780830C9B2FFF7AFFF01344A
:10752000E9E709689942DDD1002313600133AB65B7
:107530006846FFF7F9F92F002A000021019BA837C0
:10754000013BF532581CC9D0397010785E1E0028F6
:1075500005D0117028000193FFF72CFAEBE73300F8
:10756000F0E7FFF7E1F92900019BF431013B5A1CD8
:1075700006D00C785A1EE4B2002CAFD01300F6E708
:10758000684601930024FFF7D6F92A002900EC325F
:107590001368F031B44202D0086898421DD80968D7
:1075A00099429FD1002368461360AB65FFF7BCF991
:1075B0002F002A000021019BF437013BF532581CB3
:1075C00000D18BE7397010785E1E002811D0117041
:1075D00028000193FFF7EEF9EAE72800591CEB18A1
:1075E0001160AC3319780830C9B2FFF747FF013496
:1075F000CBE73300E3E710B50400FFF74DFF206D44
:1076000010BD10B50400FFF747FF236D002B03D01A
:10761000E36CE418207A10BD01204042FBE7F7B587
:1076200017000E000400FFF737FF6846FFF77CF9EC
:107630003F2200259446019B013B5A1C19D0BD42B4
:1076400015D2226D002A12D00121226D4942002A52
:107650000AD06046E26CA218117AE26C0132024054
:10766000E264226D013A226571550135E7E7013B7D
:10767000E3E768460193FFF75EF92800FEBD0000CE
:10768000014B024A1A607047E81600200050004182
:107690002023F7B5474A0500D1690F200B43D3617A
:1076A000012245490B7813430B70444B19788143F1
:1076B000197006211C782143197041490C78224326
:1076C0000A701A7802401A70602219780A431A70F8
:1076D0003C4B3D4A5A805F78FF09FCD13B4801F0A2
:1076E00039F801233A4C3B4E2268300011780B43A5
:1076F000137080223900520004F0E8F92268937870
:10770000DB07FCD456621F26334B1B68590B980CC1
:107710009B01314030405B0FB14200D105211F2851
:1077200000D10238072B00D1043B31408901178D6D
:1077300001912A4930400F40019939431185118D3B
:107740000700B143080038431085118D1803244BFE
:107750007F260B4003430C2013850823D1788143F7
:107760000B430321D3702268D3788B4301390B4339
:10777000D37022681378334013700423226816787C
:10778000334313702268C1241389A400834315482E
:10779000138103591B021B0A0351802303601378D2
:1077A00011481943012311702B700021FEF79AFE36
:1077B000F7BDC04600040040584400413C4400412D
:1077C00059440041000C0040064000005174000084
:1077D000E8160020EC160020246080003FF8FFFF30
:1077E000FF8FFFFF00E100E0CC1100200120704777
:1077F00010B50368014A1B6A984710BD13040000C6
:10780000FC30006A704787239B00C018C368802043
:107810004000C01A70470300FC331A6A002A03D0E4
:10782000DB69C018007D704701204042FBE710B5BE
:1078300004000069FEF77CFB22000023FC32936108
:10784000D361136287229200A4186360A360E3608F
:1078500010BD872310B59B00C218D368002BFCD144
:107860000069FEF77CFB10BDF02001403039484232
:1078700048417047F0231B011940802306209B00DC
:1078800099420AD00133FF330130994205D0802359
:1078900002385B00994200D0002070470F20014061
:1078A0000020012903D00239481E8141481C70473D
:1078B0008B23F0B5182685B002919B000400C05CB4
:1078C000330008214343324D1700EB18595601F09D
:1078D00083FA304B0821E05C33004343EB185956E0
:1078E00001F07AFA2C4BE25C0393022A09D111339E
:1078F000E05CFF2805D008214643AE19715601F01F
:107900006BFA8C26B600A05DFF2819D0012101F08A
:10791000EBF91822A35D21495A43AB56AD18DB01A0
:1079200058188D21890060501D4901225B188E2155
:107930008900635069688A408F21890062501A600B
:107940000122029B11002069FEF7E4FC39002000AF
:10795000FFF790FF390005002000FFF79FFF390077
:1079600006002000FFF780FF330000902900206907
:107970000122FEF7ADFA0B4B2069E25C039BE15C50
:10798000FEF7C3FA2069FEF7E0FA05B0F0BDC04685
:10799000200701002D0200002F02000018440041C2
:1079A000144400412E020000802210B50400520051
:1079B000002104F08BF823000022FC335A602000E1
:1079C0009A60DA6010BD0000F7B51D0008AB1B78A7
:1079D0000400009309AB1B78160001930023436059
:1079E000FA239B008360114B0F00083303601430AF
:1079F000FFF7DAFF20002130FF30FFF7D5FF8B23A0
:107A00006A469B002761E654094B1278E554094BFE
:107A10002000E2546A46084B1279E2548C22313B32
:107A2000FF3B9200A3541032A354FEBD8C0B010007
:107A30002D0200002E0200002F020000F7B5EFF328
:107A4000108300930123019372B680260200FF2564
:107A5000019BFC327600013B5C1C0FD0D4685F1E9A
:107A6000B44209D054680155546801342C40546024
:107A7000D4680134D460EEE73B00EDE7684601933B
:107A8000FEF759FFF7BD13B5EFF310830093012301
:107A9000019372B6019B5A1E0192002B15D0030070
:107AA000FC33DA68002A0DD09A68845C9A68013247
:107AB000D2B29A60DA68013ADA606846FEF73BFFB4
:107AC000200016BD01246442F7E701246846FEF752
:107AD00032FF6442F4E710B504000069FEF75DFA76
:107AE000002805D02069FEF768FA2069FEF75AFAE7
:107AF0002069FEF742FA00281BD02069FEF75DFAE4
:107B0000010020001430FFF799FF8C239B00E35CF9
:107B1000FF2B0ED02300FC331A6A80235B009B1AD4
:107B2000092B06DC8D238F229B009200E358A2587C
:107B30001A602069FEF73CFA00280ED087239B00CC
:107B4000E318DB68002B14D020002130FF30FFF752
:107B50009AFFC1B22069FEF734FA2069FEF712FAE3
:107B6000002805D02069FEF711FA2069FEF701FA16
:107B700010BD2069FEF733FAEFE70000F8B5040006
:107B800000690D00FEF714FA87239B00E618002811
:107B900002D0F368002B34D001278022F368520012
:107BA000934223D1EFF310833B4210D1174B5B6814
:107BB000DB05DB0DF1D0103B5BB2002B10DAF13AA4
:107BC0001340083B9B08124A9B009B181B682069C6
:107BD000FEF7EEF90028E0D02000FFF77CFFDCE79D
:107BE0009B08C0330B4A9B009B58F0E720002130D4
:107BF000FF302900FFF722FF2069FEF7ECF9012092
:107C0000F8BD29002069FEF7DCF9F8E700ED00E097
:107C10001CED00E000E100E010B504001430FFF7B7
:107C200032FF8C239B00E35CFF2B0ED02300FC3340
:107C30001A6A80235B009B1A0A2B06DD8E238F2293
:107C40009B009200E358A2581A6010BDF7B501924C
:107C50001822162442433F4B07009B181C570091E3
:107C6000631C6ED0102C6CD03B4B3C4E1D68002D1D
:107C700027D1290044223A4803F028FF2900442252
:107C8000384803F023FF1022374B38491D60CA677C
:107C9000C021C120364B49005A5080001958FF3589
:107CA000A94319501A60334B334A5A800223327861
:107CB000134333707378DB09012BFBD00122264B71
:107CC0001A600125A540736900212B4373613800B8
:107CD00001F082F8009B002B31D00027224B204975
:107CE0009C461B68BA00BB421DD16046013303604D
:107CF0008D501C4B00999950072C19DD0123083C2D
:107D0000A4000721A140154A9B009B189A698A4349
:107D10009A61019A042A12D81000996901F012F9A7
:107D20000B12141618008858A842E1D00137D9E781
:107D3000A4000023E5E70522A2400A439A61ADB200
:107D4000F560F7BD0422F7E70322F5E70222F3E727
:107D50000122F1E7200701007418002000180040FC
:107D600030180020EC1700207818002004E100E013
:107D700000E100E0000C004005400000F8B50024E0
:107D8000094B1B68A34200D8F8BD084E084FA50058
:107D90003369EA591A4204D0064BEB589847EB591D
:107DA00033610134ECE7C046781800200018004029
:107DB00030180020EC17002010B5002801D004F086
:107DC00019FE10BD10B5041E05D004F037FE2100C9
:107DD00001F032FA0C00200010BD10B504008842FA
:107DE00003DA081AFFF7EEFF2418200010BD70B563
:107DF0000E0000254468002C0BD0236831005B681E
:107E000020009847002802DB2D18E468F3E70125DD
:107E10006D42280070BD70B50D004468002C08D07C
:107E2000236829009B6820009847002802D1E46855
:107E3000F4E7200070BD70B50D004468002C07D039
:107E4000236829002000DB689847E4682D18F5E7CF
:107E50002C7070BD70B50D004468002C08D02368EC
:107E600029001B6820009847002802D1E468F4E745
:107E7000200070BDF8B542788B790D00017A9B180F
:107E8000040000208B4222DC6368834219D16560C4
:107E9000002623786A71EA792B719B182370AB79DD
:107EA000B34213D9AB68B7006078DF19FFF7E0FA87
:107EB0003B68013603606378F6B201336370EEE726
:107EC0000B00D9680029FBD1DD60E1E70120F8BD96
:107ED00070B50126054D064C2B68334203D12000B6
:107EE000FFF7BEFA2E60200070BDC0467C1800204F
:107EF00080180020F7B506000D000C008B180193C8
:107F0000019B671B9C4207D0336821781B683000B7
:107F1000984701340028F3D13800FEBD70B5040045
:107F200008000D0004F04AFE2368020029005B6887
:107F30002000984770BD10B50B1E02D0FFF7EEFF72
:107F40000300180010BD10B5FFF7F5FF10BD10B508
:107F500003688A685B680968984710BD10B5FFF729
:107F6000EAFF10BD10B503681B68984710BD0000FC
:107F700010B50249FFF7D2FF10BDC046CC0B01007F
:107F800070B50400FFF7D7FF05002000FFF7F0FFF2
:107F9000401970BD70B50500FFF7D9FF0400280037
:107FA000FFF7E6FF201870BD70B50400FFF7C3FFB0
:107FB00005002000FFF7DCFF401970BDF0B58BB065
:107FC0006B461500002205330600DA770800012D04
:107FD00000D80A2509AC290001F044F8CAB2130000
:107FE00037330700DBB2092902D813003033DBB284
:107FF000013C2370002FEED121003000FFF79BFFE2
:108000000BB0F0BDF8B506000C00151E04D10368D6
:10801000C9B21B689847F8BD0A2A0CD100290BDAAF
:108020002D21FFF79FFF614207002A003000FFF774
:10803000C5FF3818EFE7D2B221003000FFF7BEFFCE
:10804000E9E710B5FFF7DEFF10BD70B50400FFF7DC
:10805000D9FF05002000FFF78BFF401970BD10B558
:10806000002A04D10368C9B21B68984710BDD2B278
:10807000FFF7A4FFFAE710B5FFF7F1FF10BD70B5E9
:108080000400FFF7ECFF05002000FFF771FF401927
:1080900070BD0000F7B51E00089B05001700002BFF
:1080A00001DA0223089331003A003300380003F06C
:1080B000E3F94B49002814D10122740064085242AC
:1080C000484B3800210003F0D7F900280FD10122D6
:1080D000444B52423800210001F0D4F8002806D168
:1080E00041492800FFF71AFF04002000FEBDE022EE
:1080F0003E4B12063800310001F0CEF8002801D0C6
:108100003B49EEE7E0223B4B12063800310001F01C
:10811000AFF80028F4D1002200233800310001F02C
:10812000A7F8002814D02D212800FFF71BFF80237B
:108130001B060090F618002400202F49089B9C4243
:1081400008DA00222D4B013401F0D2FFE4B2F5E74A
:108150000090F0E70B0002003100380001F0ACFCA9
:108160000F00060001F01EF90A220190010028000C
:10817000FFF724FF009B1C18089B002BB5D001982B
:1081800003F006FA02000B003000390002F02CFE6A
:1081900006000F0028001A49FFF7C0FE2418089BAC
:1081A0005A1E0892A1D3154B00223000390002F06C
:1081B000A9FB0F00060001F0F5F80A22010000906B
:1081C0002800FFF7FBFE2418009803F0E1F90200F5
:1081D0000B003000390002F007FE06000F00DEE75A
:1081E000C00B0100FFFFEF7FC40B0100FFFFEF4159
:1081F000C80B0100FFFFEFC10000E03F000024407A
:10820000A4FA000007B504990091FFF743FF0EBDE3
:108210008160704710B504000068002801D003F0A9
:108220001DFC200010BD10B504000068002801D01E
:1082300003F014FC00232360A360636010BD70B5DD
:1082400004000D000068013104F02AFC031E01D077
:10825000012028C470BD036810B50400002B04D0B1
:1082600043688B4201D3012010BD2000FFF7E7FFD8
:108270000028F9D0A368002BF5D122681370F3E72A
:1082800070B50E00110004001500FFF7E4FF002890
:1082900004D12000FFF7C7FF200070BD2A00310085
:1082A000A560206803F0F6FB00232268A168535400
:1082B000F2E7002370B504000D00036043608360A3
:1082C000994207D0080004F079FC29000200200040
:1082D000FFF7D6FF200070BD70B5050008000C0048
:1082E00004F06CFC210002002800FFF7C9FF70BDFC
:1082F0001FB504000023080023606360A36001A988
:1083000000F0FCFA200001A9FFF7E6FF200004B00E
:1083100010BD10B5002304008AB023606360A36021
:10832000080001A900F0E6FA200001A9FFF7D4FF38
:1083300020000AB010BD10B5002304008AB02360ED
:108340006360A360080001A900F070FA200001A991
:10835000FFF7C2FF20000AB010BD10B500230400D3
:108360008AB023606360A360080001A900F097FA57
:10837000200001A9FFF7B0FF20000AB010BD10B522
:108380000B000400884205D00968002904D09A68CF
:10839000FFF776FF200010BDFFF745FFFAE7002347
:1083A00010B50400036043608360FFF7E8FF20001E
:1083B00010BD10B50400002903D0FFF78DFF200089
:1083C00010BDFFF730FFFAE7002370B5040090B04E
:1083D000036043608360151C0A2A00D90A25EDB2A8
:1083E000AE1C081C03F006F976B203AB0093320012
:1083F0002B0000F05DF901002000FFF7DAFF2000FC
:1084000010B070BDF7B5040001911600002902D12B
:1084100000252800FEBD0125002AFAD08368D71860
:108420003900FFF718FF051EF2D02368A2680199F2
:108430009818320003F02EFB00222368A760DA555B
:10844000E7E710B58A680968FFF7DCFF10BD70B573
:10845000050008000C0004F0B1FB21000200280018
:10846000FFF7D0FF70BD002310B5994202D0FFF78F
:10847000EEFF0300180010BD07B56B46D971073336
:1084800001221900FFF7BEFF0EBD10B58A6809680A
:108490000400FFF7B7FF002802D12000FFF7C3FE5A
:1084A000200010BD10B50400002904D12000FFF702
:1084B000BAFE200010BDFFF7D6FF0028F6D0F8E77F
:1084C000026810B50B68002A13D0002B0CD181680C
:1084D0001800002907D0107805E0896810000029ED
:1084E00001D01878404210BD1900100004F054FB70
:1084F000F9E7002BF1D11800F5E7826810B5944632
:108500008A680023944504D1FFF7DAFF43424341D0
:10851000DBB2180010BD836810B5002B07D1012015
:10852000002903D0087843425841C0B210BD00680A
:10853000002901D10078F6E704F02EFBF3E770B5CF
:1085400083688D685C1B002394420CD300689842BA
:1085500009D00968994206D080182A0004F035FB3A
:1085600043424341DBB2180070BD836810B59C469E
:108570008B6800229C4502D3FFF7E1FF0200100048
:1085800010BD836810B5934207D90468A01804F0A1
:10859000F5FA002801D0001B10BD01204042FBE786
:1085A00010B50022FFF7EDFF10BD836810B59342B0
:1085B00008D904680968A01804F03FFB002801D01E
:1085C000001B10BD01204042FBE710B50022FFF761
:1085D000ECFF10BDF8B583680500934202D8012076
:1085E0004042F8BD541C002203681B191F781A7002
:1085F0000668300004F00EFB37550028EFD02B68DA
:10860000C01AEEE7F7B515008A680F00002A1BD0E4
:108610008368002B18D09A4216D8AB4200D85D1E52
:10862000066801243000731964420193019B98424B
:108630000CD8396804F001FB002807D0831BAB423B
:1086400000D81C000130F1E7012464422000FEBD87
:1086500010B583688A689A1AFFF7D4FF10BD00002E
:10866000F8B506000F0014001D009A4201D92C0035
:10867000150009493000FFF71CFEBA68A24208D96C
:10868000AA4200D92A003968121B09193000FFF7E5
:10869000F7FD3000F8BDC046CE0B01000368002096
:1086A00010B5834202D0180003F0A4F810BD0000FA
:1086B00030B5040087B00D00064901A804F03EFA69
:1086C00022002B0001A90A9804F038FA0A9807B092
:1086D00030BDC046CF0B0100FEE70000034B10B5D4
:1086E0001B68002B00D0984710BDC0468C18002096
:1086F00070B50F490F4CA14204D100F02BF900F0E6
:1087000001F9FEE70C4D00238D42F6D0CA18E81897
:10871000A24205D3094B8242EFD00949002204E06E
:10872000006804331060F1E704C38B42FCD3E4E734
:1087300000000020900200203C1001009002002068
:10874000CC18002010B500F06FF8002801D100F01F
:1087500055F810BD014B18607047C0468C180020BA
:10876000014B18687047C04690180020F7B51348B1
:10877000012284461249134C8E68636805689B0E7B
:108780001340019288686268019F920E3A406746E2
:108790003F6893420ED1BD420CD186420AD35B1989
:1087A000FA254868AD00861B07486B437043000DEF
:1087B000C018FEBD3D0013000600E3E7901800203E
:1087C00010E000E000ED00E05555000070B5041E1B
:1087D00010D0FFF7CBFF050000F025F8FFF7C6FF2C
:1087E000054B401B9842F7D9FA23013C9B00ED183A
:1087F000002CF3D170BDC046E703000010B5034A5A
:1088000013680133136000F059FB10BD901800206D
:1088100010B5002806D030230321584300F09CFBFC
:108820000138FDD110BD704700207047F0B50C0035
:108830008BB01600002926D0931E222B2DD80A2A91
:1088400005D1002803DA0127404201AD0AE00027E4
:10885000FBE7310000F006FCCBB2092916D8303313
:108860002B7001352A000028F3D101ABAB42F0D0C8
:108870002300002F02D02D21631C217001A98A4200
:1088800006D800221A7020000BB0F0BD5733E7E77E
:10889000013A117819700133F0E70024F3E7F0B5DD
:1088A0000D008BB0170000290ED0931E222B1FD86D
:1088B00001AC26002300002809D1A64207D02A00D7
:1088C000B34210D80023137028000BB0F0BD39005C
:1088D00000F0C8FBCBB2092903D830332370013430
:1088E000E8E75733FAE7013B197811700132E7E7FF
:1088F0000025E9E710B5FFF799FF10BD10B5FFF7A8
:10890000CEFF10BD10B500F0D5F803F067F8FDF705
:1089100019FA0120FFF75AFF084C2000FEF7B8FEB5
:108920002000FEF7EFF8FAF70DFEFBF7A1FC044B71
:10893000002BFAD000E000BFF7E7C046301200205D
:108940000000000010B503F07FF810BD10B503F073
:1089500085F810BD1E2270B54648474943689343C9
:108960001C3A1343436008238C6923438B61434CB7
:10897000434B9C829C8A14439C82DC681442FCD04A
:108980000124404A14701578254203D055786DB201
:10899000002DF8DB01249460547864B2002CFBDBDA
:1089A000394C5460547864B2002CFBDB8224E4011F
:1089B0005480547864B2002CFBDB02249C840E3477
:1089C000DD682542FCD0314CDC621024DD68254294
:1089D000FCD09D8C2E4C2C439C841024DD682542B9
:1089E000FCD002249D8C80262C439C844024DD688E
:1089F0003542FCD0DD682542F9D01024DD682542DF
:108A0000FCD000249460547864B2002CFBDB214C31
:108A10005460547864B2002CFBDB1C6A1E4D2C4061
:108A200080251C621C6AAC431C62032393601B4BB1
:108A3000536053785BB2002BFBDB0023FF240B72E7
:108A4000174A4B728B72CB72164B1A60164B174A31
:108A50001B6811689A065B01C90E2340520F12026F
:108A60000B431343124A1385802342681343436028
:108A700070BDC04600400041000400400C060000EC
:108A800000080040000C004001050100B905FF7D11
:108A9000040A000000070300FFFCFFFF03060100BB
:108AA000006CDC0218000020246080002060800040
:108AB00000400042FA212D4B10B51868890000F0E3
:108AC0004BFA2B4B013898424FD82A492A4A486022
:108AD000C020136A00061B021B0A03431362002313
:108AE0008B6007330B608021136A09061B021B0A87
:108AF0000B431362FC22214B196A0A431A62FC22BF
:108B0000196A92010A431A62A022196AD2020A4320
:108B10001A621B4B1C005A7852B2002AFBDB194A1E
:108B20005A80194B1A00597EC9090129FBD0E4214A
:108B3000C90099803F21D970537EDB09012BFBD0FE
:108B4000C02300205B011361907000F02DF8637862
:108B50005BB2002BFBDB0D4B0D4A6380D379DB0945
:108B6000012BFBD04123537010BDFEE718000020FD
:108B7000FFFFFF0010E000E000ED00E00004004017
:108B8000000C00401E400000004000422140000058
:108B900000480042914202D002D98A1AD040704760
:108BA000521A9040FBE70000164A00B51300517EB0
:108BB000C9090129FBD00138042816D81969124ABD
:108BC0000A400F211A615A788A4300F0BBF9030862
:108BD000060B0300110001220A435A7000BD110068
:108BE0000322F9E711000222F6E7F02311691B05C1
:108BF0000B430F21136153788B43190002230B435E
:108C00005370EBE700400042FFFFFFF010B5040097
:108C10000E2801D80F34E4B20121200000F0DCF866
:108C20001823102163432B4CE4186156002901D00E
:108C300014290DD1284B1800DA79D209012AFBD06A
:108C400002241A78A2431A70C379DB09012BFBD0E6
:108C500022480300427ED209012AFBD01F24026968
:108C60002140A2430A4302615A7ED209012AFBD065
:108C7000022219780A431A705A7ED209012AFBD0BF
:108C80000222197B0A431A731A7ED207FCD50122ED
:108C90001A765A7ED209012AFBD00222197B0A4396
:108CA0001A731A7ED207FCD5588B80B25A7ED2092D
:108CB000012AFBD002211A788A431A705A7ED209FF
:108CC000012AFBD0064B1A68064B1968FFF762FFB2
:108CD00010BDC0462007010000480042004000428D
:108CE000200000201C000020182330B51D000400C7
:108CF00045430820204A55192856013014D003292D
:108D000012D808006343D156D31800F01BF902288B
:108D10000E1B5868CB010221184A9B181A184032C2
:108D20001170012282405A6030BD5868CB01062183
:108D3000124A9B181A1840321170012282405A6060
:108D40009A61F1E75868CB0106210C4A9B181A1862
:108D500040321170012282405A605A61E4E758683B
:108D6000CB010221054A9B181A18403211700122CA
:108D700082409A60D8E7C0462007010000440041C5
:108D80001823F0B508245843114A13181C5701340E
:108D90001BD0012635005F688356BD400D4ADB01BC
:108DA0009A18906805420BD10C00601E8441D219BC
:108DB0004032107834400336A400B0432043107092
:108DC000044A9B18002901D15D61F0BD9D61FCE75B
:108DD000200701000044004118224243F8B52C4E00
:108DE0000300B218127A52B2140001320ED0481C9D
:108DF00000240C280AD800F0A5F807202020202005
:108E00002020200B0B0B0B00012464422000F8BD36
:108E1000092905D10021D8B2FFF766FF0024F5E744
:108E20000A2902D1D8B20839F6E700240B29EDD17E
:108E3000D8B20A39FFF758FFE8E718204343F21881
:108E40005568F3562C00134ADB016E0817389B183F
:108E5000C9B204409E19002C0DD00F243036327850
:108E6000090122401143C9B25B19317040331A78AD
:108E700010431870D2E732000F27303216785B1992
:108E8000BE433143117040331A7810431870BDE768
:108E9000200701000044004110B50400FDF787FCE5
:108EA000014B1C6010BDC046240000200122024B73
:108EB00052421A607047C04624000020164A10B57E
:108EC0001368591C26D0013B1360002B22D172B6C7
:108ED000124B134A0433934213D9124A0121100052
:108EE000147D0C42FCD02021148BFF319B085B00C9
:108EF00021431183D3610C4B13800123027D1A425D
:108F0000FCD0BFF34F8F094B094ADA60BFF34F8F94
:108F1000C046FDE710BDC046240000200020000030
:108F2000030200000040004102A5FFFF00ED00E049
:108F30000400FA050B0010B50100180002F060FCF7
:108F400010BD000002B4714649084900095C49009F
:108F50008E4402BC7047C046002243088B4274D343
:108F600003098B425FD3030A8B4244D3030B8B422A
:108F700028D3030C8B420DD3FF22090212BA030C33
:108F80008B4202D31212090265D0030B8B4219D314
:108F900000E0090AC30B8B4201D3CB03C01A524134
:108FA000830B8B4201D38B03C01A5241430B8B427C
:108FB00001D34B03C01A5241030B8B4201D30B0365
:108FC000C01A5241C30A8B4201D3CB02C01A52418C
:108FD000830A8B4201D38B02C01A5241430A8B424F
:108FE00001D34B02C01A5241030A8B4201D30B0238
:108FF000C01A5241CDD2C3098B4201D3CB01C01A52
:10900000524183098B4201D38B01C01A524143095B
:109010008B4201D34B01C01A524103098B4201D349
:109020000B01C01A5241C3088B4201D3CB00C01AB6
:10903000524183088B4201D38B00C01A524143082E
:109040008B4201D34B00C01A5241411A00D2014653
:10905000524110467047FFE701B5002000F0F0F8DC
:1090600002BDC0460029F7D076E7704703460B43A0
:109070007FD4002243088B4274D303098B425FD311
:10908000030A8B4244D3030B8B4228D3030C8B423D
:109090000DD3FF22090212BA030C8B4202D3121223
:1090A000090265D0030B8B4219D300E0090AC30BF8
:1090B0008B4201D3CB03C01A5241830B8B4201D3A5
:1090C0008B03C01A5241430B8B4201D34B03C01A8E
:1090D0005241030B8B4201D30B03C01A5241C30A06
:1090E0008B4201D3CB02C01A5241830A8B4201D377
:1090F0008B02C01A5241430A8B4201D34B02C01A61
:109100005241030A8B4201D30B02C01A5241CDD205
:10911000C3098B4201D3CB01C01A524183098B4250
:1091200001D38B01C01A524143098B4201D34B0139
:10913000C01A524103098B4201D30B01C01A52419C
:10914000C3088B4201D3CB00C01A524183088B4223
:1091500001D38B00C01A524143088B4201D34B000C
:10916000C01A5241411A00D201465241104670477E
:109170005DE0CA0F00D04942031000D34042534083
:1091800000229C4603098B422DD3030A8B4212D343
:10919000FC22890112BA030A8B420CD38901921175
:1091A0008B4208D3890192118B4204D389013AD0B2
:1091B000921100E08909C3098B4201D3CB01C01A87
:1091C000524183098B4201D38B01C01A524143099A
:1091D0008B4201D34B01C01A524103098B4201D388
:1091E0000B01C01A5241C3088B4201D3CB00C01AF5
:1091F000524183088B4201D38B00C01A5241D9D20D
:1092000043088B4201D34B00C01A5241411A00D28D
:109210000146634652415B10104601D34042002B89
:1092200000D54942704763465B1000D3404201B508
:10923000002000F005F802BD0029F8D016E77047BD
:109240007047C0468446101C62468C46191C634613
:1092500000E0C0461FB501F0EDFA002801D400215E
:10926000C8421FBD10B501F045FA4042013010BDA3
:1092700010B501F0DFFA002801DB002010BD01204D
:1092800010BDC04610B501F0D5FA002801DD002060
:1092900010BD012010BDC04610B501F067FA0028CE
:1092A00001DC002010BD012010BDC04610B501F04A
:1092B0005DFA002801DA002010BD012010BDC04673
:1092C0008446081C6146FFE71FB500F0C1F900287D
:1092D00001D40021C8421FBD10B500F043F940423F
:1092E000013010BD10B500F0B3F9002801DB0020FB
:1092F00010BD012010BDC04610B500F0A9F900282E
:1093000001DD002010BD012010BDC04610B500F0E9
:1093100051F9002801DC002010BD012010BDC0461D
:1093200010B500F047F9002801DA002010BD012037
:1093300010BDC046002B11D1002A0FD1002900D149
:10934000002802D00021C943081C07B4024802A12A
:109350004018029003BDC046E9FEFFFF03B4684613
:1093600001B5029800F03CF8019B9E4602B00CBC8F
:109370007047C0469E2110B5C905041CFFF7D0FFF9
:10938000002803D1201C00F077FB10BD9E21201C7B
:10939000C90500F0ADF900F06FFB80231B069C4669
:1093A0006044F2E770B500220C4B04000D00FFF79B
:1093B0007DFF002804D12000290002F079F870BD5B
:1093C000064B00222000290001F00EFD02F070F88B
:1093D00080231B069C466044F1E7C0460000E04144
:1093E000F0B54F464646D646C0B5040082B00D00E3
:1093F000914698468B422FD82CD04146484602F0E1
:10940000EDF929000600200002F0E8F9331A9C4625
:10941000203B9A4600D576E04B46524693401F00CB
:109420004B46624693401E00AF4228D825D0534693
:10943000A41BBD41002B00DA7BE000220023009238
:1094400001930123524693400193012362469340C6
:10945000009318E08242D0D90022002300920193A9
:109460000A9B002B01D01C605D600098019902B03E
:109470001CBC90469946A246F0BDA342D7D9002213
:109480000023009201936346002BE9D0FB07984626
:10949000414672080A437B0866460EE0AB4201D1A2
:1094A000A2420CD8A41A9D41012024196D4100212B
:1094B000013E24184D41002E06D0AB42EED9013EAC
:1094C00024196D41002EF8D10098019953460019D6
:1094D0006941002B23DB2B005246D3402A0064460F
:1094E000E2401C0053461500002B2DDB260057469A
:1094F000BE40330026006746BE403200801A9941C4
:1095000000900191ACE7624620239B1A4A46DA405C
:109510006146130042468A4017001F4380E76246B7
:1095200020239B1A2A0066469A402300F3401343E7
:10953000D4E76246202300219B1A00220091019269
:109540000122DA40019280E72023624626009B1A1E
:10955000DE402F00B0466646B74046463B003343E8
:10956000C8E7C04670B542004E024C0045026D0A85
:10957000120EC30F760A240EC90FFF2A0FD0FF2C3C
:1095800011D00120A24200D070BDB542FCD18B4267
:109590000DD0002AF8D12800451EA841F4E701208B
:1095A000002DF1D1EBE70120002EEDD1E9E70020FD
:1095B000EAE7C04670B54A004E02450244006D0A13
:1095C000240EC30F760A120EC90FFF2C15D0FF2AE6
:1095D0000ED0002C15D1002A01D1002E1CD0002D58
:1095E00014D08B4227D00220013B1840013870BDB7
:1095F000002EEED002204042F9E7002DFAD1FF2ADA
:109600000ED0002A0ED1002EEDD00BE0012301393F
:10961000994308000130EAE70020002DE7D0E2E797
:10962000002EE7D18B42DED1944205DD0221581E87
:1096300008400138DBE70024A24204DCB542D2D85E
:109640000020B542D3D2581E012398430130CEE703
:1096500030B5420044024D02C30F4800640A120EA6
:109660006D0A000EC90FFF2A12D0FF280CD0002A65
:1096700012D1002819D1002D17D1002C2BD0022097
:10968000013B1840013826E0002DF0D0022022E0F6
:10969000002CFBD1FF281FD000281FD1002D1DD189
:1096A0000220013B1840013815E0002C0ED08B42FF
:1096B000E5D10022904204DCAC42E0D80020AC426C
:1096C00009D2581E01239843013004E001230139D7
:1096D00099430800013030BD002DD7D18B42CED147
:1096E0008242E7DD0221581E08400138F3E7C046F8
:1096F000F8B54746CE464400C20F80B5470248023F
:10970000400A8446664648007F0A240EF60025007B
:109710009046FB00000EC90FB146FF2800D185E03E
:1097200001267140261A914257D0002E43DD0028B1
:1097300000D07FE04946002900D1AAE0013E002E7A
:1097400000D0F7E05B1A5A0100D48BE09B019C0922
:10975000200002F025F805388440854200DDD3E082
:10976000451B230020200135EB40451BAC40621E09
:1097700094412343072400251C40012241460A400E
:10978000002C04D00F211940042900D004335901C2
:1097900000D480E00135ECB2FF2D00D0A3E0FF241F
:1097A00000235B02E405580AD207204310430CBC97
:1097B00090469946F8BD002E74D1601CC0B20128B5
:1097C00000DCA7E04A469C1A620100D5B6E0002CF6
:1097D000BED1002200240023E3E7002E00DC85E058
:1097E000002846D0FF2C49D080224846D20410439E
:1097F000814601221B2E09DC20204C46801B844020
:109800004A462000F240441EA04102439B185A01E0
:1098100028D50135FF2D00D1A8E001220724944965
:109820001A405B080B4013431C40A6E7002E00D0F3
:1098300078E775E7FF2C54D080224946D2041143C3
:10984000894601221B2E09DC20214846891B8840BD
:109850004A460100F240481E81410A439B1A5A01C0
:1098600000D573E7012241460A40590700D089E735
:1098700011E04846002858D1FF2C0CD1DB08002B02
:1098800000D18CE78020C00303435B025B0AFF2406
:1098900087E7FF2C25D0DB08FF2DF0D05B025B0AA9
:1098A000ECB27EE7002C4DD0FF2818D08024E404D1
:1098B000724223431B2A00DDC4E01C002025D44053
:1098C000AA1A93405A1E934123434A460500D31ACD
:1098D000884638E7721CF8D0F243FF28EAD10A0024
:1098E0004B46FF25D7E79B015B0A5AE7002E41D183
:1098F000651CE9B2012945DDFF2D00D14FE70724A2
:109900004B445B081C4038E707225A4B2D1A234072
:10991000144032E7002C1DD1002B7AD14B46002B8E
:1099200000D191E00A000025B5E7013E002E19D1D3
:109930004B446CE7FF2C84D1FF25ACE74A468846B0
:10994000D41A05E7002BC5D10A00FF28C8D00500AE
:109950004B46A0E7002B49D14B46002B77D00A009D
:10996000FF2598E7FF2C00D043E787E70A00FF2494
:10997000002316E7002C15D1002B57D1FF28E6D184
:109980004B467BE7002C20D1002B57D049460029BD
:1099900053D04B445A0168D50724364A1C40012550
:1099A0001340EAE6FF28EBD08022D204764213432C
:1099B0001B2E53DC2025AD1B1A00AB40F2405C1E71
:1099C000A34113434B44050021E7002BD8D049465F
:1099D000002900D152E78021C9030F4200D14DE791
:1099E0006046084200D049E74B4647E74846FF2516
:1099F000002800D14FE78022D203174204D06046EE
:109A0000104201D14B46884601224146FF250A40BB
:109A100041E7484600281FD01A1A500120D54A466F
:109A20000724D31A1C4088460025A6E6741CC9D01A
:109A3000F643FF28BCD14B4620E799464B4600250C
:109A4000DB082BE7012340E700220023A9E680235F
:109A50000022DB03FF24A4E600251CE70123B1E775
:109A6000002AF1D013000025FCE60025FAE6C046E6
:109A7000FFFFFF7DFFFFFFFB41024200C30F490ACA
:109A8000120E00207E2A0DD99D2A0CD880200004B9
:109A90000143952A0ADC9620821AD1404842002BC5
:109AA00000D108007047034A9818FBE7963A9140A6
:109AB000F4E7C046FFFFFF7FF0B54F464646D64667
:109AC0000C000903C0B5490A470F5E0039431F0364
:109AD000DB0F9C4665007B0A570F1F436D0DE40F9B
:109AE000760DA146C000B846D200AB1B64457BD0C2
:109AF000002B5FDD002E00D0A4E03E00164300D115
:109B000012E15E1E002E00D09EE1871A4346B84245
:109B100080410125C91A4042091A0B0200D431E1E3
:109B200049024E0A002E00D16EE1300001F038FEED
:109B30000300083B1F2B00DD61E120223900D21A0F
:109B40009E40D1409F400E439D4200DD51E15D1B90
:109B50006B1C1F2B00DD7CE12021C91A3D00300069
:109B60008F408840DD40791E8F4131000722284315
:109B7000D940002507433A40002A09D00F233B4033
:109B8000042B05D03B1DBB42BF417F42C9191F00BA
:109B90000B0200D426E26A1CC64B55056D0D9A4295
:109BA00000D106E1C44AFF080A40530752023B4372
:109BB000120B8EE0002B00D0B8E06B1C5B055B0D38
:109BC000012B00DC30E1871A4346B842B641CB1A7C
:109BD00076429E1B330200D54CE13B003343A1D1BA
:109BE00000220024002570E0002B00DCE5E0002EC0
:109BF00000D183E0AF4EB54260D0802636043743B3
:109C0000B846382B00DC3EE1434613431F007A1E62
:109C100097413F1887428041404209180B0200D407
:109C2000B0E0A44B01359D4200D1C3E0A24A7B08BD
:109C30000A4001210F401F435108D30707221F4349
:109C40003A4099E79B4EB54238D0802636043743D8
:109C5000B846382B00DDDCE01F2B00DC30E11E00B5
:109C60004746203EF740BC46202B04D04026F31A3E
:109C700046469E403243170063467A1E97411F4373
:109C8000CCE0002B00D104E24346134300D159E15C
:109C90004B07C00818438023C9081B03194208D08A
:109CA0004546ED081D4204D14346D00859070843F4
:109CB0002900420FC9007F4D1143C0004B07CA085D
:109CC0007C49C00803438D4268D012036D05120B16
:109CD0006D0D002112031800130B0A0D12051A4313
:109CE000764B2D0513402B435B00E4075B082343B1
:109CF00019001CBC90469946A246F0BD3E00164392
:109D000012D05E1E002E00D000E1871887428041ED
:109D100041444042091801250B0233D5022585E74D
:109D200064463300414610001D00C7E7002D00D0F7
:109D3000DAE00C000443F3D05C1C00D19FE15D4CE1
:109D4000A64200D12FE1DB43382B00DD66E11F2B5B
:109D500000DD83E120240500E41A0F00DD40D94036
:109D6000A0404346A7405B1A441EA04198462F439B
:109D70003843171ABA42924143465242991A6446EE
:109D80003500CAE607223A40002A00D0F6E64B0723
:109D9000CA084849FF083B438D4296D11900114338
:109DA00000D19EE1802109030A431203120B414DA9
:109DB0008FE71500002200238BE7002B00D0C7E0BF
:109DC0006B1C5F057F0D012F00DCF1E0394DAB42CC
:109DD00000D1B9E085180A008542894142444942D0
:109DE00051180722CF076D082F4349083A401D003C
:109DF000C2E607223049ED1A31403A40BCE63E0047
:109E00002838864000279FE6380001F0C9FC203042
:109E10008EE6434613431F007A1E9741C71BB84284
:109E200080414042091A78E60E003B000643134386
:109E3000002D61D1002E00D0F4E0002B00D11BE1F9
:109E400064463900100039E71A4FBB427AD033001C
:109E5000FFE630001F3DE840202B03D04021CB1A05
:109E60009E4037437B1E9F41072207433A40002113
:109E7000002589E7171A4346BA42B641591A764275
:109E80008E1B64464EE61F2B00DDADE020264746C4
:109E9000F61AB740B9461700B246DF404E463E4379
:109EA00037005646B240561EB24117434246DA408A
:109EB0008918AEE6FF070000FFFF7FFFFFFF0F805E
:109EC00020264746F61AB740B9461700B246DF408B
:109ED0004E463E4337005646B240561EB2411743E7
:109EE0004246DA40891A99E77F4CA6425BD080242B
:109EF00024045B42214327E7002E0CD1002B00D124
:109F0000CBE0644639001000774DD7E6764FBB4270
:109F100018D0330075E6002B14D04B07C008184347
:109F20008023C9081B03194207D0FC081C4204D136
:109F30007907D0080843E14621004C46420FC9008A
:109F40001143C000684DB9E61D0000220023C0E6A1
:109F5000002D5BD10D00054300D1E2E65D1C00D170
:109F6000B0E0614DAE421FD0DB43382B71DC1F2BBC
:109F700000DD96E020250F00ED1AAF40B94607003E
:109F8000AA46DF404D463D432F005546A840D940E4
:109F9000451EA84188440743BF1897429241514249
:109FA000414435003AE6644635004146100085E6F6
:109FB0000B000343002D00D063E6002BF5D0434691
:109FC000134300D17AE68718874280410722414433
:109FD000404209183A400B0200D4D5E6434B013504
:109FE0001940C9E5380069E61E004746203EF740A3
:109FF000BC46202B04D04026F31A46469E403243EE
:10A00000170063467A1E97411F4302E6364DAE4263
:10A01000CAD080252D045B422943A6E70843411E90
:10A020008841A6E6002B00D148E6871A4346B8428D
:10A03000B641CB1A76429E1B33024BD5171A4346C4
:10A04000BA429241591A5242891A072264463A404A
:10A0500092E501430F00791E8F419DE71C000F0020
:10A06000203CE740202B03D04024E31A99400843CA
:10A07000411E884138437CE60022002425E6171A59
:10A080004346BA429241591A5242891A64463500EF
:10A0900043E541461000144D10E6802200241203CF
:10A0A00080E61D000F00203DEF40BC46202B03D072
:10A0B0004025EB1A9940084307006346781E874104
:10A0C0001F4369E7871897429B4141445B42C91887
:10A0D0003500A3E53B003343CED0072231003A40A0
:10A0E00052E600231A00F4E5FF070000FFFF7FFFA0
:10A0F000F0B55746DE464E464546E0B58346070076
:10A100000E03480085B092461C00360B400DCD0F63
:10A11000002800D19DE0954B984239D08023F6006D
:10A120001B041E43924A7B0F334399469446030017
:10A130006344009300230026FF00029323031B0BBC
:10A1400098466300E40F52465B0D019400D1B3E0E2
:10A1500086498B4200D19EE04246D1008022120403
:10A160000A435146490F11438B46814952468C465A
:10A1700000996344CB1A0021D20000932B00634066
:10A180009A460F2E00D905E17A4BB6009B599F469F
:10A190005B463343994600D0B8E0022308260027E7
:10A1A00000900293CAE7CB463A0002990195019BC1
:10A1B0009A46022927D0032900D180E2012944D000
:10A1C0006D49009B8C4663441C00002C38DD53070E
:10A1D00000D013E2D2085B46DB0109D55946674B34
:10A1E00019408B468021C9008C46009B63441C00AB
:10A1F000634B9C4207DC5B4664055F075B021743C9
:10A200001B0B620D02E000230027584A00211B03AC
:10A210001C0B0B0D1B05234314055A4A3800134031
:10A220001C4353466400DB0764081C43210005B04F
:10A230003CBC90469946A246AB46F0BD0122524234
:10A2400001231B1B382B00DCADE10022002300277B
:10A25000DCE75B46334399465ED0002E00D18AE1AD
:10A26000300001F09DFA03000B3B1C2B00DD7BE16D
:10A270001D22D31A5A460100DA4008398E401300D5
:10A280005F46334399468F403F4B00261B1A00938D
:10A290000023029352E7414653460B433B499B46FA
:10A2A0008C46009B634400935B46002B3BD102230A
:10A2B00000221E43022161E7434613439B4637D0E9
:10A2C0004346002B00D162E1404601F069FA0300E9
:10A2D0000B3B1C2B00DD53E102004146083A914044
:10A2E00088461D21CB1A5146D9400B0041460B43ED
:10A2F0009B46534693401A00009B25499C46604468
:10A3000003008C4663440093002137E70323B146E2
:10A3100000900C26029311E70023009301330426DA
:10A32000002702930AE70323C3461E43032125E7C0
:10A3300001331E430022012120E700239A46802397
:10A3400000271B03094A61E7802349461B03194282
:10A3500000D1E2E05946194200D0DEE00B431B0376
:10A3600017001B0BA246014A50E7C046FF0700003A
:10A3700001FCFFFFD80B0100FF030000FFFFFFFE01
:10A38000FE070000FFFF0F800DFCFFFF01F8FFFF3D
:10A39000F3030000D94500D9CBE000D1C6E03C0072
:10A3A00048460027009B013B00935B46160E1B02AC
:10A3B0001E431302984633041B0C9946310C01913D
:10A3C000FEF750FE4A4642430B04210C0500194398
:10A3D0008A4207D98919013D8E4203D88A4201D9A0
:10A3E000851E8919881A0199FEF73CFE09048C46DE
:10A3F0004A46210464464243090C030021438A4231
:10A4000004D98919013B8E4200D8F1E02D041D4387
:10A41000AB464346891A4246280C12041D0C5B4683
:10A42000140C22001B041B0C5A4303946B4344433B
:10A43000029568431B19150CEB189C4203D9802424
:10A440006402A44660441C0C15041B042D0C201847
:10A450005D19814277D373D00C1AA24A7D1BAF429B
:10A46000BF419446009B7F426344E01B1C00864230
:10A4700000D1DBE00199FEF7F5FD4A4642430B04AB
:10A48000290C070019438A4207D98919013F8E42D6
:10A4900003D88A4201D9871E8919881A0199FEF7C3
:10A4A000E1FD09044A46894629044D464243090C08
:10A4B000030029438A4207D98919013B8E4203D8F8
:10A4C0008A4201D9831E89193F04891A3A00039FE1
:10A4D0001A43380013041B0C584381460298150C8C
:10A4E0006F43434345434846000C8446DB196344AD
:10A4F0009F4203D9802040028446654448461F0C91
:10A5000000041B04000C7D191818A94200D284E035
:10A5100000D17FE001231A4357E680234A461B03FC
:10A5200013431B031B0BAA466F4A6FE6BA4200D9BE
:10A5300035E74B46DC0758087B081C43FF0734E728
:10A540000024AF4289D247444745A4415B46644258
:10A55000A4196418013BA6421ED2A0426DD800D1B6
:10A56000B6E0241A9B4678E703005A46283B9A40F7
:10A570000027914688E6584601F012F9203072E62D
:10A5800003005246283B9A4093460022B4E65046C8
:10A5900001F006F920309AE6A642E2D1B845DCD9AE
:10A5A000341A9B4659E71F2B65DC504C0099A44692
:10A5B0005C46614408008C4011008240D940501E26
:10A5C00082410C4314435A46DA401300620709D013
:10A5D0000F222240042A05D02200141D94428941F2
:10A5E00049425B181A0262D50122002300270DE6BA
:10A5F0008A4200D80AE7831E891907E70F23134010
:10A60000042B00D1E6E5171D9742924153429B442B
:10A61000FA08E0E5002800D1D7E57118531EB142D1
:10A6200027D3A94215D358D01A0073E7002B00DCBA
:10A6300004E6012300229B44CDE50223474447451D
:10A6400089415B429C46494289190C19E344241A0A
:10A6500003E743465F0047459B41B8465B429E196E
:10A66000023A8919A94200D054E7404500D051E789
:10A67000ABE51A00F6E71F215F4649420C1BE74095
:10A68000202B07D01A49009B8C46634418005B4678
:10A6900083401A43501E82413A4307270023174044
:10A6A00009D00F21002311401400042995D1220064
:10A6B0005F075B021B0BD20817430022A6E580232D
:10A6C00059461B030B431B0317001B0B064A9DE552
:10A6D000BD42B2D89B460024BFE68045B9D31A00DC
:10A6E000C3E7C046FF030000FF0700001E04000090
:10A6F0003E040000F0B54F464646D6468446C0B5F7
:10A700008046194E18030F034D00000B5C00824673
:10A710003F0B6D0DC90F9146640DDB0F0120B54253
:10A720000AD0B44203D0A54201D157450CD01CBC7D
:10A7300090469946A246F0BD66463E43F7D1AC42EC
:10A74000F5D154461443F2D10120C845EFD19942C6
:10A7500007D0002DEBD163461F433800471EB84198
:10A76000E5E70020E3E7C046FF070000F0B54F46ED
:10A770004646D6464D00C0B50E03C90F8A462C4941
:10A780001F035C008046360B6D0D91463F0B640D38
:10A79000DB0F8D421ED08C4216D0002D1ED13043CF
:10A7A0008446002C01D13A4323D06246002A1AD0B5
:10A7B0009A4529D0514602200139084001381CBC75
:10A7C00090469946A246F0BD39001143E5D00220DB
:10A7D0004042F4E73043FAD1AC420FD0002C0FD105
:10A7E0003A43E7D00CE00122013B934318000130CB
:10A7F000E5E763460020002BE1D0DBE73A43E6D1F2
:10A800009A45D7D1A542D5DCA54205DBBE42D1D8B9
:10A8100008D00020BE42D2D25046012301389843CE
:10A820000130CCE7C845C5D80020C845F4D3C6E7F9
:10A83000FF070000F0B54F464646D6464D00C0B56E
:10A840000E03C90F8A462E491F035C008046360B53
:10A850006D0D91463F0B640DDB0F8D4218D08C427D
:10A8600011D0002D18D130438446002C1ED13A431C
:10A870001CD163460020002B30D051460220013904
:10A88000084001382AE039001143EAD0022025E0CF
:10A890003043FBD1AC4226D0002C26D13A4324D100
:10A8A0005146022001390840013817E06246002A6B
:10A8B0000FD09A45E1D1A54205DBBE42DDD819D0C3
:10A8C0000020BE420AD2504601230138984301308D
:10A8D00004E00122013B9343180001301CBC904668
:10A8E0009946A246F0BD3A43D0D19A45C5D1A5427A
:10A8F000C3DCE0E7C845C0D80020C845E3D3EDE796
:10A90000FF070000F0B55746DE464E464546E0B527
:10A91000834606000F03480087B092461D003F0B98
:10A92000400DCC0F002800D16FE0DE4B984238D0AC
:10A930008023FF001B041F43730F3B430193DA4B3B
:10A940000027994600239B46F60081442B036900AB
:10A950001B0B52469846490DED0F002900D185E0AA
:10A96000D04B994200D173E04346DA0080231B04A8
:10A9700013435246CC48520F84461343524600209C
:10A980006144D20089442100694000918C46012134
:10A9900049448A460F2F00D990E0C449BF00CF59DF
:10A9A000BF465B463B43019300D06AE10223082780
:10A9B000002681469B46C9E732005846019B614606
:10A9C0000091022800D175E0032800D1FEE10128A2
:10A9D00000D02CE100230027002600253F032A0D8C
:10A9E0003F0BB34812053A4302401B051343009A3C
:10A9F0005B00D1075B080B433000190007B03CBC7B
:10AA000090469946A246AB46F0BD5B463B43019358
:10AA100000D12FE1002F00D1A5E1380000F0C0FEE9
:10AA200003000B3B1C2B00DD96E11D22D31A5A4676
:10AA30000100DA405E4608398F4013008E403B43E8
:10AA400001939C4B00271B1A994600239B467DE7E8
:10AA5000414653460B4393498C46E144002B00D0BA
:10AA60001AE102220220174300228CE7134300D18F
:10AA70000DE14346002B00D181E1404600F090FEFD
:10AA800002000B3A1C2A00DD72E10100434608393E
:10AA90008B4098461D239A1A5346D3401A004346CA
:10AAA000134352468A404946081A824989468144DE
:10AAB000002068E77B4B002700268EE7140C120469
:10AAC000120C1100370C3604350C794328008C46E3
:10AAD0002E0060436044834656432100300C80467C
:10AAE0005846794340440291844506D988468021DE
:10AAF00049028C46E044414602913604010C360C72
:10AB000000048B4681191E0C1B041B0C03911900B9
:10AB100079438C46280075436544A8465843050C84
:10AB200045447743A94203D9802149028C466744B2
:10AB3000290C8C4639000004000C2D042D186144AA
:10AB4000AB4405915946049101990F043F0C080C40
:10AB5000390051434243904602008C46090C8B4613
:10AB600062437C4344445C44A04503D980214902AC
:10AB700088464244210C884661460904090C8C46EB
:10AB800039005943434370437E430F0CF6182404A5
:10AB9000BE19644442448C46B34203D980235B020D
:10ABA00098464044029B61469846049B37044344C0
:10ABB0009B46AB45AD416B420D0405992D0C8C466F
:10ABC0007F196744FD18A8465D462D19A542A4418A
:10ABD00093466442A446C344DC448F42BF41984537
:10ABE0009B4193459241A445A4415B427F421F4350
:10ABF000360C52426442BF192243BF1862463818CD
:10AC00004302D20D039913436A020A43501E824144
:10AC10006146ED0D2A434E023243D90100D4B3E020
:10AC20000126500832400243DE0732435B08224CC3
:10AC30005444002C62DD510709D00F201040042835
:10AC400005D0101D9042924152429B180200D9013A
:10AC500004D580241948E400034054441848844231
:10AC600000DD27E75E075B02D2081F0B6305164372
:10AC70005B0DB2E6002399460133042700269B466C
:10AC800064E60323019781460C279B465EE601227A
:10AC900001201743002276E6032303201F43434687
:10ACA00071E6C046FF07000001FCFFFF180C010021
:10ACB000FFFF0F800DFCFFFFFF030000FFFFFFFE03
:10ACC000FE0700000023802700933F030026434B2C
:10ACD00083E6019B3200A446584670E6AC466EE619
:10ACE000802701993F0339422DD03B422BD11F438E
:10ACF0003F033F0B00951600384B6EE601252D1BD8
:10AD0000382D00DD66E61F2D40DC35481C00504420
:10AD1000160082408440EE40501E8241344314436A
:10AD2000EB40620709D00F222240042A05D02200FE
:10AD3000141D9442804140421B181A023ED5012343
:10AD40000027002649E68027019B3F031F433F035E
:10AD50003F0B0094214B40E603005A46283B9A40A3
:10AD6000002601926DE6584600F01AFD203057E6A5
:10AD700003005246283B9A401300002293E65046B7
:10AD800000F00EFD20307BE6CA4650E71F201E0073
:10AD90004042041BE640202D03D0124C5444A340F3
:10ADA0001A43501E8241324307260027164009D01D
:10ADB0000F200023104014000428B9D122005E07A0
:10ADC0005B021F0BD2081643002306E680273F03D1
:10ADD0001F433F033F0B1600004BFEE5FF0700003B
:10ADE0001E0400003E040000F8B557464E46454696
:10ADF000DE460C000903E0B5490A460F5F00314307
:10AE00001E03DB0F760A9B46530F3343C84E650083
:10AE1000C000E40FD2006D0DA24681467F0D9C4616
:10AE20009046B74200D1B9E05B46012673409B468D
:10AE3000EE1BA34500D183E0002E63DD002F00D080
:10AE4000B1E06346134300D123E1731E002B00D011
:10AE5000BAE1861A6346B04280410125C91A4042D0
:10AE6000091A0B0200D447E149024B0A98464346AF
:10AE7000002B00D189E1404600F092FC0300083B22
:10AE80001F2B00DD7CE120223000D21A4146D04049
:10AE9000994002009E400A439D4200DD6AE15D1B2D
:10AEA0006B1C1F2B00DD94E1202110003500C91A16
:10AEB0008E40DA408840DD40711E8E41110007222D
:10AEC0002843002506433240002A09D00F2333408F
:10AED000042B05D0331DB342B641764289191E00BA
:10AEE0000B0200D43DE26A1C914B55056D0D9A4250
:10AEF00000D119E18F4AF6080A405707520237433A
:10AF0000120B9BE0002E00D0C5E06E1C7605760D7E
:10AF1000012E00DC48E16746861ACB1BB042BF41D8
:10AF20007F42B8461F004346FF1A3B00B8461B024B
:10AF300000D55FE137439AD100220024002579E053
:10AF4000002E00DCFAE0002F00D18DE0784B9D420E
:10AF500067D0802367461B041F43BC46382E00DCA5
:10AF600052E1634613435A1E93411E1886428041A4
:10AF7000404209180B0200D4BEE06D4B01359D42E2
:10AF800000D1D2E06B4A73080A4001210E401E43F3
:10AF90005108D30707221E43324095E71E0016438F
:10AFA00000D045E740E7624B9D423AD08023674698
:10AFB0001B041F43BC46382E00DDEBE01F2E00DCD7
:10AFC0003AE133006746203BDF403B00202E05D0AE
:10AFD0004027BF1B6646BE40324390464646721E1F
:10AFE00096413343DAE0002B00D114E26346134369
:10AFF00000D168E180234E07C008C9081B0306433F
:10B00000194208D06046C008184204D163460100C6
:10B01000D2085E071643F3009946C900720F444DEB
:10B0200011434B46DE08424B4F073743CA089D4247
:10B0300000D16EE012036D05120B6D0D002112039D
:10B04000130B0A0D12051A433B4B2D0513402B43DE
:10B050005B00E4075B082343380019003CBC9046C2
:10B060009946A246AB46F8BD6346134311D0731E02
:10B07000002B00D007E1861886428041614440429F
:10B08000091801250B0237D502257BE73E006146F2
:10B0900091463500C5E75C46002D00D0E1E00B008D
:10B0A0000343F3D0731C00D1ACE1214B9F4200D18C
:10B0B0003AE1F343382B00DD6FE11F2B00DD8CE11B
:10B0C00020250E00ED1AAE40B0460600AA46DE402E
:10B0D000454635432E005546D940A8406346451E97
:10B0E000A8415B1A9C463043161AB242924163460D
:10B0F0005242991A3D00B4E607223240002A00D09D
:10B10000E4E60B4BF6084F073743CA089D4200D0D0
:10B1100090E73B00134300D1A6E180231B031A43B1
:10B120001203120B024D89E715000022002785E764
:10B13000FF070000FFFF7FFFFFFF0F80002E00D002
:10B14000C7E06B1C5E05760D012E00DCF0E0C84DFB
:10B15000AB4200D1B9E085180A00854289416244BA
:10B16000494251180722CE076D082E434908324044
:10B170001D00A9E6BF49ED1A114007223240A3E69F
:10B18000320028388240002686E6300000F008FBB6
:10B19000203073E6634613435A1E9341C61AB042E9
:10B1A00080414042091A5CE60E0067460643174399
:10B1B000002D5ED1002E00D0F3E0002F00D11EE163
:10B1C0005C46614691462CE7A94FBE427BD01E00EB
:10B1D000F1E610001F3DE840202B03D04021CB1AA0
:10B1E0009A401643731E9E410722064332400021B7
:10B1F000002583E7161A6346B2428041591A40423D
:10B200000B1A98465C4632E61F2E00DDABE0202785
:10B21000BB1B9A4663465746BB40994613004F46B0
:10B22000F3401F433B005746BA40571EBA411343F1
:10B230006246F240891898E62027BB1B9A4663466F
:10B240005746BB40994613004F46F3401F433B000F
:10B250005746BA40571EBA4113436246F240891A14
:10B260009CE7834B9F425FD080252D047342294386
:10B2700020E7002E0CD1002F00D1D0E05C466146C3
:10B2800091467B4DCDE67A4FBE421CD01E0065E64E
:10B29000002F18D0C0084E0706438020C9080003BD
:10B2A000014208D06346DC08044204D12100DA469A
:10B2B000D2085E071643F300994601245346C9009D
:10B2C000720F11431C406A4DABE61D00002200279F
:10B2D000B4E6002D59D10B00034300D1D6E6731C10
:10B2E00000D1B2E0624B9F421ED0F343382B6FDC9B
:10B2F0001F2B00DD97E020250E00ED1AAE40B04672
:10B300000600AA46DE40454635432E005546A84075
:10B31000D940451EA8418C440643B6189642924136
:10B32000514261443D0025E63D006146914678E684
:10B330000B000343002D00D055E6002BF5D06346EB
:10B34000134300D16DE68618864280416144404235
:10B35000091800220B0200D4D0E6464B01351940F3
:10B36000B2E5B1465DE633006746203BDF403B0077
:10B37000202E05D04027BF1B6646BE403243904674
:10B380004646721E96413343EFE5394B9F42CBD080
:10B3900080252D0473422943A8E70843411E8841B4
:10B3A000A2E6002F00D13CE66346861ACF1AB042CF
:10B3B0009B415B42FB1A98461B024ED5161A634608
:10B3C000B2429241591A5242891A5C4600227BE5E8
:10B3D00001430E00711E8E419FE71D000E00203DAF
:10B3E000EE40B046202B04D04025EB1A994008438C
:10B3F000814648464346411E8841184374E6002270
:10B40000002417E6161A6346B2429241591A524274
:10B41000891A3D0025E561469146154D01E68022D9
:10B420000024120379E61D000E00203DEE40B046D8
:10B43000202B04D04025EB1A9940084381464E4604
:10B440004346711E8E411E4367E7861896429B4114
:10B4500061445B42C9183D008CE547463743CED076
:10B4600007224146324049E600273A00E6E5C04659
:10B47000FF070000FFFF7FFF70B50C4E0D031C039C
:10B4800049005B002D0B490D240B5B0DB14208D028
:10B49000064900208B4203D114432000441EA041E2
:10B4A00070BD05430120002DFAD1F1E7FF07000030
:10B4B00030B5144D0A034B00120B5B0DC90F00246D
:10B4C000AB4211DD104CA34210DC80246403224304
:10B4D0000E4CE41A1F2C0CDD0D48C31ADA40130081
:10B4E0005C42002900D11C00200030BD094BCC1863
:10B4F000FAE7094DE040AC4663449A401300034329
:10B50000EEE7C046FE0300001D0400003304000007
:10B5100013040000FFFFFF7FEDFBFFFF70B5002865
:10B520002DD0C317C5185D40C40F280000F038F9AE
:10B53000154B1B1A5B055B0D0A2815DD0B38854082
:10B5400000222D032D0B002110002D030A0D2D0BC1
:10B5500012052A430D4D1B052A4013435B00E407E7
:10B560005B082343190070BD020029001532914089
:10B570000A000B21081AC5402D032D0BE3E7002418
:10B58000002300250022DEE71E040000FFFF0F80DD
:10B5900010B5041E25D000F003F9144B1B1A5B05EF
:10B5A0005B0D0A2812DD0B38844000222403240B93
:10B5B0000021100024030A0D240B120522430C4C19
:10B5C0001B05224013435B00590810BD02002100F7
:10B5D000153291400A000B21081AC4402403240BA1
:10B5E000E6E7002300240022E2E7C0461E04000034
:10B5F000FFFF0F804100090E4B1C70B5DBB2460205
:10B60000750AC40F012B14DDE0239B006D07360B78
:10B61000CB1800210A0D280012051C4D32435B0592
:10B620002A405B0813435B00E4075B0823431900CF
:10B6300070BD002914D1002D1ED0280000F0B0F8F4
:10B640000A281CDC0B232A001B1ADA4003001533DE
:10B650009D400F4B12031B1A5B05160B5B0DD8E7C1
:10B66000002D06D0320B802636036D071643094B9A
:10B67000CFE7084B0026CCE700230026C9E70300EC
:10B680002A000B3B9A400025E3E7C046FFFF0F80EE
:10B6900089030000FF070000F0B54C00640D0B03A8
:10B6A000621C5B0A460F5205C90F1E43C500520DAE
:10B6B000012A29DD374BE718FE2F1CDC002F3BDD6C
:10B6C0008001431E98410722F3006D0F03432B4373
:10B6D0001A40002A04D00F221A40042A00D0043352
:10B6E0008022D2041A4024D00137FAB2FF2F02D0B0
:10B6F0009B01580A01E0FF2200204002D205400AC7
:10B70000C90710430843F0BD3543002C04D1002D78
:10B710000AD100220020F0E7002DECD08020C003E9
:10B720003043FF22E9E7002400235B02580AE2B21B
:10B73000E3E7DB083C00F8E73B001733F3DB80234B
:10B740001B0433431E26F61B1F2E14DD0222524219
:10B75000D71B1A00FA401700202E04D00E4A944638
:10B760006444A3401D432B005D1EAB4107223B43B5
:10B770001A400027ADE7094A2800A21895409340D7
:10B780006C1EA541F04007222B4303431A400027BB
:10B790009FE7C04680FCFFFFA2FCFFFF82FCFFFF8B
:10B7A0001C2101231B04984201D3000C10391B0AF1
:10B7B000984201D3000A08391B09984201D30009B5
:10B7C000043902A2105C40187047C046040302020C
:10B7D00001010101000000000000000010B5002977
:10B7E00003D1FFF7DDFF203002E0081CFFF7D8FF90
:10B7F00010BDC04610B50A22002101F0C9FA10BDE3
:10B8000010B5040004481300002804D00A000220E8
:10B81000210000E000BF10BD00000000074B70B524
:10B820001C680500E36B002B03D1242000F00CF909
:10B83000E0632800E16B00F003F870BD28000020F1
:10B84000F0B50668476885B0594A002330000C00FF
:10B85000390003F0D9FC574A0190851800233000C5
:10B86000534A390003F0D0FC161E06DA524A504BF8
:10B870009446F618019B63441D00E1213000090144
:10B88000FDF7F4FBE121A06009013000FDF7D4FCD5
:10B890000E003C213000FDF7E9FB3C2160603000E8
:10B8A000FDF7CAFCE81C21600721FDF7C5FC002953
:10B8B00000DA0731A161281E404901DA404BE8183F
:10B8C000FDF7D4FB07003F483F497843451928005E
:10B8D000FDF742FB3D4946192800FDF73DFB3C4979
:10B8E000361A2800FDF738FB6E21361AFF3130007A
:10B8F000FDF732FB374901903000FDF72DFB33494E
:10B9000045193000FDF728FB6E21019BFF3159439B
:10B910002D1A6B1A052618007043992102300293E4
:10B92000FDF71AFB050099206843029B31000133A3
:10B9300002300393FDF710FB039B033E1B1A039396
:10B94000092D00D90C3EC8235B005F43019B76198B
:10B95000FF1801250023B5425B41FF183223029AEC
:10B96000FF339A420ED91500333DFF3D1A4B20009C
:10B97000FF18039BE561E360002367612661236292
:10B9800005B0F0BD019B9B0706D164210198FDF72E
:10B9900069FB2800002906D1C82101984900FDF75C
:10B9A00061FB48424841029D3B352D18DEE7C04609
:10B9B000805101006CFA0A006BFA0A00B13A0200E9
:10B9C00050C5FDFF4FC5FDFFAC8E0000B405000063
:10B9D000B03A0200948E000094F8FFFF70B5002684
:10B9E0000C4D0D4C641BA410A64209D1002603F097
:10B9F0005BFD0A4D0A4C641BA410A64205D170BD24
:10BA0000B300EB5898470136EEE7B300EB58984780
:10BA10000136F2E75C0200205C0200205C0200209C
:10BA200084020020EC30006870470000044B1B6863
:10BA30001B6A002B00D1034BEC3318687047C046DB
:10BA4000280000208C00002010B5034B010018686E
:10BA500000F014FB10BDC0462800002010B5034BB9
:10BA60000100186800F0C0FA10BDC0462800002090
:10BA700082B0002900D101A9101E06D0002B06D0EB
:10BA800013780B601078431E984102B07047022073
:10BA90004042FAE7002310B59A4200D110BDCC5CB9
:10BAA000C4540133F8E710B5884202D98B18984284
:10BAB00003D3002307E08B5C8354013AFBD210BD13
:10BAC000CC5CC45401339A42FAD1F8E7030012184F
:10BAD000934200D1704719700133F9E7F7B5016857
:10BAE00004003B290BD93C22684601F0A9FB63689E
:10BAF0000099019A5B186360002A51DB226061683B
:10BB00003B290BD93C22684601F09AFBA3680099B7
:10BB1000019A5B18A360002A47DB6260A1681729BD
:10BB20000BD91822684601F08BFBE3680099019A53
:10BB30005B18E360002A3DDBA26021690B290BD969
:10BB40000C22684601F07CFB63690099019A5B183E
:10BB50006361002A33DB226165691C23AA070FD1C8
:10BB600064212800FDF768FB1D23002908D13C4B08
:10BB70009131E818FF31FDF75FFB4B424B411C331D
:10BB8000E2681D27002A45DD03261C272269E1689B
:10BB9000012A43D0334D90004059814241DC3CE0C2
:10BBA0003C32013B22606360A9E73C32013B6260AA
:10BBB000A360B3E71832013BA260E360BDE70C323B
:10BBC000013B22616361C7E72269013A22610132C8
:10BBD00017D10B23032265692361681E606111334D
:10BBE00010420ED16421FDF727FB3B00002908D14C
:10BBF0001D4B9131E818FF31FDF71EFB4B424B41C5
:10BC00001C3321691A00012902D0164A89008A587A
:10BC1000B618E660E668002ED6DDF7BD8B42FCDA8A
:10BC20001800091A0132E16022610C2AAED100230A
:10BC300065692361681C60613B003042A6D16421C4
:10BC4000FDF7FAFA1D230029A0D1084B9131E8181D
:10BC5000FF31FDF7F1FA4B424B411C3396E7C046EA
:10BC60006C070000600C01006B0700006D0700000E
:10BC7000F0B58BB0040002F0A3F907002000FFF735
:10BC80002DFF3C236268A168534322689B18E12280
:10BC900012014A439B180093E268DB170193236962
:10BCA000501EB54A99008A5882180492626903921C
:10BCB000012B14DD13009B0711D164211000FDF747
:10BCC000BBFA002908D1039BAC4A9131FF31981887
:10BCD000FDF7B2FA002902D1049B01330493049BBF
:10BCE000A749E361039BA74A5B18934200D974E11B
:10BCF000039B462B00DC88E0C826462576000323FC
:10BD00001D4200D07FE064212800FDF795FAB7239B
:10BD10005B00002908D1994B3100E818FDF78CFA37
:10BD20004B424B416E33FF33049A0135D3180493D1
:10BD3000039BAB42E3D1049A934B53431800D917AA
:10BD4000009A019B12184B410092019301F0E4F814
:10BD500001F0E4F88D4B1D68002D4CD06369874AD3
:10BD60009818236A05930893002B01DD012308939B
:10BD70007B68834200D089E0B86CF96C3B6D0200AF
:10BD80000993099B0693DB170793BB6A1D00DE1717
:10BD90009C460B00521BB3411E00019B15009E42A6
:10BDA0000EDC02D1009B9D420AD8069A079B801A9E
:10BDB0009941019B99426EDC02D1009B98426AD85E
:10BDC000069807993A6A7B6A121A8B4139680029EA
:10BDD00063D001998B420ADC02D100998A4206D8CD
:10BDE000019B9E4260DC02D1009B9D425CD8059B7A
:10BDF0000025002B5CDABB6A1E00DF17009A019B4E
:10BE0000B6185F41A6E06E238DE7039B462B92D0C8
:10BE1000C8264525760016E0002B30D16421280085
:10BE2000FDF70AFAB7235B00002908D1534B310014
:10BE3000E818FDF701FA4B424B416E33FF33049A89
:10BE4000013DD31A04930323039A2B40AA42E3DB58
:10BE5000002B16D164211000FDF7EEF9002912D154
:10BE6000039B464A91319818FF31FDF7E5F94B42A3
:10BE700059416E31FF31049B5B1A04935BE76E23DB
:10BE8000DCE76E21F6E7B7214900F4E700F094FF04
:10BE9000002800D070E7089D51E001998B429FDC9B
:10BEA00002D100998A429BD8059B0125002B49DBD2
:10BEB000089E6E40012E42D16346099A9B1A002DBE
:10BEC00000D15B4218002268D917D2182260009A6C
:10BED000019B12184B4100920193E36820000593E7
:10BEE000FFF7FCFDE368059A9B1A28D0012B20DCA4
:10BEF0005A1C00DB1E00049BE2699B190493032378
:10BF0000B61847D5039A501E184215D16421FDF783
:10BF100093F900292DD11E4A039B94469131634425
:10BF20001800FF31FDF788F94B4259416D31FF315F
:10BF300004E001267642DEE7B6214900E161012DE9
:10BF400000D058E73B6D01251E00DF17009A019BCA
:10BF5000B6185F4100F0E1FF049825620430072124
:10BF6000FDF76AF9002936DBA161300039000BB01A
:10BF7000F0BD6E21DBE7C046900C01006C070000AD
:10BF800010270000204E000080510100B81800204A
:10BF90006B070000039A1A4216D164211000FDF7C6
:10BFA0004BF9002912D10F4A039B94469131634407
:10BFB0001800FF31FDF740F94B4259416E31FF3116
:10BFC0008E4206DAE661BAE76E21F8E7B72149004A
:10BFD000F6E7761AF6E70731C6E701267642F71745
:10BFE000C3E7C0466C07000070B50500002910D0FB
:10BFF0000C1F2368002B00DAE418280001F0FBFF77
:10C000001D4A1368002B05D163601460280001F0FD
:10C01000F3FF70BDA34209D9216860188342F3D1B0
:10C0200018685B6841182160EEE713005A68002A1F
:10C0300001D0A242F9D919685818A0420BD1206842
:10C040000918581819608242E0D1106852684118E6
:10C0500019605A60DAE7A04202D90C232B60D5E7B9
:10C0600021686018824203D110685268411821602B
:10C0700062605C60CAE7C04694180020032370B574
:10C08000CD1C9D43083506000C2D1ED20C25A9425F
:10C090001DD8300001F0AFFF254A146821000029A7
:10C0A00019D1244C2368002B03D1300000F002FD8D
:10C0B00020602900300000F0FDFC431C2BD10C2334
:10C0C0003000336001F098FF03E0002DDFDA0C232D
:10C0D0003360002070BD0B685B1B19D40B2B03D998
:10C0E0000B60CC18256003E04B688C420DD11360C7
:10C0F000300001F081FF200007220B30231D904308
:10C10000C31AE7D05A42E250E4E763600C00EFE75D
:10C110000C004968C3E70323C41C9C43A042E1D040
:10C12000211A300000F0C6FC431CDBD1C7E7C04633
:10C130009418002098180020F0B58BB014001D1E34
:10C14000129953DA802424061B191D0014002D2394
:10C150000B702023149E03229E43462E07D03300EB
:10C16000453B59424B411099013ACB18109309AB0A
:10C17000049308AB0393139B00920293109B22003D
:10C1800001932B0001F0FAF80700472E02D1119B12
:10C19000DB0724D5109BFB180793462E14D13B7860
:10C1A000302B0CD10022002320002900FDF75AF883
:10C1B000002804D10123109A9B1A139A1360139B31
:10C1C000079A1B68D3180793002200232000290038
:10C1D000FDF748F8302200280DD0079B099338005E
:10C1E000099B159ADB1B13600BB0F0BD0023AFE772
:10C1F000591C09911A70099B07998B42F8D3EEE7F5
:10C20000F0B5831C85B0019306000C0002702B234F
:10C21000002901DA2D234C427370092C22DD02AB78
:10C22000DD1D20000A21FDF707F86F1E303139703F
:10C2300020000A21FCF71AFF040009280BDC023D4C
:10C240003034019B2C7002AA07321800AA4204D88D
:10C25000801B05B0F0BD3D00E3E72A7801351A7078
:10C260000133F0E73023E418B370301DF470EFE7CA
:10C27000F0B595B00C000A920B931A9D099001F04D
:10C28000A3FE036818000C9300F098FC002312939F
:10C2900023680E900D930D99277E2B680722C90500
:10C2A00045D59B1893431A0008322A601A685B68C8
:10C2B000A264E3640122E56CA66C6B005B080F933B
:10C2C0005242AC4B30000F99FFF7D6F8002830D11E
:10C2D0000122A84B524230000F99FCF7D3FF0028EF
:10C2E00027D10022002330002900FCF7C1FF0028DD
:10C2F00003D023002D2243331A709F4D472F00D8BF
:10C300009E4D032300260D9A236101339A43226038
:10C310000B9B13AA009321000A9B099800F0F4F9E3
:10C32000431C00D093E00120404215B0F0BD07331C
:10C33000B8E732002B0030002900FFF79DF80028F5
:10C3400004D08F4D472FDCD88E4DDAE780230D992E
:10C350006268DB000B43511C43D10732626012AAB2
:10C360000021059211AA03922322236006910193D2
:10C3700008A9636852180292009332002B000497B8
:10C380000998FFF7D9FE20233A0005009A43472A6F
:10C3900007D1119BDA1C02DB6268934245DD023F44
:10C3A000FFB21199652F25D8200001393A0050308D
:10C3B0001191FFF725FF129A060013182361012A35
:10C3C00002DC2268D20701D501332361232308AAA6
:10C3D0009B181B78002B9BD023002D2243331A700F
:10C3E00096E7672F00D176E1472FB8D1002AB6D162
:10C3F0000122B3E7662F19D1636800290CDD2161A2
:10C40000002B02D12268D20702D501335B182361C9
:10C41000119B0026A365D9E7002B03D101222168D7
:10C42000114200D09A1C2261F2E76727119B129AF1
:10C43000934205DB22682361D207E9D50133E6E7A1
:10C440000121002B01DC4918C91A5218EBE72268B8
:10C45000530508D423692A000A9909980B9DA84717
:10C46000431C29D15FE7652F00D8E0E0A06CE16CA8
:10C4700000220023FCF7F6FE002834D00123424AB4
:10C480000A9909980B9DA847431C00D14BE7119BC3
:10C49000129A934202DB2368DB070DD50B9D0E9B9E
:10C4A0000C9A0A990998A8470025431C00D13AE73D
:10C4B000129B013BAB420ADC23689B0700D508E1D5
:10C4C000139BE068984200DB2FE718002DE722005D
:10C4D00001231A320A9909980B9EB047431C00D1D8
:10C4E00021E70135E4E7119B002B2DDC0123264ACF
:10C4F0000A9909980B9EB047431C00D113E7119B82
:10C50000002B05D1129B002B02D12368DB07D3D56A
:10C510000B9E0E9B0C9A0A990998B0470026431C63
:10C5200000D100E7119B5B42B34201DC129B92E712
:10C53000220001231A320A9909980B9FB847431C1D
:10C5400000D1F0E60136EDE7A36D129F9F4200DDBA
:10C550001F00002F08DD3B002A000A9909980B9E56
:10C56000B047431C00D1DEE600230D93FB43DB17ED
:10C570000F9318E0FFFFEF7FC40B0100C00C010018
:10C58000C00B0100C40C01002A100100220001238D
:10C590001A320A9909980B9EB047431C00D1C2E693
:10C5A0000D9B01330D930F9BA66D0D9A3B40F31A23
:10C5B0009342EBDC119B129AAD19934210DB236876
:10C5C000DB070DD4129F119BBE1BFF1AB74200DD83
:10C5D0003700002F0DDCFE43F31700250C931CE001
:10C5E0000E9B0C9A0A9909980B9FB847431CE9D1F6
:10C5F00099E63B002A000A9909980B9DA847431C1D
:10C60000E9D190E6220001231A320A9909980B9E7B
:10C61000B047431C00D186E60135119A129B0C9954
:10C620009B1A3A000A409B1AAB42EBDC44E7129B90
:10C63000012B02DC01231A4232D001232A000A997D
:10C6400009980B9FB847431C00D16CE60E9B0C9ACF
:10C650000A9909980B9F0135B847431C00D162E63F
:10C66000A06CE16C129B00225F1E0023FCF7FAFD18
:10C670003B00002814D000250AE0220001231A32D2
:10C680000A9909980B9FB847431C00D14BE6013526
:10C69000129B013BAB42F0DC220033005032DBE660
:10C6A0002A000A9909980B9DA847431CF4D13AE641
:10C6B0002200012319320A9909980B9EB047431CA6
:10C6C00000D130E60135E368139A9B1AAB42EFDCE8
:10C6D000F6E60025F7E7002A00D189E60021069159
:10C6E00012A9059111A90391232108A80918236013
:10C6F000019300922B000497029132000998FFF7F2
:10C700001BFD050045E6C046F7B5150001938A6894
:10C710000B6900900C00934200DA130022002B609A
:10C7200043321278002A01D001332B6023689B0624
:10C7300002D52B6802332B60062723681F4027D0C1
:10C74000230043331B785A1E93412268920630D44B
:10C750002200019943320098089EB047431C25D01F
:10C76000062320682A68E16803400025042B03D1D2
:10C770008D1AEB43DB171D40A3682269934201DD4C
:10C780009B1AED180027BD4220D1002010E0013790
:10C79000E3682A689B1ABB42D2DD220001231932CA
:10C7A00001990098089EB047431CF0D101204042F7
:10C7B000FEBD3020E1184331087021005A1C45317C
:10C7C0000978A218433202331170C1E72200012315
:10C7D0001A3201990098089EB047431CE6D00137F1
:10C7E000D1E70000F0B589B004920A004332059306
:10C7F000039002920A7E0C000E9B6E2A00D186E006
:10C800001FD8632A33D008D8002A00D18CE0582AD8
:10C810004DD0250042352A7030E0642A01D0692AC3
:10C82000F7D1196825680A1D280629D508681A60F5
:10C83000002803DA2D23029A404213706B4E0A2718
:10C840004FE0732A74D008D86F2A1FD0702AE0D125
:10C85000202209680A43226003E0752A16D0782A4C
:10C86000D7D12200782145321170614E22E0250097
:10C870001A684235111D196013682B70012365E099
:10C8800008681A606906D3D500B2D1E7196825682F
:10C89000081D186008682E0605D5544E08276F2A13
:10C8A0001BD00A2719E06D06F7D580B2F5E74531B0
:10C8B0004E4E0A7018682268011D0068196015063E
:10C8C00021D5D30702D520231A4322601027002840
:10C8D00003D1202322689A4322602300002243339D
:10C8E0001A706368A360002B58DB0422216891430F
:10C8F0002160002854D1029D002B5AD025003378A6
:10C9000042352B7055E05506DBD580B2D9E71A6861
:10C910000D68101D4969186013682E0601D519604D
:10C9200002E06D06FBD519800023029D23614FE0D4
:10C930001A68111D1960156800216268280001F04D
:10C940004FFB002801D0401B606063682361002317
:10C95000029A13703CE023692A0004990398059D0C
:10C96000A847431C3ED023689B0715D4079BE0686B
:10C97000984239DA180037E022000123193204996D
:10C980000398059EB047431C2CD00135E368079AF5
:10C990009B1AAB42F0DCE9E70025F7E70028ADD0B1
:10C9A000029D3900FCF75EFB735C013D2B70002893
:10C9B000F7D1082F09D12368DB0706D56368226900
:10C9C000934202DC3023013D2B70029B5B1B2361F1
:10C9D000059B07AA00932100049B0398FFF794FE90
:10C9E000431CB8D10120404209B0F0BDC80C010081
:10C9F000D90C01000D4B70B51C680500A36B002B12
:10CA00000FD11820FFF720F8094BA0630360094BF2
:10CA100001224360084B83600B2383810023026162
:10CA200043610022A36B1D615A6170BD2800002084
:10CA30000E33CDAB34126DE6ECDE0500124B10B5B3
:10CA40001C68A36B002B0FD11820FEF7FDFF0F4BC6
:10CA5000A06303600E4B012243600E4B83600B23E7
:10CA60008381002302614361A46B0B4A20696169E1
:10CA70000A4B02F0EDFB012200238018594120618E
:10CA800061614800400810BD280000200E33CDAB86
:10CA900034126DE6ECDE05002D7F954C2DF45158D7
:10CAA00010B5034B0A000100186801F09BFD10BD92
:10CAB00028000020002370B5064C05000800236004
:10CAC00002F0E4FC431C03D12368002B00D02B6050
:10CAD00070BDC046C81800200CB430B5164B9DB0D0
:10CAE0000C1E1D6808DA8B2301202B6040421DB00C
:10CAF00030BC08BC02B01847822302A99B008B817E
:10CB00000023029008619C4200D0631E8B604B6141
:10CB100001235B42CB81209A21AB2800019301F0D5
:10CB2000E9FD431C01DA8B232B60002CDFD00023AE
:10CB3000029A1370DBE7C046280000200EB400B54F
:10CB40000B499CB01DAB02900690079104910948D7
:10CB5000094904CB0591006802A9019301F0CAFDBF
:10CB60000023029A13701CB008BC03B01847C046DB
:10CB7000FFFFFF7F280000200802FFFFC9B20378F3
:10CB8000002B04D08B4200D170470130F7E74B42B5
:10CB9000594149420840F7E702780B78002A03D050
:10CBA000013001319A42F7D0D01A704703000A7859
:10CBB00001311A700133002AF9D170470023C25C99
:10CBC0000133002AFBD1581E7047002330B59A422A
:10CBD0000AD0013AC45CCD5CAC4204D1934202D08D
:10CBE0000133002CF6D1631B180030BD30B50500B1
:10CBF000002A00D130BD0C78013A6B1C2C70013139
:10CC0000002C05D19A189A42F4D01C700133FAE72F
:10CC10001D00EDE770B500240D00A14206D12100F2
:10CC2000FFF7ACFF040006E01C00581C2900FFF7CA
:10CC3000A5FF031EF8D1200070BD10B50378002BAE
:10CC40000FD10B785A4253415B42184010BD00236C
:10CC5000CA5C002AFAD0C45C944201D10133F7E7E0
:10CC600001300378002BF2D11800EFE7F0B51F0078
:10CC70000E0087B00590019102920C983478FEF76F
:10CC8000D1FE082200194378751C134036D12D2C93
:10CC900036D1B51C74780126002F62D0102F09D12F
:10CCA000302C07D120222B789343582B54D11027B6
:10CCB0006C7802352D4B3900F31818000393FCF7FC
:10CCC000D1F9049101210023494202008C46180049
:10CCD0002100303909291AD80C00A74223DD591C3C
:10CCE00009D06346824206D302D10499A14202DBF5
:10CCF0000123784320182C780135E9E72E00BCE7A2
:10CD00002B2C01D01E00C7E7B51C7478FAE7210070
:10CD10004139192901D8373CDFE721006139192948
:10CD200001D8573CD9E75A1C08D1059A2333136020
:10CD3000029B0398002B09D107B0F0BD002E00D054
:10CD40004042029A002AF7D0002B01D06B1E0193BB
:10CD5000029B019A1A60EFE73024002FAAD108271E
:10CD6000A8E7302C9ED00A27A4E7C046FFFFFF7F2C
:10CD700013B5054C2468246A002C00D1034C0094A0
:10CD8000FFF774FF16BDC046280000208C0000206D
:10CD900037B51300064A05001068046A002C00D15C
:10CDA000044C0A0000942900FFF760FF3EBDC04616
:10CDB000280000208C000020F0B589B0040001F0AC
:10CDC000FFF84E4B060000209C425FDD6E2564217B
:10CDD0004B4BFF35E01845434A4B7460E0184A4B13
:10CDE00080102D184942E018FCF740F9C821474B44
:10CDF0002D184900E018FCF739F964212B182000A0
:10CE00000093FCF719FA0191C82120004900FCF7B2
:10CE100013FA0A0053425A4133005833079303234D
:10CE200035001C4002910492083505942B78EF6878
:10CE30004A2B2DD1009BDC19059B002B02D1019BB5
:10CE4000002B03D10021029B8B4203D101213B2FF8
:10CE500000DC00216418013C2D492B694C43E41887
:10CE60002B6AE418AC61079BE417EC612835AB42F0
:10CE7000DCD1F16C726A0123914205DC03D1B26C02
:10CE8000316A8A4200D800230120336009B0F0BD26
:10CE9000442B02D1009BDC19DEE7059B049A002B92
:10CEA00003D1019B002B00D0012230235343069372
:10CEB000184B00219C466868009C069A01318B0043
:10CEC0009B186246043BD3580393884210DC201D14
:10CED0000721FCF7B1F9791A00D50731AB685A1E62
:10CEE000072353435918039B994204DA6418B3E7A4
:10CEF000039BE418E1E70739F5E7C046B1070000F6
:10CF00004EF8FFFF4FF8FFFF93F8FFFFBFF9FFFF59
:10CF100080510100940E01007047704710B5024B1C
:10CF2000186800F003F810BD28000020F0B58DB09F
:10CF3000070001F045F8AF490600380001F03AF863
:10CF4000AD4D041E0DD1AD4BAD4A1860AD4B186010
:10CF5000AD4B28681A605A60FEF780FD2C600DB05A
:10CF6000F0BD2968002959D12868FEF777FD200017
:10CF7000FFF724FE411C3800FFF780F828600028E6
:10CF800051D12378A1493A3B5A425341E418A04A6F
:10CF90000AAB200001F0ACFC0028E0DD0A9BE4189D
:10CFA00023782D2B43D12E3B01340493162702AB5B
:10CFB000FF18002308AD3B802B800AAB039302953A
:10CFC0000193009707AA9349200001F091FC0028E3
:10CFD000C5DD3C233A88904F53432A888A4D9B18DD
:10CFE00002AA918AE12212014A439B18049A8749B6
:10CFF0005A43874BB2622B600A9B3A00E418200028
:10D000000AAB01F075FC002818DC2B68B26A6B6073
:10D010007A4B1A6000227B4B1A60A0E7FFF7BCFD39
:10D0200000289CD0A0E72100FFF7C0FDA9E701225E
:10D030002B3B04925A425341E418B7E70A9B6F60B6
:10D04000E41823782D2B00D08DE02E3B013404937F
:10D050001627002302AABF1807AD13832B803B803D
:10D0600008AA0A930AAB02920393019300972A003D
:10D070006849200001F03CFC002800DD7AE0B36A3A
:10D08000664A9B1833650A9B3700E418002308376B
:10D09000049323782C3B5A425341E41825784D2DB4
:10D0A00000D078E01E2202A95218029209AA00922A
:10D0B0001A220AAB5218039301935949200001F038
:10D0C00017FC032800D04AE702AB598B4B1E0B2BF1
:10D0D00000D944E702AB9A8B531E042B00D93EE7DC
:10D0E00002ABDB8B062B00D939E73D707960BA6063
:10D0F000FB600A9BE518022307AA1380002302A9FC
:10D1000008ACCB8223800A932B782F2B0BD11621CE
:10D1100002A809180AAB00910393029401934149B4
:10D12000280001F0E5FB02ABDA8A3C235343228856
:10D130009B1807AA1188E12212014A439B183B6100
:10D140000A9B2837EC18049B012B22D17068FFF74B
:10D1500033FEB26A294B1A60336D9B1A5A1E9341F3
:10D16000284A1360FBE601222B3B04925A425341AA
:10D17000E4186DE73C233A882988534302AA128BAE
:10D180009B18E12212014A439B18049A5A43130048
:10D1900078E701237CE7442305934A2D01D101342C
:10D1A00005950A220BA9200001F060FC1E2302AAAB
:10D1B0000B9D9B181880A54216D1049B002B08D10B
:10D1C0004D3333720323F360013B3361049B73617E
:10D1D00091E733004D2230331A700B2373630A3BFF
:10D1E000B3630023F36386E76B461B7D80B23B701D
:10D1F000F86080E7EA0C0100B4180020BC18002099
:10D20000ED0C0100B8180020F8010020F10C01001D
:10D21000A7180020140D01009C180020F0F1FFFF5A
:10D22000000D0100130D01000B1E04D0FF2A04D9CC
:10D230008A2303608B3B180070470A700123FAE7CA
:10D2400070B50E000400110030001500FBF7F4FF6C
:10D25000002E07DB002901DA0130491B20606160E4
:10D26000200070BD0029F9DD01384919F6E7F0B555
:10D2700003690C6989B0070005910026A34265DBAC
:10D280000B00013C1433A50003935B1904930300C6
:10D29000143302935D19049B28681B68591C019381
:10D2A000FBF75AFE0190B04229D0039B02989C469E
:10D2B0000696624608CA9446019A99B251431B0CDD
:10D2C000534389190A0C9B1807931E0C036889B2F3
:10D2D0009AB2069BD2180368521A190C6B469B8BA4
:10D2E000CB1A11145B18191492B21B041A43049B35
:10D2F000069104C06345DCD22B68002B2DD0059924
:10D30000380001F08FF800281FDB0025019B0298F0
:10D31000013303990193026808C992B255199AB270
:10D32000AA1A05681B0C2D0CEB1A15145B191D1499
:10D3300092B21B04134308C0049B8B42EBD2029AA7
:10D34000A300D3181A68002A11D0019E300009B03A
:10D35000F0BD2B68002B04D1013C029B043DAB4285
:10D36000F7D33C61CBE71A68002A04D1013C029A4A
:10D37000043B9A42F7D33C61E7E70000F0B51600A2
:10D380001F00446A9BB00290239D06960797002CCD
:10D3900008D11020FEF758FB029B5862446084605D
:10D3A0000460C460029B5B6A196800290BD05A684C
:10D3B000012393404A608B60029800F056FE0022E1
:10D3C000029B5B6A1A60002F20DA01232B607B002E
:10D3D0005B080793079CB24B220017931A409A42AE
:10D3E00017D1B04B229A1360069B002B03D1240364
:10D3F00001D100F087FDAC4B249A0893002A02D09B
:10D40000AA4B249A136008981BB0F0BD00232B6030
:10D41000E0E7069E079F0022002330003900FBF75B
:10D4200021FF051E0BD00123229A1360A04B249AE2
:10D430000893002AE7D09F4A24990A60E3E718ABD3
:10D44000019319AB009332003B00029801F068F899
:10D45000630003905B0D74D03A03974C120B144396
:10D460002100964A300016959E180022944BFDF735
:10D47000BBFC944A944BFDF745FA944A944BFCF755
:10D480001BFB040030000D00FEF748F8914A924B58
:10D49000FDF738FA02000B0020002900FCF70CFB16
:10D4A00004000D00FEF704F800220700002320000E
:10D4B0002900FBF7DDFE002809D03800FEF72EF822
:10D4C0002B002200FBF7CEFE434258413F1A0123B6
:10D4D0001493162F0DD88149FB00C91808684968B4
:10D4E000069A079BFBF7D8FE002846D00023013F91
:10D4F0001493189B9E1B00230A933300013B0B934C
:10D5000004D501239B1B0A9300230B93002F36DBCA
:10D510000B9B1197DB190B9300230493209B012491
:10D52000092B00D984E0052B02DD0024043B209365
:10D53000209B981E032800D984E0FBF703FD757734
:10D54000286A189B199A9E18654BF218202A0FDD3D
:10D5500040239B1A9C40634B0698F318D840204305
:10D56000FEF716F80123604C013E091916937CE77B
:10D57000202306989B1A9840F2E71490B9E70A9B7B
:10D58000DB1B0A937B42049300231193C6E701231C
:10D590000D93219B002B59DD0C930993029A556A38
:10D5A00000226A600432100014306968984252D92F
:10D5B000029800F022FD029B28605B6A1B680893BA
:10D5C000099B0E2B00D90AE1002C00D107E1069B34
:10D5D000079C12931394002F00DC89E00F213A007E
:10D5E0003E4B0A40D2009B181D685E6802233C1126
:10D5F0000E93E3060BD53D4B0C401A6A5B6A1298FA
:10D600001399FCF775FD0323069007910E930023F1
:10D610003AE001230D93219BFB180C9301330993EE
:10D62000002BBBDC0123B9E70023B1E70023F1E7BE
:10D6300000230D942093013B00220C930993133394
:10D640002192ABE701230D93023BF5E701230C93F5
:10D6500009931A00F4E7013169605200A3E701233E
:10D660001C420ED00E9B214A01330E93109B2800C2
:10D67000DB009B1831001A685B68FDF743F9050071
:10D680000E00109B641001331093002CE7D1069814
:10D6900007992A003300FCF72BFD0690079142E022
:10D6A0000000F07F0F270000300E0100330E010054
:10D6B0002A1001002B1001000000F03F01FCFFFFC9
:10D6C0000000F83F61436F63A787D23FB3C8608B08
:10D6D000288AC63FFB799F501344D33F200F010097
:10D6E0003204000012040000000010FEF80E0100D9
:10D6F00002230E93002F16D0129813997C420D33FB
:10D700002340CE4ADB00D3181A685B68FDF7FAF8AD
:10D71000002301261D00069007912411002C00D043
:10D720008CE0002BB9D1149B002B00D196E0069C15
:10D73000079D0022C24B20002900FBF799FD00281D
:10D7400000D18BE0099B002B00D187E00C9B002BC4
:10D7500041DDBC4B002220002900FDF7D3F80E9BD1
:10D760000690079101330E930C9B7E1E0E9810932A
:10D77000FDF7D4FE069A079BFDF7C4F80022B24BD2
:10D78000FCF79AF9B14A0E900F910E9C0F9D9446AA
:10D790000F9B634415931D00109B002B61D10698CD
:10D7A00007990022AA4BFDF71FFB2200159B06904C
:10D7B0000791FBF771FD002800D0A8E2A5480F995A
:10D7C000844661440B00069807992200FBF750FD40
:10D7D000002800D095E2129B139C06930794199B96
:10D7E000002B00DA5CE10E2F00DD59E1934BFA00CB
:10D7F0009B185C681B6804930594219B002B00DB3D
:10D80000D8E0099B002B00DDD4E000D07DE2049835
:10D81000059900228E4BFDF775F8069A079BFBF7DA
:10D8200045FD099B04931E00002800D04FE2089B91
:10D83000089A5D1C3123013713704BE234420AD041
:10D840000E9B854A01330E93EB009B181A685B68A8
:10D85000FDF758F83300641001355FE73E00099B7F
:10D8600084E7109B0D995A1E744BD2009B181A68BE
:10D870005B68002949D000207849FCF739FC2B006F
:10D880002200FDF7B1FA089B0E900F9115930698B0
:10D890000799FDF70DFE0400FDF740FE02000B00A6
:10D8A00006980799FDF7A0FA159B30345D1C1C7093
:10D8B0000E9A0F9B06900791FBF7DAFC00286CD1BB
:10D8C000069A079B00205E49FDF78EFA0E9A0F9B81
:10D8D000FBF7CEFC002800D0C3E0089B109AEB1A9F
:10D8E0009A4200DC77E70E980F990022554BFDF71E
:10D8F00009F800220E900F9106980799514BFDF7F9
:10D9000001F8159506900791C1E720002900FCF762
:10D91000F9FF089C109A230094460E900F916344DF
:10D92000159306980799FDF7C3FD0500FDF7F6FD71
:10D930000B00020006980799FDF756FA3035159B43
:10D940002570013406900791A3422AD10E980F99B1
:10D95000089A109B9446634400221D003F4BFCF73D
:10D96000ABF802000B0006980799FBF795FC00281E
:10D9700000D076E00E9A0F9B00203849FDF734FA6C
:10D9800002000B0006980799FBF772FC002800D1F3
:10D9900021E76B1E1A78302A01D037003FE01D00C6
:10D9A000F7E7069807990022264BFCF7ABFF069095
:10D9B0000791B6E7089E049A059B06980799FCF71D
:10D9C00097FBFDF775FD0400FDF7A8FD049A059B84
:10D9D000FCF798FF02000B0006980799FDF704FA80
:10D9E000230030333370099A089B751CEB1A9A4256
:10D9F00048D102000B00FCF75FF8049A059B0690E3
:10DA00000791FBF749FC00282AD1049A059B069848
:10DA10000799FBF727FC002801D0E30720D40399DE
:10DA2000029800F022FB00232B70229B01371F601D
:10DA3000249B002B00D1E6E41D60E4E4200F0100EC
:10DA40000000F03F0000244000001C400000C0FC2B
:10DA5000000014400000C07CF80E01000000E03F10
:10DA60003E006B1E1A78392A06D1089A9A4207D1CD
:10DA700030231370130001361A7801321A708CE7C4
:10DA80001D00EEE70022A44BFCF73CFF0022002320
:10DA9000069007912E00FBF7E5FB00288BD0BEE730
:10DAA0000D9A002A00D1DAE0209A012A00DDBDE0BB
:10DAB000169A002A00D1B5E0984A9B18049D0A9C4A
:10DAC0000A9A0121D2180A920B9A0298D3180B9342
:10DAD00000F06BFB0600002C0EDD0B9B002B0BDD1A
:10DAE0000B9A2300944200DD13000A9AE41AD21A1A
:10DAF0000A920B9AD31A0B93049B002B1FD00D9BF9
:10DB0000002B00D1AFE0002D11D031002A00029887
:10DB100000F0E4FB039A01000600029800F04EFBBF
:10DB200003991090029800F0A0FA109B0393049BB5
:10DB30005A1B04D00399029800F0D0FB03900121F6
:10DB4000029800F032FB119B0490002B00D1E3E11E
:10DB50001A000100029800F0C1FB209B0490012BE9
:10DB600000DD82E00025069BAB420ED1079B1B0324
:10DB7000AB420AD1179B079A134206D00A9B013584
:10DB800001330A930B9B01330B93119B0120002B54
:10DB90006CD10B9B18181F2318407ED001331B1A21
:10DBA000042B70DD1C23181A0A9B24181B180A93D7
:10DBB0000B9B1B180B930A9B002B05DD1A00039986
:10DBC000029800F0DDFB03900B9B002B05DD1A0093
:10DBD0000499029800F0D4FB0490149B002B5ED0B3
:10DBE0000499039800F01EFC002858DA00230A224A
:10DBF0000399029800F052FA0D9B013F0390002B0D
:10DC000000D190E1002331000A22029800F046FA88
:10DC10000C9B0600002B00DD88E0209B022B00DC23
:10DC200084E044E03623189A9B1A47E7099B5D1E5F
:10DC3000049BAB4208DB5D1B099B002B0CDA0A9BA3
:10DC4000099A9C1A00233BE7049B0495EA1A119B4E
:10DC500000259B181193EFE70A9C099B30E7049D70
:10DC60000A9C0D9E37E7049A64E70025049B049AFA
:10DC70001B69109303339B00D318586800F04CFACB
:10DC80002023181A85E7042B95D00A9A1C33D21842
:10DC90000A920B9AE418D3188CE70300F5E7099B66
:10DCA000002B3DDC209B022B3ADD099B0C930C9B47
:10DCB000002B0CD104990522029800F0EFF9049092
:10DCC0000100039800F0AEFB002800DDAFE5219BCA
:10DCD000089DDF43002309930499029800F0C5F9D9
:10DCE000002E00D19BE6099B002B05D0B34203D048
:10DCF0001900029800F0B9F93100029800F0B5F966
:10DD00008DE6109B04931E00E1E70023FAE7109BC9
:10DD1000370004931E008AE500002440330400000D
:10DD20000D9B002B00D1B2E0099B0C93002C05DD6C
:10DD300031002200029800F023FB06003000002D85
:10DD400011D07168029800F058F93100040033696D
:10DD50000C319A1C92000C30FDF79CFE0122210030
:10DD6000029800F00DFB09960600089B0A9304999F
:10DD70000398FFF77CFA09990D900400039800F0CE
:10DD800051FB320010900499029800F065FB0123CA
:10DD90000B93C36830340500002B04D101000398B5
:10DDA00000F040FB0B902900029800F05EF90B9BFD
:10DDB000209A13430ED1069A013313420AD1392C0B
:10DDC00026D0109B002B01DD0D9C31340A9B5D1C7D
:10DDD0001C7081E7109B002B07DB1D00209B1D435F
:10DDE00022D10123069A13421ED10B9B002BEDDD9D
:10DDF00003990122029800F0C3FA0499039000F0FD
:10DE000011FB002802DCE1D1E307DFD5392CDBD19F
:10DE10000A9B0A9A5D1C392313706B1E1A78392AE3
:10DE200067D001321A7057E70A9B5D1C0B9B002BD1
:10DE300004DD392CECD001340A9BC9E70A9B0C9A0B
:10DE40001C70089BEB1A93423ED000230A220399D0
:10DE5000029800F023F9099B0390B34209D10023F3
:10DE60000A220999029800F019F9099006000A950A
:10DE70007DE7099900230A22029800F00FF9002398
:10DE800009900A223100029800F008F9EEE7099B98
:10DE90000C93089B069304990398FFF7E8F9069BF7
:10DEA00030305D1C18700C9A089B0400EB1A9A42E3
:10DEB00008DD00230A220399029800F0EFF8069586
:10DEC0000390E8E70023099303990122029800F0E8
:10DED00057FA0499039000F0A5FA00289DDC01D1BF
:10DEE000E3079AD46B1E1A78302A00D0F4E61D009E
:10DEF000F8E7089A9A4203D1312301371370EBE611
:10DF00001D008AE70B4B249A08930B4B002A01D083
:10DF1000FFF777FAFFF777FA209B012B00DC21E669
:10DF2000119D012035E60C9B002BB2DC209B022BBF
:10DF3000AFDDBCE6270E01002F0E0100F0B50E008C
:10DF400085B00700039200F0A5FD194C3300256849
:10DF5000002D06D1380000F09EFD002005B0F0BD78
:10DF600001331A78002A1FD03D2AF9D1F2E704358F
:10DF700028680028EED0019A3100FEF726FE00281E
:10DF8000F5D1019A2B689446634402931B783D2B8C
:10DF9000EDD123683800ED1A039BAD101D6000F031
:10DFA0007AFD02980130D9E79B1B0193E0E7C04658
:10DFB0005802002007B501AAFFF7C0FF0EBD000000
:10DFC0000048704700020020034B1B68186A0028B5
:10DFD00000D10248F0307047280000208C0000205B
:10DFE000C9B28218904201D10020704703788B4259
:10DFF000FBD00130F6E77047704770B5466A040001
:10E000000D00002E07D11020FDF71EFD6062466056
:10E0100086600660C660666AF368002B13D0636A88
:10E02000AA00DB689B181868002818D101210E008F
:10E03000AE40721D9200200000F0C6FA00280CD0FD
:10E04000456086600DE021220421200000F0BCFA2A
:10E05000636AF060DB68002BE1D1002070BD0268CC
:10E060001A6000230361C360F8E770B5446A0600D4
:10E070000D00002C07D11020FDF7E6FC7062446013
:10E0800084600460C460002D07D0736A6A68DB682E
:10E0900092009B181A682A601D6070BDF7B51E00BB
:10E0A00014239C4607000C0000200D698C44634635
:10E0B0001B68013099B263461B6851431B0C5343E4
:10E0C00089190E0C9B1989B21E0C1B045B18614642
:10E0D00008C18C468542EADC002E1BD0A368AB4207
:10E0E00012DC63683800591CFFF787FF21002369A1
:10E0F00001909A1C92000C310C30FDF7CBFC2100F2
:10E100003800FFF7B2FF019C2B1D9B00E31801357F
:10E110005E6025612000FEBD0300020C00208242EB
:10E1200001D11B0410301A0E01D108301B021A0F46
:10E1300001D104301B019A0F01D102309B00002B4A
:10E1400003DB01305B0000D4202070470722036806
:10E1500010B501001A400DD001240020234205D142
:10E160000230034203D0E34020000B6010BD9B0847
:10E170000B60FBE79CB21000002C01D110201B0C9F
:10E18000DAB2002A01D108301B0A1A0701D1043083
:10E190001B099A0701D102309B08DA07E8D45B0813
:10E1A00001D00130E4E72020E0E710B50C000121A8
:10E1B000FFF723FF01234461036110BDF0B50B6934
:10E1C0001400126989B00D00934201DA25000C0099
:10E1D0002F6926696968BB190293AB68BA19934223
:10E1E00000DA0131FFF709FF0200BB1914329B006E
:10E1F000D3189C4600211300049063451DD31435A9
:10E20000BF00EB191434B6000593A31903950194CC
:10E210000793079B0199994211D3029B002B06DDBE
:10E2200004235B429C4463461B68002B51D0049B33
:10E23000029A18001A6109B0F0BD02C3DDE7019B24
:10E240001B6898B200281CD015000026039F02CF3F
:10E250002C688BB24343090C4143A4B21B199B1990
:10E260000E0029680695090C71181E0C89190E0CF0
:10E270009BB209040B4308C5059BBB42E7D8069B2C
:10E280005E60019B1B681D0C1ED0100000271368E8
:10E29000039E3168046889B26943240C0919C919BD
:10E2A0000F049BB23B43036080CE43683F0C6F4337
:10E2B0009BB2FB18090C5B18059906901F0C0430E3
:10E2C000B142E6D806994B60019B043204330193B6
:10E2D0009FE7029B013B02939FE700000323F7B5F2
:10E2E000134005000E001400002B08D02249013B0A
:10E2F0009A00525800233100FFF7D0FE0600A31009
:10E30000019336D06C6A002C07D11020FDF79CFBDE
:10E310006862446084600460C4606F6ABC68002CFA
:10E3200007D116492800FFF740FF00230400B8601A
:10E3300003600122019B13420AD031002200280011
:10E34000FFF73CFF070031002800FFF78EFE3E007C
:10E35000019B5B1001930CD02068002807D122009C
:10E3600021002800FFF72AFF00232060036004003B
:10E37000DFE73000FEBDC046E80F0100710200007B
:10E38000F0B50D0017002B69541185B0E318019307
:10E39000013300934968AB680290009A934235DBE1
:10E3A0000298FFF72AFE002302000600190014322B
:10E3B000A3422EDBE343DB171C402B00A4001419FF
:10E3C0002A69143392009A1894461F22174024D0C9
:10E3D0000132D21B0392002219682000B9400A437F
:10E3E00004C404CB0399CA409C45F5D84260002A76
:10E3F00002D0019B02330093009B0298013B3361E2
:10E400002900FFF732FE300005B0F0BD01315B009E
:10E41000C3E7980011500133CAE704CB04C49C45FC
:10E42000FBD8E9E70A69036930B59B1A0DD1920060
:10E430001430143184188918043C043925680A689A
:10E44000954204D00123954204D3180030BDA04268
:10E45000F2D3FAE75B42F8E7F0B50D0085B00700AC
:10E46000110028001400FFF7DDFF061E08D101008F
:10E470003800FFF7C2FD01234661036105B0F0BD1E
:10E4800001230193002804DB23002C001D0000233E
:10E49000019361683800FFF7B0FD2F000022019B57
:10E4A0002669C3601434B300E31802932B69143750
:10E4B0009B00FB18039303009446143320CC04CF35
:10E4C0000192AAB294446A46614692882D0C8A1A37
:10E4D0000199090C691A151449190D1492B209040D
:10E4E0000A431A60039AAC460433BA42E6D802994A
:10E4F0001A008C4205D3043A1368002B0ED0066133
:10E50000BCE704CC91B261440D14120C52191514DD
:10E5100089B212040A43AC4604C3E8E7013EEAE7C5
:10E52000F7B51D0001211400089FFFF766FD2B03BE
:10E530006D0006001B0B6D0D24D10193002C27D01C
:10E5400068460094FFF702FE009C00281ED0019B45
:10E5500020211A00091A8A40C340224372610193A4
:10E56000019CB461631E9C4101343461002D18D0BC
:10E57000124BED1835232D183D60181A099B1860B1
:10E580003000FEBD802252031343D6E77461E7E7F3
:10E5900001A8FFF7DBFD0124019B3461736120308A
:10E5A000E4E7074BC018074B3860E3189B00F318EB
:10E5B0005869FFF7B1FD6401201ADFE7CDFBFFFFCB
:10E5C000CEFBFFFFFFFFFF3F4A4370B51100140071
:10E5D000FDF754FD051E03D022000021FDF776FA59
:10E5E000280070BDF8B507000D001600002905D100
:10E5F0001100FDF743FD04002000F8BD002A03D1FF
:10E60000FDF7F2FC3400F7E700F046FA2C00B042C8
:10E61000F2D231003800FDF731FD041EECD02900A4
:10E620003200FDF737FA29003800FDF7DDFCE3E79B
:10E63000F0B58E6885B007000C00039201939E42EE
:10E640003CD890238A89DB001A4234D0032509691B
:10E6500023685B1A0293636902985D43EB0F5D19AF
:10E66000019B6D1001331B18AB4200D91D005305EF
:10E6700032D529003800FDF701FD061E09D10C2313
:10E680003B6040230120A28940421343A38105B08F
:10E69000F0BD029A2169FDF7FDF9A389144A1A40D9
:10E6A00080231343A381029B2661F61826606561CF
:10E6B000019EED1AA560019B9E4200D9019E320089
:10E6C00003992068FDF7EFF9A36800209B1BA36066
:10E6D00023689E192660DAE72A003800FFF782FFD8
:10E6E000061EE0D121693800FDF77EFCC7E7C04671
:10E6F0007FFBFFFFF0B59FB0029005938B890F0061
:10E7000016001B0611D50B69002B0ED14021FDF719
:10E71000B5FC38603861002805D10C23029A013815
:10E7200013601FB0F0BD40237B61002306AC636122
:10E73000203363761033A37635002B78002B01D07D
:10E74000252B46D1AB1B04930CD032003900029824
:10E75000FFF76EFF431C00D1AEE06269049B944654
:10E76000634463612B78002B00D1A5E001220023D4
:10E770005242626002A9543252186E1C2360E36058
:10E78000A3601370A365317805225448FFF728FC75
:10E79000751C00281FD12268D30604D5532302A973
:10E7A0005B1820211970130704D5532302A95B18A5
:10E7B0002B21197033782A2B16D0350000210A201E
:10E7C000E3682A786E1C303A092A4ED9002918D0FD
:10E7D00010E00135B1E7414B2268C01A01238340A4
:10E7E000134323602E00CEE7059B191D1B6805917E
:10E7F000002B01DB099304E05B42E3600223134337
:10E8000023602B782E2B0AD16B782A2B35D1059BD0
:10E8100002351A1D1B680592002B2BDB0793304E27
:10E82000297803223000FFF7DBFB002806D04023C5
:10E83000801B834022680135134323602978062218
:10E8400028486E1C2176FFF7CBFB00283CD0264BD6
:10E85000002B25D10722059B0733934308330593EB
:10E860006369039A9B18636166E7434301219B1820
:10E870003500A6E701235B42D0E700230A201A00F7
:10E880000135636029786E1C3039092903D9002BC2
:10E89000C5D00792C3E74243012352183500F1E780
:10E8A00005AB00933A00114B21000298FDF7E0FC04
:10E8B0000390039B0133D3D1BB890B985B0600D433
:10E8C0002FE7012040422CE705AB00933A00074BAD
:10E8D00021000298FDF786FFEAE7C046F40F010029
:10E8E000FA0F0100FE0F010071C2000031E60000C6
:10E8F0000EB4812370B59DB002AC21AD9B0040CD1C
:10E90000A38102900690FEF759F90B4B6060636299
:10E910000023606109486363A364013BE381320023
:10E920002B0021000068019500F01AF91DB070BCA1
:10E9300008BC03B01847C04641E900002800002089
:10E9400000207047F0B51F000E0085B003900191C4
:10E9500002920A983478FDF765F808220019437886
:10E96000751C134038D12D2C38D17478B51C013367
:10E970000093002F65D0102F09D1302C07D1202211
:10E980002B789343582B57D110276C7802350120F0
:10E9900039004042FAF7E0FA06000120390040420F
:10E9A000FAF760FB002301228C4618005242210036
:10E9B0003039092917D80C00A74222DD002B1EDBB5
:10E9C0001300864205D301D1A44502DB012378431D
:10E9D00020182C780135EAE72E00BAE72B2CC7D196
:10E9E000B51C7478C4E721004139192901D8373C96
:10E9F000E2E721006139192903D8573CDCE713000D
:10EA0000E7E7002B09DA22230120039A4042136032
:10EA1000029B002B0AD105B0F0BD009A002A00D05D
:10EA20004042029A002AF6D0002B01D06B1E0193BF
:10EA3000029B019A1A60EEE73024002FA7D1082725
:10EA4000A5E7302C9BD00A27A1E7000013B5054CA1
:10EA50002468246A002C00D1034C0094FFF772FF55
:10EA600016BDC046280000208C00002037B51300DA
:10EA7000064A05001068046A002C00D1044C0A0004
:10EA800000942900FFF75EFF3EBDC046280000202D
:10EA90008C000020704770470B1F1B68181F002B4D
:10EAA00001DA0B58C018704770B514004B1C03D125
:10EAB00001256D42280070BD938920229343626B2B
:10EAC000A381CEB2CDB26368002A10D0A26B9A4265
:10EAD00007DD2368013B23601E70636801336360B8
:10EAE000E8E7210000F052FB0028F2D0E0E72169BE
:10EAF0002268002907D0914205D2511E0878A84209
:10EB000001D12160EAE723642300443363630323D4
:10EB1000A36323004633E2631E7023600123DEE714
:10EB200010B50C00496B00290ED0230044339942E4
:10EB300001D0FDF759FA0020236C606363608342C3
:10EB400002D0E36B236010BD236901202360002302
:10EB5000A289636020331343A3814042F3E700009E
:10EB6000F0B5B94CC025A544059300230C004A9389
:10EB70004B93862107AB4C93BE230190170004A84A
:10EB8000B24A490040185B00C250B14A6D00425180
:10EB90003B78002B00D154E1FCF748FF08223B787A
:10EBA0007E1CC01802934378134023D06368002B67
:10EBB00014DDFCF73BFF082123681A78801842789F
:10EBC0000A4201D13700E3E74B9A01330292013246
:10EBD0004B9262682360013A6260E7E7862204ABE9
:10EBE00052009B185B592100019802939847002816
:10EBF000DFD0E7E7029A252A6DD1499347937B78C6
:10EC00002A2B02D11A3B4793BE1C37000A223978BF
:10EC10007B1C03930B00303B092B24D98D4E032220
:10EC20003000FFF7DDF9002807D00123801B834067
:10EC3000479A039F1343049247933B787E1C672BAC
:10EC400035D8652B00D3BBE0472B14D8452B00D318
:10EC5000B6E0002B00D1F1E0252B3CD003234D93EF
:10EC60000733489369E0499B039F04935343303B28
:10EC700059184991CBE75B2B00D17DE010D8582B78
:10EC8000ECD1479A02928022029992000A4347925D
:10EC9000102248926E229A429B415B4203334BE022
:10ECA000632B00D175E0642BD8D10A22F1E7702BD9
:10ECB00038D008D86E2B00D173E03AD8692BCDD16B
:10ECC00000234893EAE7752BEFD0782BD9D0732B2C
:10ECD000C4D1022330E06368002B0FDD2368029962
:10ECE0001A788A4200D0ACE00133626823604B9B03
:10ECF000013A0293013362604B9363E7862204ABCF
:10ED000052009B185B5921000198039398470028F3
:10ED1000E4D04A98002800D08CE00138A9239B0059
:10ED20009D44F0BD479A0292202202990A434792DD
:10ED3000A7E708234893043B4D936368002B41DD0C
:10ED4000479B02935B0608D4FCF770FE08212368FA
:10ED50001A78801842780A4240D14D9B022B55DC2C
:10ED600005AB220047A9019800F078F8012868D087
:10ED7000022800D026E7CCE7310007A800F0D6F93A
:10ED8000479B060002934023029A134347930123B3
:10ED9000D2E7479B02934023029A134347930023F1
:10EDA000CAE74798C30600D50CE7059B4B9A191D87
:10EDB00005911B68C70701D51A8003E71A6001E7B0
:10EDC0000523B9E7862204AB52009B185B5921004A
:10EDD0000198029398470028B2D09AE74B9A029282
:10EDE00001324B926268013A6260002A02DD01330F
:10EDF0002360A9E7862204AB52009B185B592100CF
:10EE000001980293984700289ED082E7042B06DCE5
:10EE100005AB220047A9019800F086F8A6E70E4B43
:10EE2000002B00D1CEE605AB220047A9019800E0F7
:10EE300000BF9BE7A3895B0600D46FE70120404237
:10EE40006CE74A986AE7C0465CFDFFFFA9EA00004C
:10EE500021EB0000FA0F010000000000F7B51500DB
:10EE60008A6801900C00002A04D18A69002A17D10F
:10EE70000132A2602268D20603D41A68111D1960FB
:10EE800017680026A369002B1FD0012B0BD12B681C
:10EE900062691B78D35C002B17D1002E33D109E0B7
:10EEA00001225242E5E7022B06D0002E2BD1A369A6
:10EEB000012B28D10120FEBDFCF7B8FD08222B68EC
:10EEC0001B78C01843781342EFD110222368013613
:10EED000134203D12B681B783B7001372A686B689B
:10EEE00001322A60A268013B013A6B60A260002AED
:10EEF00009D0002BC6DCC0235B00E3582900019831
:10EF000098470028BED010232268134006D1E2683B
:10EF10000132E260A269002A00D03B702369002020
:10EF20009E192661C7E70000F0B50C008BB0029374
:10EF3000784B0490160007AA23CB23C2764B059387
:10EF4000A369032B01D1754B0593AE220020A36862
:10EF50005200591E0390914205D95E3BFF3B03933B
:10EF60005E23FF33A36023001C330193D0230027CB
:10EF700022681B0113432360019B0093336807A899
:10EF80001978BB0002221858FFF72AF800282BD066
:10EF9000012F62D16368002B06D1083322686360B9
:10EFA000F933FF33134323605D4B22681340236022
:10EFB000A3685A1EA260002B16D033685A1C326018
:10EFC0001B78009A13707368551C013B7360002B0B
:10EFD00009DCC0235B00E358310004980093984794
:10EFE000002800D080E000950137032FC6D1636868
:10EFF000002B01D10A336360102100276368606928
:10F00000C91A484BC91800F091F8009DA3682268FE
:10F010000093002B41D03168636908781B5C002B9A
:10F020003BD0302829D180231B011A4225D0039BD5
:10F030000137002B05D01A00009B013A01330392DF
:10F04000A3607368013B7360002B1DDD33680133DF
:10F050003360A368013BA360D8E7022FA8D1C02189
:10F0600080232268C90011409B009942BFD1F13B27
:10F07000FF3B6360F033134399E72B4B134023604E
:10F080000B782B700135DCE7C0235B00E3583100BF
:10F090000498009398470028DBD02368DB050ED541
:10F0A000019B9D4207D9BE23013D5B002978E358AF
:10F0B000320004989847019B01209D4227D01022DE
:10F0C00023681A401CD12A70636801990498059E30
:10F0D000B047029B21681B688A0607D51A1D029952
:10F0E0000A601B68186008E00027D6E71A1DCE07E3
:10F0F000F5D502990A601B681880E3680133E36064
:10F100000020019BED1A2369EF19DF1927610BB06D
:10F11000F0BDC046081001004DEA000071CD0000AE
:10F12000FFFAFFFF14100100FFF6FFFF70B50B7828
:10F1300005005E2B18D04A1C002128006C1CFF34EF
:10F1400001700130A042FBD1501E002B0BD00120DA
:10F150004140E9541478501C2D2C0CD05D2C02D069
:10F16000002C05D1100070BD8A1C4B780121E4E70A
:10F1700023000200EDE756785D2EF9D0B342F7DCAC
:10F1800002320133E9549E42FBDCE3E70B00F7B5A2
:10F190004D6B44330C009D421CD18026F60031009B
:10F1A000FCF76CFF002802D101204042FEBD230085
:10F1B0006063A66346331A78104BC254230045336C
:10F1C0001A780F4BC2542A780E4BC254C0182060D4
:10F1D0000020EBE78E6B290073001A000193FFF704
:10F1E00001FA051EE0D08719010032003800FCF753
:10F1F00051FC019B27606563A363E9E7FF030000FF
:10F20000FE030000FD030000002B15D1002A13D1DE
:10F21000002906DB01DC002806D00020C04341089D
:10F2200002E080210906002007B4024801A140182D
:10F23000029003BD0DA0FFFF03B4684601B502981C
:10F2400000F030F8019B9E4602B00CBC7047C046EF
:10F25000F0B5CE46474615042D0C2E0080B50704A8
:10F26000140C3F0C9946030C7E435D436743634394
:10F270007F19340CE4199C46A54203D980235B0214
:10F280009846C4444B4643435143250C36046544D9
:10F29000360C2404A4195B19591820000CBC9046A4
:10F2A0009946F0BDF0B583B016001F0000900191A3
:10F2B00000F014F804000D0002000B0030003900CB
:10F2C000FFF7C6FF009A019B121A8B410899200094
:10F2D0000A604B60290003B0F0BDC046F0B54E4651
:10F2E0005746DE464546E0B50F00002183B00600D4
:10F2F0008946002F06DA3900002746428F41012156
:10F3000049428946002B07DA4946C943100089461D
:10F310001900002342428B4134003D00924698463A
:10F32000BB4269D866D041465046FCF757FA83463F
:10F3300039003000FCF752FA5B461B1A9C46203B12
:10F340009B4600D575E05146584681400B0051461A
:10F35000604681400A00BB4261D85ED034003D0067
:10F360005946A41A9D41002900DA7AE000210020C4
:10F3700001260090019159468E4001966146012672
:10F380008E4061460096002950D0D90756085F0884
:10F390000E4363460EE0AF4201D1A6420CD8A41B37
:10F3A000BD41012124196D410022013B64185541E2
:10F3B000002B06D0AF42EED9013B24196D41002B42
:10F3C000F8D1009801995B4600196941002B3DDB9B
:10F3D0002E00DE4063462C00DC405B46002B4BDBFE
:10F3E00034005D46AC4023006446A6403200801ADB
:10F3F000994103E0B24296D9002000214B46002BF0
:10F4000004D003000C0000215842A14103B03CBCD1
:10F4100090469946A246AB46F0BDB1429ED9002126
:10F4200000200090019161460029AED10098019919
:10F43000E4E72023624651469B1AD940404600919A
:10F4400061468840030000990B4380E76246202311
:10F450009B1A2A009A40260013006246D6401E439B
:10F46000B8E7614620260127761A00200021F740E0
:10F4700000900191019781E767462023624635009D
:10F48000BC409B1ADD4023002B43ADE7044A1368C0
:10F49000002B00D1034B1818106018007047C046AD
:10F4A000C4180020CC180020F8B5C046F8BC08BC31
:10F4B0009E467047F8B5C046F8BC08BC9E467047EB
:10F4C000F09F93AE20E68C87E4BBA4E585A5E58894
:10F4D000973AE7B5A6200020E9808120E2869220B5
:10F4E00000207C2000E29AA0EFB88F2020E5BE85A6
:10F4F000E98081E4BD87E58897E5B7B2E6BBBF2C1C
:10F50000E68C87E4BBA4E4B89FE6A38400F09F9751
:10F51000BAEFB88F2020E5ADB8E588B0E8B7AFE71F
:10F5200094B13A0020766961200073303500733061
:10F53000340073303200F09F92BE20E9A696E6AC0C
:10F54000A1E78792E98C842CE5AFABE585A5E9A01E
:10F5500090E8A8AD20636F6E666967002530386C4F
:10F560005800F09F93A12043414420E581B5E6B8BF
:10F57000ACE588B0E6B4BBE58B952CE9968BE595B8
:10F580009FE68EA5E694B600F09F92A420434144E6
:10F5900020E58187E8ADA6E5A0B1E68896E99D9EC5
:10F5A000E7B5A6E68891E79A84E5B081E58C852CDD
:10F5B000E59B9EE79DA100747275650066616C73A2
:10F5C00065002D2D2D2D2D2D2D2D2D2D20E79BAEC4
:10F5D000E5898D20436F6E666967202D2D2D2D2DB9
:10F5E0002D2D2D2D2D0020206E6F64654944202087
:10F5F0002020203A200020207461726765744E6FCD
:10F600006465203A200020206261636B75702020C1
:10F610002020203A200020207573696E67426163C4
:10F620006B75703A200020206C6576656C20202078
:10F630002020203A200020206973526F7574657273
:10F640002020203A20002020696E74657276616C5B
:10F650002020203A20002073002D2D2D2D2D2D2D22
:10F660002D2D2D2D2D2D2D2D2D2D2D2D2D2D2D2DCA
:10F670002D2D2D2D2D2D2D2D2D2D00F09F9791EF22
:10F68000B88F202041434B20E9809AE9818E2CE4F9
:10F69000BD87E58897E7A7BBE999A43A00F09F9357
:10F6A000A920E694B6E588B0E68C87E4BBA4E5B073
:10F6B00081E58C8520646573743D0020636D644929
:10F6C000643D0020636D643D00207C20727373698B
:10F6D0003D0020736E723D00E299BBEFB88F202091
:10F6E000E68C87E4BBA4E9878DE8A4872CE58FAA84
:10F6F000E59B9E2041434B20E4B88DE9878DE8B718
:10F7000091004F4B5F44555000E29AA0EFB88F2014
:10F7100020E68891E4B88DE698AFE4B8ADE7B9BCCF
:10F72000E7AB992CE784A1E6B395E8BD89E799BCDE
:10F73000E68C87E4BBA4002C4C005F4D002C626F6C
:10F740006F742C002C706D32352C002C706D3130A4
:10F750002C00E29AA0EFB88F20484D33333031208F
:10F76000E8AE80E58F96E5A4B1E69597EFBC8CE70F
:10F77000AD89E5BE85E9878DE696B0E581B5E6B849
:10F78000AC002C742C002C682C002C632C00F09FF7
:10F790009BA0EFB88F2020E59FB7E8A18CE68C876F
:10F7A000E4BBA43A00206172673D0050494E470017
:10F7B000504F4E47005345545F5441524745540003
:10F7C0004552523A4241445F415247004F4B005329
:10F7D00045545F4241434B5550005345545F4C459F
:10F7E00056454C005345545F494E54455256414C82
:10F7F000004552523A544F4F5F53484F52540045C0
:10F8000052523A544F4F5F4C4F4E470050524F4D5B
:10F810004F5445004F4B5F5245424F4F545F4E454A
:10F82000454445440044454D4F5445005245424FE0
:10F830004F540044554D50004552523A554E4B4E90
:10F840004F574E5F434D44002C7669612C00F09F6A
:10F85000948C20484D3333303120E5B7B2E99BA278
:10F86000E7B79A00E29C8520484D3333303120E5DC
:10F87000B7B2E68EA5E585A5E4B8A6E9878DE6963C
:10F88000B0E5889DE5A78BE58C9600F09F948C20D1
:10F89000534344333020E5B7B2E99BA2E7B79A005F
:10F8A000E29C8520534344333020E5B7B2E68EA571
:10F8B000E585A5E4B8A6E9878DE696B0E5889DE5DF
:10F8C000A78BE58C96002C434D442C00E2AC87EFCF
:10F8D000B88F2020E4B88BE8A18CE98081E587BA55
:10F8E0003A00F09F85B0EFB88F2020E8BD89E799F6
:10F8F000BC2041434B20E4B88AE8A18C3A000AF0CE
:10F900009F8C8020E8AE80E58F96E887AAE8BAABA6
:10F91000E695B8E6939A2E2E2E00F09F9A8020E866
:10F9200087AAE8BAABE695B8E6939AE799BCE9806E
:10F93000813A00F09F93A520E694B6E588B0E4B83C
:10F940008BE5B1ACE8B387E696993A00207C20526B
:10F950005353493A0020534E523A002C725F696E5D
:10F960002C002C736E722C00F09F9A8020E5B7B2A9
:10F97000E8BD89E799BC3A002C50524F42452C0013
:10F98000F09FA9BA20E68EA2E6B8ACE4B8ADE7B91C
:10F99000BC3A0050524F42455F41434B00F09F92AA
:10F9A0009A20E4B8ADE7B9BCE59CA8E7B79A3A005D
:10F9B000E29AA0EFB88F20E4B8ADE7B9BCE69CAA04
:10F9C000E59B9EE687893A00F09F948020E4B8ADDD
:10F9D000E7B9BCE58887E68F9BE782BA2000EFBCD9
:10F9E0008CE58299E794A8E782BA2000F09F8EAF59
:10F9F00020E68A93E588B0200020E4B88AE7B79A29
:10FA00002CE98081E4B88BE8A18CE980B2E585B669
:10FA1000E68E92E7A88BE8A696E7AA9700E29AA05E
:10FA2000EFB88F20E4B8ADE7B9BCE68EA2E6B8AC7B
:10FA3000E5A4B1E6959720002F000AF09F8C802066
:10FA40004C3320E8AE80E58F96E6849FE6B8ACE5BF
:10FA500099A8E4B8AD2E2E2E00E29C852054585F64
:10FA6000444F4E45204C3320E4B88AE8A18C3A003C
:10FA7000E29D8C2054585F4641494C20626567697D
:10FA80006E3D0020656E643D00F09F918220E996F6
:10FA90008BE4B88BE8A18CE8A696E7AA9720002013
:10FAA0006D732E2E2E00F09F92A420E784A1E68C89
:10FAB00087E4BBA42CE59B9EE79DA100E28FB320C9
:10FAC000E79DA1E79CA0200020E7A792002C4143DE
:10FAD0004B2C00F09F85B0EFB88F2020E98081E5A6
:10FAE00087BA2041434B3A00F09F92A420736C6583
:10FAF00065702000206D7300E28FB02077616B6528
:10FB000000000000000000000000000000000000F5
:10FB100000000000000000000000000000000000E5
:10FB200000000000000000000000000000000000D5
:10FB300000000000000000000000000000000000C5
:10FB400000000000000000000000000000000000B5
:10FB500000000000000000000000000000000000A5
:10FB60000000000000000000000000000000000095
:10FB70000000000000000000000000000000000085
:10FB80000000000000000000000000000000000075
:10FB90000000000000000000000000000000000065
:10FBA0000000000000000000000000000000000055
:10FBB0000000000000000000000000000000000045
:10FBC0000000000000000000000000000000000035
:10FBD0000000000000000000000000000000000025
:10FBE0000000000000000000000000000000000015
:10FBF0000000000000000000000000000000000005
:10FC000000000000000000000000000000000000F4
:10FC100000000000000000000000000000000000E4
:10FC200000000000000000000000000000000000D4
:10FC300000000000000000000000000000000000C4
:10FC400000000000000000000000000000000000B4
:10FC500000000000000000000000000000000000A4
:10FC60000000000000000000000000000000000094
:10FC70000000000000000000000000000000000084
:10FC80000000000000000000000000000000000074
:10FC90000000000000000000000000000000000064
:10FCA0000000000000000000000000000000000054
:10FCB0000000000000000000000000000000000044
:10FCC0000000000000000000000000000000000034
:10FCD0000000000000000000000000000000000024
:10FCE0000000000000000000000000000000000014
:10FCF0000000000000000000000000000000000004
:10FD0000434144204E5353203D2000535831323755
:10FD1000782076657273696F6E203D2030780043DD
:10FD200041442053504920E9809AE8A88AE6ADA3CF
:10FD3000E5B8B8004341442053504920E9809AE88F
:10FD4000A88AE5A4B1E69597EFBC8CE8AB8BE6AA50
:10FD5000A2E69FA5204E5353E3808153504920E6ED
:10FD60008896204C6F526120E6A8A1E7B58400E890
:10FD7000ADA6E5918AEFBC9A53583132377820E727
:10FD80008988E69CACE580BCE4B88DE698AFE9A034
:10FD900090E69C9FE79A842030783132004C312FD6
:10FDA0004C3220E4B8ADE7B9BCE79BA3E881BDE6DF
:10FDB000A8A1E5BC8F004C3320E69CABE7ABAFE7D6
:10FDC0009C81E99BBBE6A8A1E5BC8F000A3D3D3DB7
:10FDD0003D3D3D3D3D3D3D3D3D3D3D3D3D3D3D3D53
:10FDE0003D3D3D3D3D3D3D3D3D3D3D3D3D3D3D3D43
:10FDF0003D3D00F09F9A8020E7AF80E9BB9EE595EE
:10FE00009FE58B953A2000F09F949120626F6F746C
:10FE100049643A2000F09F919120E79BB4E5B1AC92
:10FE2000E995B7E5AE983A2000F09F9BA0EFB88F18
:10FE30002020E5B7A5E4BD9CE6A8A1E5BC8F3A204B
:10FE400000F09F93B620E5B1A4E7B49A3A204C00A5
:10FE5000E29C8520484D3333303120E5B0B1E7B71F
:10FE60009200E29C8520534344333020E5B0B1E753
:10FE7000B79200E29D8C204C6F52612062656769E9
:10FE80006E20E5A4B1E695972C3120E7A792E5BE58
:10FE90008CE9878DE8A9A600E29D8C204C6F526109
:10FEA00020E784A1E6B395E5889DE5A78BE58C96D0
:10FEB0002C313020E7A792E5BE8CE9878DE696B01D
:10FEC000E9968BE6A99F00F09F8EA720E4B8ADE7E6
:10FED000B9BCE7AB99E980B2E585A5E5B8B8E9A773
:10FEE00090E79BA3E881BDE6A8A1E5BC8F2E2E2E4E
:10FEF000000102030000000000000000AD4200000D
:10FF000021430000BF420000C94200008D420000B2
:10FF10002D43000071430000AD440000AD430000DC
:10FF2000AB420000AB4200005D440000AF42000065
:10FF3000781E0000A0280000F03C000040510000A6
:10FF4000127A0000E4A2000024F4000048E8010056
:10FF500090D0030020A10700000000000000000076
:10FF6000814500005D4700007D450000954500008B
:10FF700089460000994600009F47000000000000ED
:10FF800000000000534F00003D4D00007D45000083
:10FF9000674D0000614D000005500000794D0000E4
:10FFA000914D0000954E0000ED4D0000D14D000038
:10FFB000194D00009F4F0000314D0000C34E00005E
:10FFC0000D4D0000694D0000714D0000433A5C5535
:10FFD000736572735C7261696E395C4F6E654472F1
:10FFE0006976655CA4E5A5F35C41726475696E6F22
:10FFF0005C6C69627261726965735C47726F766589
:020000040001F9
:100000005F2D5F4C617365725F504D322E355F53CB
:10001000656E736F725F484D333330315C53656585
:1000200065645F484D333330582E6370700020652F
:1000300072726F7220636F6465203D004669726D55
:10004000776172652076657273696F6E2030780013
:1000500067657453657474696E6756616C75653A4B
:1000600020435243206661696C3A2065787065636D
:1000700074656420307800726561644D65617375E4
:1000800072656D656E743A20666F756E64204352BA
:100090004320696E206279746520002C2065787099
:1000A0006563746564203078002C20676F7420309D
:1000B0007800726561644D6561737572656D656E1A
:1000C000743A206E6F20534344333020646174616E
:1000D00020666F756E642066726F6D204932432C06
:1000E0002069326320636C61696D732077652073CA
:1000F000686F756C642072656365697665200020A1
:10010000627974657300726561644D6561737572BF
:10011000656D656E743A20656E636F756E74657299
:100120006564206572726F722072656164696E67C2
:1001300020534344333020646174612E000000007A
:1001400000000000000000000000000000000000AF
:10015000000000000000000000000000000000009F
:10016000000000000000000000000000000000008F
:10017000000000000000000000000000000000007F
:10018000000000000000000000000000000000006F
:10019000000000000000000000000000000000005F
:1001A000000000000000000000000000000000004F
:1001B000000000000000000000000000000000003F
:1001C000000000000000000000000000000000002F
:1001D000000000000000000000000000000000001F
:1001E000000000000000000000000000000000000F
:1001F00000000000000000000000000000000000FF
:1002000000000000000000000000000000000000EE
:1002100000000000000000000000000000000000DE
:1002200000000000000000000000000000000000CE
:1002300000000000000000000000000000000000BE
:1002400000000000000000000000000000000000AE
:10025000000000000000000000000000000000009E
:10026000000000000000000000000000000000008E
:10027000000000000000000000000000000000007E
:10028000000000000000000000000000000000006E
:10029000000000000000000000000000000000005E
:1002A000000000000000000000000000000000004E
:1002B000000000000000000000000000000000003E
:1002C000000000000000000000000000000000002E
:1002D000000000000000000000000000000000001E
:1002E000000000000000000000000000000000000E
:1002F00000000000000000000000000000000000FE
:1003000000000000000000000000000000000000ED
:1003100000000000000000000000000000000000DD
:1003200000000000000000000000000000000000CD
:1003300000000000000000000000000000000000BD
:1003400000000000000000000000000000000000AD
:10035000000000000000000000000000000000009D
:10036000000000000000000000000000000000008D
:10037000000000000000000000000000000000007D
:10038000000000000000000000000000000000006D
:10039000000000000000000000000000000000005D
:1003A000000000000000000000000000000000004D
:1003B000000000000000000000000000000000003D
:1003C000000000000000000000000000000000002D
:1003D000000000000000000000000000000000001D
:1003E000000000000000000000000000000000000D
:1003F00000000000000000000000000000000000FD
:1004000000000000000000000000000000000000EC
:1004100000000000000000000000000000000000DC
:1004200000000000000000000000000000000000CC
:1004300000000000000000000000000000000000BC
:1004400000000000000000000000000000000000AC
:10045000000000000000000000000000000000009C
:10046000000000000000000000000000000000008C
:10047000000000000000000000000000000000007C
:10048000000000000000000000000000000000006C
:10049000000000000000000000000000000000005C
:1004A000000000000000000000000000000000004C
:1004B000000000000000000000000000000000003C
:1004C000000000000000000000000000000000002C
:1004D000000000000000000000000000000000001C
:1004E000000000000000000000000000000000000C
:1004F00000000000000000000000000000000000FC
:1005000000000000000000000000000000000000EB
:1005100000000000000000000000000000000000DB
:1005200000000000000000000000000000000000CB
:1005300000000000000000000000000000000000BB
:1005400000000000000000000000000000000000AB
:10055000000000000000000000000000000000009B
:10056000000000000000000000000000000000008B
:10057000000000000000000000000000000000007B
:10058000000000000000000000000000000000006B
:10059000000000000000000000000000000000005B
:1005A000000000000000000000000000000000004B
:1005B000000000000000000000000000000000003B
:1005C000000000000000000000000000000000002B
:1005D000000000000000000000000000000000001B
:1005E000000000000000000000000000000000000B
:1005F00000000000000000000000000000000000FB
:1006000000000000000000000000000000000000EA
:1006100000000000000000000000000000000000DA
:1006200000000000000000000000000000000000CA
:1006300000000000000000000000000000000000BA
:1006400000000000000000000000000000000000AA
:10065000000000000000000000000000000000009A
:10066000000000000000000000000000000000008A
:10067000000000000000000000000000000000007A
:10068000000000000000000000000000000000006A
:10069000000000000000000000000000000000005A
:1006A000000000000000000000000000000000004A
:1006B000000000000000000000000000000000003A
:1006C000000000000000000000000000000000002A
:1006D000000000000000000000000000000000001A
:1006E000000000000000000000000000000000000A
:1006F00000000000000000000000000000000000FA
:100700000800000010000000200000004000000071
:100710008000000000010000000200000004000052
:100720000000000016000000080000001C0000008F
:10073000FF00000400040600000000001700000095
:10074000080000001C000000FF0001040104070075
:10075000000000000A000000080000001C0000006B
:10076000120000010001FF00000000000B0000006B
:10077000080000001C000000130001010101FF003F
:10078000010000000A000000080000001C0000003A
:10079000FF00000500050A00010000000B0000003A
:1007A000080000001C000000FF00010501050B000F
:1007B0000000000014000000080000002C000000F1
:1007C000FF0002000200040000000000150000000D
:1007D000080000002C000000FF00030003000500DB
:1007E0000000000010000000020000001C000000DB
:1007F000FF000002000200000000000011000000E5
:100800000200000004000000FF00FFFFFFFF0100E6
:100810000000000013000000020000001C000000A7
:10082000FF0001030103FF000000000008000000BA
:1008300003000000040000001000FFFFFFFF100095
:100840000000000009000000030000000400000098
:100850001100FFFFFFFFFF00010000001700000074
:100860000300000004000000FF00FFFFFFFFFF0087
:10087000010000001600000003000000040000005A
:10088000FF00FFFFFFFFFF0000000000020000006C
:1008900001000000060000000000FFFFFFFFFF0056
:1008A0000100000002000000010000000400000040
:1008B0000A00FFFFFFFF020001000000030000002C
:1008C00001000000040000000B00FFFFFFFF030019
:1008D0000000000004000000010000001C000000F7
:1008E000040000000000FF00000000000500000000
:1008F000010000001C000000050001000100FF00D5
:1009000000000000060000000100000004000000DC
:100910000600FFFFFFFFFF000000000007000000CF
:1009200001000000040000000700FFFFFFFFFF00C0
:100930000000000018000000060000000000000099
:10094000FF00FFFFFFFFFF00000000001900000094
:100950000600000000000000FF00FFFFFFFFFF0097
:100960000000000012000000080000000400000069
:10097000FF00FFFFFFFFFF0000000000030000007A
:100980000800000004000000FF00FFFFFFFFFF0061
:10099000000000000C000000030000000000000048
:1009A000FF00FFFFFFFFFF00000000000D00000040
:1009B0000800000000000000FF00FFFFFFFFFF0035
:1009C000000000000E000000080000000000000011
:1009D000FF00FFFFFFFFFF00000000000F0000000E
:1009E0000300000000000000FF00FFFFFFFFFF000A
:1009F000000000001B0000000800000000000000D4
:100A0000FF00FFFFFFFFFF00000000001C000000D0
:100A10000800000000000000FF00FFFFFFFF0800CB
:100A200001000000080000000100000006000000B6
:100A30000200FFFFFFFFFF000100000009000000AF
:100A40000800000018000000030001040104090070
:100A5000000000000000000008000000000000008E
:100A6000FF00FFFFFFFFFF0000000000010000008B
:100A70000800000000000000FF00FFFFFFFFFF0074
:100A8000000000000C000000030000000000000057
:100A9000FF00FFFFFFFFFF00000000000D0000004F
:100AA0000300000000000000FF00FFFFFFFFFF0049
:100AB000000000000F000000030000000000000024
:100AC000FF00FFFFFFFFFF0000C201000000080061
:100AD0000000000000000000ED6400002567000039
:100AE000E964000009670000E96600006167000032
:100AF00045670000E5640000E7640000D966000077
:100B00008567000017670000016500006964000048
:100B10002D66000091640000F0FFFFFF0000000060
:100B2000C96600001D660000AB670000D5640000C8
:100B30000000000000000000ED6900001F760000CA
:100B4000F775000003760000556800005768000044
:100B50004569000041726475696E6F204D4B5220EB
:100B600057414E20313331300000040309044172F3
:100B70006475696E6F204C4C430012010002EF0255
:100B800001404123598000010102030100000000DF
:100B9000000000007D7B0000F57E0000077800006B
:100BA0005378000001780000197C000017780000DD
:100BB000F1770000B17800002F780000ED77000099
:100BC0006E616E00696E66006F7666000D0A002524
:100BD0002525642E2564660094A3000006A200006B
:100BE0004AA20000AEA100004AA200003AA3000001
:100BF0004AA20000AEA1000006A2000006A200006A
:100C00003AA30000AEA10000A6A10000A6A100002A
:100C1000A6A1000048A30000BCAA0000BEA90000D5
:100C2000BEA90000DCAC0000B8A90000B8A9000013
:100C3000C4AC0000DCAC0000B8A90000C4AC0000EB
:100C4000B8A90000DCAC0000D2AC0000D2AC0000BF
:100C5000D2AC0000E0AC00004300504F53495800B4
:100C60001F0000001C0000001F0000001E0000000C
:100C70001F0000001E0000001F0000001F000000F9
:100C80001E0000001F0000001E0000001F000000EA
:100C9000000000001F0000003B0000005A000000A0
:100CA0007800000097000000B5000000D4000000AC
:100CB000F300000011010000300100004E010000AF
:100CC000494E46004E414E003031323334353637CE
:100CD00038394142434445460030313233343536A9
:100CE00037383961626364656600545A00474D5471
:100CF000002531305B5E302D392C2B2D5D256E00AB
:100D00004D256875256E2E256875256E2E2568750E
:100D1000256E002F256875256E3A256875256E3A73
:100D2000256875256E00002020202020202020200E
:100D3000282828282820202020202020202020208B
:100D400020202020202020881010101010101010BB
:100D500010101010101010040404040404040404FF
:100D60000410101010101010414141414141010187
:100D70000101010101010101010101010101010163
:100D80000101101010101010424242424242020271
:100D90000202020202020202020202020202020233
:100DA00002021010101020000000000000000000DF
:100DB0000000000000000000000000000000000033
:100DC0000000000000000000000000000000000023
:100DD0000000000000000000000000000000000013
:100DE0000000000000000000000000000000000003
:100DF00000000000000000000000000000000000F3
:100E000000000000000000000000000000000000E2
:100E100000000000000000000000000000000000D2
:100E200000000000000000496E66696E6974790078
:100E30004E614E00000000000000000000000000B5
:100E400000000000000000000000000000000000A2
:100E50000000000000000000000000000000000092
:100E60000000000000000000000000000000000082
:100E70000000000000000000000000000000000072
:100E80000000000000000000000000000000000062
:100E9000000000001F0000001C0000001F000000F8
:100EA0001E0000001F0000001E0000001F000000C8
:100EB0001F0000001E0000001F0000001E000000B8
:100EC0001F0000001F0000001D0000001F000000A8
:100ED0001E0000001F0000001E0000001F00000098
:100EE0001F0000001E0000001F0000001E00000088
:100EF0001F000000000000000080E03779C341437C
:100F0000176E05B5B5B89346F5F93FE9034F384D6F
:100F1000321D30F94877825A3CBF737FDD4F15751B
:100F2000000000000000F03F00000000000024402E
:100F300000000000000059400000000000408F4009
:100F4000000000000088C34000000000006AF84074
:100F50000000000080842E4100000000D012634198
:100F60000000000084D797410000000065CDCD410E
:100F7000000000205FA00242000000E876483742EF
:100F8000000000A2941A6D42000040E59C30A2428D
:100F90000000901EC4BCD64200003426F56B0C4302
:100FA0000080E03779C3414300A0D88557347643A9
:100FB00000C84E676DC1AB43003D9160E458E1430A
:100FC000408CB5781DAF154450EFE2D6E41A4B447F
:100FD00092D54D06CFF08044F64AE1C7022DB544C4
:100FE000B49DD9794378EA44050000001900000057
:100FF0007D000000232D302B2000686C4C006566BE
:101000006745464700000000261001002910010036
:101010002C100100412D46612D66383930313233B4
:10102000343536375D002B2D003030007858000005
:1010300000000000AC83FF7F010000000000000002
:10104000303030303030303000000000FFFFFFFF24
:10105000FFFFFFFF40420F000A0000000A000000EF
:10106000FFFFFFFF2C00002000000000540E0100D5
:10107000740E0100340E01000000000000000000AA
:101080000000000000000000000000000000000060
:101090000000000000000000000000000000000050
:1010A0000000000000000000000000000000000040
:1010B0000000000000000000000000000000000030
:1010C00000000000000000004300000000000000DD
:1010D0000000000000000000000000000000000010
:1010E00000000000000000004300000000000000BD
:1010F00000000000000000000000000000000000F0
:10110000000000000000000043000000000000009C
:1011100000000000000000000000000000000000CF
:10112000000000000000000043000000000000007C
:1011300000000000000000000000000000000000AF
:10114000000000000000000043000000000000005C
:10115000000000000000000000000000000000008F
:10116000000000000000000043000000000000003C
:10117000000000000000000000000000000000006F
:10118000000000000000000043000000000000001C
:10119000000000000000000000000000000000004F
:1011A000000000000000000029D2000071BA000019
:1011B00000000000260D0100A4FA0000CE0B010083
:1011C000CE0B0100CE0B0100CE0B0100CE0B0100B7
:1011D000CE0B0100CE0B0100CE0B0100CE0B0100A7
:1011E000FFFFFFFFFFFFFFFFFFFFFFFFFFFF00000D
:1011F0000100415343494900000000000000000085
:1012000000000000000000000000000000000000DE
:101210000000415343494900000000000000000065
:1012200000000000000000000000000000000000BE
:1012300000000000ED0C0100ED0C010001000000B9
:10124000000000004A000000000000000000000054
:10125000000000000000000000000000000000008E
:101260000000000000000000000000004A00000034
:10127000000000000000000000000000000000006E
:10128000000000000000000000000000000000005E
:1012900000000000C0180020DD200000D12F000059
:1012A000E5440000FD4C0000355100005958000095
:1012B000155C0000315E000041680000817600008E
:0C12C000B520000000000000000000004D
:00000001FF
