:1020000000800020E9860000D1860000D186000013
:1020100000000000000000000000000000000000C0
:10202000000000000000000000000000D186000059
:102030000000000000000000D18600003D87000085
:10204000D1860000D1860000D186000069580000CA
:10205000757D0000D1860000D1860000D586000085
:10206000D1860000D1860000D18600001D510000FD
:10207000D1860000195E0000095E0000D1860000D4
:10208000D1860000D1860000D1860000D1860000F4
:1020900000000000D1860000D18600003558000005
:1020A000D1860000D1860000D1860000D1860000D4
:1020B0000000000010B5064C2378002B07D1054B1B
:1020C000002B02D0044800E000BF0123237010BDA4
:1020D0009002002000000000300F0100044B10B5FA
:1020E000002B03D00349044800E000BF10BDC046E8
:1020F0000000000094020020300F010070B5054C74
:1021000025000C3C543528000C3D06F07FF8A54214
:10211000F9D170BDBC04002010B5064C203C200055
:102120000C3006F073F8200006F070F8024B9C4269
:10213000F4D110BD200600202005002070B5094D07
:10214000094C303D2000183006F060F820000C30BB
:1021500006F05CF82000303C06F058F8AC42F1D1B3
:1021600070BDC0463C0300208C040020034B044893
:102170001B78002B01D103480C307047200600204B
:1021800004000020D402002070B506F0EBFA082508
:10219000084C094B44430F20E41806F033FD013D81
:1021A0006040002DF4D10300044A092104480AF0DC
:1021B0008FFC70BD0D6619005FF36E3C50F500009A
:1021C0000C000020F0B58FB06E46204D320029691A
:1021D00028006B6903F0AAFD1D4C1E4F230007CE9B
:1021E00007C307CE07C332681A602368BB422BD0EF
:1021F000261D14220021300009F064FC0722164934
:10220000300027600AF0EEFC1449072214480AF057
:10221000E9FC032307AE23753300124AA26183CC85
:1022200083C30F4991C991C31A606A69296928005B
:1022300003F06AFD296928006B69320003F014FD80
:1022400009490A4805F0ACFE0FB0F0BDF4020020C9
:10225000D402002057EEFFC022F5000026F5000052
:10226000E0020020E09304002AF50000C4110020E1
:1022700030B50D4B89B00D4A01AD1A602A0013CB61
:1022800013C213CB13C21B68094C13606269216926
:10229000200003F039FD63692A002169200003F062
:1022A000E3FC09B030BDC046D402002057EEFFC0A9
:1022B000F402002070B52A4C2A49200005F070FE77
:1022C0002949200005F046FE284D2000291D05F073
:1022D00067FE2749200005F03DFE290020000C3153
:1022E00005F05EFE2349200005F034FE224920005F
:1022F00005F056FE2149200005F02CFEFFF736FFC1
:102300000100200005F04CFE1D49200005F022FED2
:10231000297D0A22200005F0AEFE1A49200005F0B2
:1023200019FE6B7D1849002B00D11849200005F0DB
:1023300037FE1749200005F00DFEFA21A869890033
:1023400006F006FE0A220100200005F084FE114975
:10235000200005F025FE1049200005F021FE70BD8B
:10236000C4110020B6F50000DAF50000D402002008
:10237000EAF50000FAF50000040000200AF600006B
:102380001AF600002AF60000ABF50000B0F50000D8
:102390003AF600004AF600004DF6000070B5050060
:1023A00000240C263300634305482900C01806F0BA
:1023B000A0F8002802D10134082CF3D170BDC0462A
:1023C000BC04002001000C2010B5094C23685843C0
:1023D000084B181805F0CFFF2368074A0133134054
:1023E00004D50822013B524213430133236010BD40
:1023F000F0020020BC04002007000080F0B58368D4
:1024000087B006000D00002B67D08B68002B64D0CE
:10241000444C03A80434210005F047FF03A9300011
:1024200006F067F8070003A805F0F0FE002F54D16E
:10243000210003A805F039FF03A9280006F059F888
:10244000070003A805F0E2FE002F46D1364C7B01C1
:1024500001931B1900931B7F002B2ED10137082FEE
:10246000F4D100235A01A71800923A7F002A36D1EE
:102470003100380005F07FFF009829000C3020184B
:1024800005F079FF06F068F90123B8613B77274929
:1024900003A805F00AFF310003A805F0F2FF244964
:1024A00005F0FCFF290005F0ECFF0100214805F0D4
:1024B0006DFD03A805F0AAFE0FE03100009806F0BC
:1024C00018F80028CAD0019829000C30001905F02E
:1024D00052FF06F041F9009B986107B0F0BD01334F
:1024E000082BBFD10027073B59017A016118A218B8
:1024F00089699269914200D21F000133082BF3D100
:102500007B01E71831003800009305F034FF009894
:1025100029000C30201805F02EFF06F01DF9B861D7
:10252000DBE7C046D40200202005002005F50000AE
:102530001CF50000C4110020F8B505000E000024B1
:102540000C4FE019037F002B0CD0310005F0D1FFB8
:10255000002807D021000C31C919280005F01BFF05
:102560002800F8BD802320345B009C42E8D1310074
:10257000F3E7C04620050020F0B500231700302205
:1025800089B0254D0090019116005E437419210019
:102590002C31029109780391002934D1009920004F
:1025A00005F0E9FE30000C300199401905F0E3FE1A
:1025B000300018303900401905F0DDFE06F0CCF887
:1025C000039B029AA362012360621370134905A85A
:1025D00005F06BFE009905A805F053FF104905F0C2
:1025E0005DFF019905F04DFF0E4905F057FF3900D9
:1025F00005F047FF01000C4805F0C8FC05A805F0F0
:1026000005FE09B0F0BD0133082BBDD107490648CE
:1026100005F0C6FCF5E7C0463C030020B8F4000016
:10262000CFF40000D9F40000C4110020DDF4000054
:1026300070B5050000243026300060430200094BCD
:102640002C329A5C002A05D10134082CF4D10124E3
:10265000644205E0C018290005F04BFF0028F3D0C4
:10266000200070BD3C030020072806D830234343D8
:102670000248C01800232C30037070473C03002030
:10268000F7B5002706000D003C000192019B2200D7
:102690002C2128009F420CDA05F06FFF002805DA94
:1026A0000949300005F001FE3000FEBD441C013731
:1026B000ECE705F062FF031E00DAAB682200290098
:1026C000300005F0C9FFEFE7CE0A010070B50D003C
:1026D00004005F21280005F05FFF061E05DA0949A6
:1026E000200005F0E2FD200070BD02002C21280032
:1026F00005F06CFF3300421C2900200005F0ACFF00
:10270000F1E7C046CE0A01007FB50D000600124970
:1027100001A805F0CAFD01A9280005F095FF0400F5
:1027200001A805F073FD002C06DA0C49300005F015
:10273000BCFD300004B070BD053422002C212800FF
:1027400005F01BFF031E00DAAB68220029003000F1
:1027500005F082FFEDE7C0468CF80000CE0A0100CC
:10276000F0B50D00160087B04E49040003A805F02F
:102770009CFD290003A805F084FE4B4905F08EFE60
:10278000310005F07EFE0100484805F0FFFB03A87C
:1027900005F03CFD4649280005F0B9FE4549071EF5
:1027A0000BD14549280005F0B2FE0190002819D050
:1027B000B368013B062B06D94049200005F075FDA2
:1027C000200007B0F0BD3E4D0722280031680C30D4
:1027D0000AF008FA3B4BEF741F703B4B1F70FFF77A
:1027E00047FD12E03949280005F091FE00280ED07F
:1027F000B368013B062BDFD8354D0722316828002E
:102800000AF0F0F96B461B79EB713249D5E7324992
:10281000280005F07CFE002808D0300005F03AFFC3
:10282000431E042BC8D8264B1875D8E72B4928001F
:1028300005F06DFE00280DD0300005F02BFF284B71
:1028400028499842B9DD284B28499842B5DC1C4BF1
:102850009861C4E72649280005F059FE061E06D0F7
:102860000122174B5A75FFF703FD2249A5E72249BC
:10287000280005F04CFE002802D0114B5E75F2E7EF
:102880001E49280005F043FE0028EED11C4928000F
:1028900005F03DFE1B49002800D18EE7FFF70AFD39
:1028A000B3E7C046D2F70000E9F70000C4110020EA
:1028B000EFF70000F4F70000F9F7000004F800005B
:1028C000D4020020200600201C05002013F8000080
:1028D0000400002010F800001EF8000028F8000096
:1028E0000F27000035F80000005C260543F80000C3
:1028F00050F8000058F8000069F8000070F8000077
:1029000077F800007CF8000070B58AB015000E0062
:102910000400FFF72BFC010004A805F0C6FC04A985
:1029200007A805F038FD244907A805F0B7FD2100E8
:1029300005F0A7FD214C210005F0B0FD310005F0A8
:10294000A0FD210005F0AAFD290005F09AFD010077
:1029500001A805F020FD07A805F058FC04A805F023
:1029600055FC174C1749200001F03CFF78211E2030
:1029700005F02FFA05F026FF0021200002F038F9BB
:1029800001A9200005F0DFFA0021200001F0A8FED7
:102990000D4907A805F089FC01A907A805F071FDFC
:1029A00001000A4805F0F2FA07A805F02FFC01A87B
:1029B00005F02CFC0AB070BDB6FA000094F70000D8
:1029C0006C0600204058E536BCFA0000C411002017
:1029D00030B50D00140087B0010003A805F0DBFC42
:1029E000234903A805F05AFD290005F04AFD2149B5
:1029F00005F054FD210005F044FD0100684605F096
:102A0000CAFC03A805F002FC1B4C1C49200001F085
:102A1000E9FE2000182101F0D7FF5021142005F015
:102A2000D8F905F0CFFE0021200002F0E1F8694658
:102A3000200005F088FA0021200001F051FEC0219D
:102A40002000490001F0C0FF0D4903A805F02DFC4E
:102A5000694603A805F015FD01000A4805F096FA3D
:102A600003A805F0D3FB684605F0D0FB07B030BDE6
:102A70000AF9000094F700006C0600204058E53683
:102A800010F90000C411002030B587B00122010008
:102A90006846FFF7F5FD114903A805F006FC03A9F8
:102AA000684605F05EFD0024050003A805F0AEFBB6
:102AB000A5420DD10A49684605F029FD01340028D8
:102AC00006D10849684605F022FD444244410234DB
:102AD000684605F09BFB200007B030BD8AFD000072
:102AE00088F800004CF70000F0B504009DB00E001F
:102AF000151C0100022201A8FFF7C2FD21000322DC
:102B000004A8FFF7BDFD2100042207A8FFF7B8FDC8
:102B1000052221000AA8FFF7B3FD7D4913A805F09F
:102B2000C4FB01A913A805F0ACFC7A4905F0B6FC7A
:102B300004A905F0A6FC784905F0B0FC07A905F04A
:102B4000A0FC764905F0AAFC0AA905F09AFC744994
:102B500005F0A4FC04000A22310016A805F0D5FBFC
:102B600016A9200005F08DFC6E4905F097FC0400C5
:102B70000122291C19A805F023FC19A9200005F041
:102B800080FC694D0100280005F000FA19A805F045
:102B90003DFB16A805F03AFB13A805F037FB634F81
:102BA00019A83E1D310005F080FB19A901A805F008
:102BB000A0FC040019A805F029FB002C4BD004A8A8
:102BC000FFF7ECFB002817D05949280005F0E8F979
:102BD000310016A805F069FB564919A805F065FBF8
:102BE00016A819AA04A9FFF78FFE19A805F00EFB75
:102BF00016A805F00BFB35E00AAA07A916A8FFF7EF
:102C0000AFFD04A8FFF7DEFB310019A805F04DFB6E
:102C100016AA04A919A8FFF777FE19A805F0F6FA75
:102C2000454919A805F041FB19A916A805F0C9FCEA
:102C3000040019A805F0EAFA002CD9DBFA204000BC
:102C400005F0C0FDBFF34F8F3C4B3D4ADA60BFF348
:102C50004F8FC046FDE77B7D002B11D139492800FD
:102C600005F09EF90AA805F0D1FA07A805F0CEFAFA
:102C700004A805F0CBFA01A805F0C8FA1DB0F0BD14
:102C800001A90DA8FFF758FC04A913A805F083FBC0
:102C90002D4D13A8290005F001FC07A905F0F1FB53
:102CA0000C9B0600002B2ED0290016A805F0FDFA7B
:102CB0000AA916A805F0E5FB010019A805F06BFBB1
:102CC000012419A9300005F0DCFB010010A805F073
:102CD00062FB19A805F09AFA002C02D016A805F09C
:102CE00095FA13A805F092FA10AA01A90DA8FFF70A
:102CF0006FFE10AA01A90DA8FFF73EFC10A805F071
:102D000085FA0DA875E7114919A805F0CEFAD8E79C
:102D100091F60000AFF60000B7F60000E9F70000FA
:102D2000BDF60000C6F60000C4110020D402002049
:102D3000CCF60000F6F600005BF8000000ED00E0C5
:102D40000400FA05FDF6000094F70000CE0A010029
:102D5000F0B50700002585B02E00194C2C36361929
:102D60003378002B24D0390001A805F014FB154955
:102D700001A805F093FB010020001830401905F070
:102D8000F0FB040001A805F041FA002C10D000234C
:102D90000D49337001A805F088FA390001A805F043
:102DA00070FB0100094805F0F1F801A805F02EFAC2
:102DB000C02330355B009D42CED105B0F0BDC0468A
:102DC0003C03002094F700006FF60000C4110020BF
:102DD00010B590B001000400032201A8FFF750FCD9
:102DE000039B002B02D001A8FFF7B2FF2C2120008B
:102DF00005F0D2FBA368421C210004A805F02CFCBE
:102E0000FFF7B4F901000AA805F04FFA0AA90DA8C6
:102E100005F0C1FA20490DA805F040FB04A905F012
:102E200030FB010007A805F0B6FA0DA805F0EEF991
:102E30000AA805F0EBF9194C1949200001F0D2FC61
:102E400078211E2004F0C5FF05F0BCFC0021200005
:102E500001F0CEFE07A9200005F075F80021200042
:102E600001F03EFC0F490DA805F01FFA07A90DA8B7
:102E700005F007FB01000C4805F088F80DA805F0E7
:102E8000C5F907A805F0C2F904A805F0BFF901A823
:102E900005F0BCF910B010BD94F700006C060020DE
:102EA0004058E53626F90000C411002030B585B041
:102EB0000500FFF7BDFB041E23DB134901A805F045
:102EC000F4F9290001A805F0DCFA104905F0E6FA4A
:102ED00001000F4805F05AF801A805F097F93020D5
:102EE0006043020001000B4B18320C31C018D2189D
:102EF000C918FFF76DFD142005F064FC2000FFF7F2
:102F0000B3FB05B030BDC046BCF90000C9F90000F4
:102F1000C41100203C030020F8B51C222B492C488A
:102F200002F08AFE01222B4B52421A602A4A0025E7
:102F30005A6001221D725A724021284802F002F99B
:102F4000274802F071F9274C2748210040190C3519
:102F500005F0ABF9602DF6D1244F25493A00002049
:102F600005F0E4FF0026234D2100701905F09DF9BE
:102F700028000C308019210005F097F980232036B5
:102F80005B009E42EFD13A001B49002005F0CEFFC6
:102F900000261A4D2100A81905F087F928000C30E9
:102FA0008019210005F081F92800183080192100CE
:102FB00005F07BF9C02330365B009E42E9D13A0030
:102FC0000F49002005F0B2FFF8BDC04600FB00002D
:102FD000F4020020C802002000093D000E0300207A
:102FE000AC020020CE0A0100BC040020000000203A
:102FF000FD20000020050020192100003C030020D6
:103000003D210000FA2370B59B000500984200D2D4
:103010001D00184C1849200004F09CFF0A222900CA
:10302000200005F018F81549200004F0B9FF200031
:1030300003F066FB200003F04BFB2900104802F070
:10304000F1FBE1212000490203F048FA05F084FB7E
:103050000500200003F092FB002805D105F07CFB61
:10306000084B401B9842F4D90749200004F098FF10
:1030700070BDC046C4110020D1FA0000DDFA000086
:10308000E4080020CF070000E1FA000010B5064C6C
:103090000100200001F03CFE200001F045FE43420B
:1030A0005841C0B210BDC046A806002070B504004B
:1030B00005F052FB214A002C04D113682049C31AA1
:1030C0008B421CD910604020FFF7E0FF1D4C237895
:1030D000002815D1002B04D01B4920701B4804F098
:1030E0005FFF6120FFF7D2FF194C002813D123782E
:1030F000002B04D017492070144804F051FF70BD14
:10310000002BEED1144802F061F80028E9D1012328
:1031100012492370E2E72278002AF0D1104D0123F2
:103120001049280002F0BAFA0028E8D0022128004D
:1031300002F0ADFA01230C492370DDE734030020CF
:10314000871300000C03002092F80000C411002037
:103150000D030020CFF800000E030020A8F80000A7
:10316000AC020020A8060020E4F80000F0B505003D
:1031700093B00020FFF79AFF744E33680133336039
:10318000FEF7F4FF0100684605F08FF8694603A8D2
:1031900005F001F96E4903A805F080F907006D4CB0
:1031A0000A22217D06A805F09FF806A9380005F03F
:1031B00068F9694905F072F90700211D09A805F0B1
:1031C00074F809A9380005F05CF9644905F066F95E
:1031D00004000A2231680CA805F0BBF80CA92000F5
:1031E00005F04FF95E4905F059F904005D490FA853
:1031F00005F05BF80FA9200005F043F90100280055
:1032000005F0C9F80FA805F001F80CA804F0FEFFBE
:1032100009A804F0FBFF06A804F0F8FF03A804F0D7
:10322000F5FF684604F0F2FF4F4E3378002B37D09D
:103230004E4C1D2221004E4801F086FF002800D090
:103240007BE0267B637B36021E43A37BE47B1B0271
:1032500048490CA81C4305F028F80A22310009A8A7
:1032600005F053F809A90CA805F00BF9424905F03F
:1032700015F906000A2221000FA805F046F80FA94B
:10328000300005F0FEF80100280005F0D6F80FA880
:1032900004F0BCFF09A804F0B9FF0CA804F0B6FFC5
:1032A000364B1B78002B45D0354C200001F0FEFF3B
:1032B00000283FD0334909A804F0F7FF200002F0AE
:1032C00010F90122011C06A805F07AF806A909A840
:1032D00005F0D7F82C4905F0E1F80600200002F0CF
:1032E000EEF80122011C0CA805F06AF80CA93000C8
:1032F00005F0C7F8254905F0D1F80600200002F0D6
:10330000C9F80A2201000FA804F0FFFF0FA930003E
:1033100005F0B7F80100280005F08FF80FA804F0B9
:1033200075FF0CA804F072FF06A804F06FFF09A84F
:1033300004F06CFF280013B0F0BD0023144A1549B7
:1033400015483370136004F02BFEA9E73803002002
:103350007BF70000D402002094F700007EF7000005
:1033600081F700000C0000200C0300200F03002058
:103370000E03002088F700008FF700000D030020E7
:10338000AC020020C6F70000CAF70000CEF700002C
:103390003403002096F70000C4110020F8B50500A2
:1033A0000F0016000E4C82684168200001F07AF888
:1033B0002B680021D8B205F0DFFC3900200000F0B6
:1033C0007AFF3100200000F076FF06002868012116
:1033D000C0B205F0D1FC200000F0E4FF3000F8BDE1
:1033E0002406002070B504000160C8B2012105F078
:1033F00077FC23680121D8B205F0BEFC122300221D
:1034000063716833A371793B2271E2712272637236
:1034100042212000FFF7C2FF154D06001549280084
:1034200004F098FD21680A22280004F00AFE1249DF
:10343000280004F08FFD0F2E03D81049280004F057
:1034400089FD31001022280004F015FE0C49122ECF
:1034500005D0013EF6B20B49FD2E00D80A492800DE
:1034600004F09EFD812220001100FFF797FF70BD40
:10347000C411002000FC00000BFC00002A0F01001A
:103480001FFC000034FC00006FFC0000F7B5E121D8
:103490006D4C4902200003F021F8FA20C00005F02D
:1034A00091F90121062005F01BFC0021062005F002
:1034B00063FC664E300001F067FC002005F0A2FBC3
:1034C00004F076FCFEF760FEFEF77CFE604920000B
:1034D00004F066FD5F49200004F03CFD5E4F2000D3
:1034E000391D04F05DFD5D49200004F033FD5C49A9
:1034F000200004F055FD5B49200004F051FD5A49BD
:10350000200004F027FDFEF731FE0100200004F04A
:1035100047FD5649200004F01DFD5549200004F0E8
:103520003FFD5449200004F015FD7B7D5249002BDE
:1035300000D15249200004F033FD5149200004F02D
:1035400009FD397D0A22200004F095FD4D49200037
:1035500004F026FD4C4801F039FE002806D1012276
:103560004A4B4B4920001A7004F01AFD494D0123C3
:1035700000223100280002F091F800280AD0012230
:10358000454B022128001A7002F081F843492000BF
:1035900004F006FD05F0E0F8414B186005230193A7
:1035A000404D4149280001F084FA061E07D13F49E9
:1035B000200004F0F5FCFA20800005F003F9019BDF
:1035C000013B0193002B14D1002E14D13849200067
:1035D00004F0E6FC200003F093F8364805F0F2F81A
:1035E000BFF34F8F344B354ADA60BFF34F8FC0467D
:1035F000FDE7002ED4D00921280001F03AF9304926
:10360000280001F067F93421280001F0EBF9C0210E
:103610002800490001F0D8F9280001F0E9F9012259
:103620000E21280001F031FA7B7D002B0BD0042104
:103630002448FFF7D7FE0021280001F041FB224972
:10364000200004F0ADFCF7BDC4110020A806002046
:10365000CCFC0000F3FC0000D402002007FD0000B9
:103660000C00002015FD00003DFD000051FD000094
:103670000400002065FD00009DFC0000B6FC000079
:103680007DFD0000CDFC00000E0300200C03002097
:103690008CFD0000AC0200200D0300209EFD000008
:1036A000340300206C0600204058E536AFFD0000D2
:1036B000D4FD00001027000000ED00E00400FA0532
:1036C00048E80100C802002003FE00008122F8B58E
:1036D00004000F001100FFF761FE022005F072F8F0
:1036E000FF2292212000FFF759FE8722812120002E
:1036F000FFF754FE05F030F80425060005F02CF81D
:10370000801BB8420AD2002212212000FFF746FE99
:10371000284210D1642005F077F8EFE70025FF225A
:1037200092212000FFF73AFE812220001100FFF7CE
:1037300035FE2800F8BD01250540F0E7F0B59FB043
:1037400004000D00161CFFF79FF9002800D02CE1A3
:103750009F4915A804F0A9FD210015A804F091FEC9
:103760009C4904F09BFE07000A22290018A804F0D7
:10377000CCFD18A9380004F084FE974904F08EFEB1
:1037800007000122311C1BA804F01AFE1BA93800F7
:1037900004F077FE0100914804F0F8FB1BA804F048
:1037A00035FD18A804F032FD15A804F02FFD210006
:1037B0006846FEF78BFF210003A8FEF7A5FF059BD7
:1037C00003A9002B00D1694606A804F0E4FD029B82
:1037D000002B03D006A96846FEF710FE06A8FFF7E7
:1037E00065FB2C21200004F0D7FEA368421C2100B9
:1037F00009A804F031FFFEF7B9FC010012A804F09B
:1038000054FD12A90FA804F0C6FD75490FA804F0D5
:1038100045FE09A904F035FE724904F03FFE04009C
:10382000714915A8043104F040FD15A9200004F0E9
:1038300028FE6E4904F032FE04000A22290018A86E
:1038400004F063FD18A9200004F01BFE684904F091
:1038500025FE04000122311C1BA804F0B1FD1BA9A8
:10386000200004F00EFE01000CA804F094FD1BA83B
:1038700004F0CCFC18A804F0C9FC15A804F0C6FCA0
:103880000FA804F0C3FC12A804F0C0FC594C5A491C
:10389000200000F0A7FFC821322004F09AFA04F0BB
:1038A00091FF0021200001F0A3F90CA9200004F0F1
:1038B0004AFB0021200000F013FF50491BA804F030
:1038C000F4FC0CA91BA804F0DCFD0100434804F043
:1038D0005DFB1BA804F09AFC04F03EFF050004F019
:1038E0003BFF474B401B984246D8424F00213800CF
:1038F00001F09EF90028F2D0424915A804F0D5FC49
:10390000380000F0BDFE04003800002C06D000F0A6
:10391000BFFEC1B215A804F0ABFDF1E700F08AFECE
:103920000600380000F09CFE220015A9071C18A80C
:10393000FEF7A6FE2C491BA8043104F0B6FC1BA917
:1039400018A804F0D6FD041E06D015A8FFF79CF8B1
:10395000013844424441E4B21BA804F057FC18A8C3
:1039600004F054FC002C1CD015A83A1C3100FFF7C1
:10397000BBF815A804F04AFC1F491E4800F032FFAE
:103980000CA804F043FC09A804F040FC06A804F0CD
:103990003DFC03A804F03AFC684604F037FC1FB075
:1039A000F0BD15A804F032FC99E7012809D1321CBA
:1039B00029002000FFF798F80F490E4800F012FF89
:1039C000EDE70228EBD12000FFF702FAF4E7C0464A
:1039D00077F9000090F9000099F90000C411002067
:1039E00094F700008CF80000D40200209FF900003A
:1039F000A6F900006C0600204058E536ACF900003E
:103A000057020000CE0A0100F0B5464D8DB0464980
:103A1000280004F0C5FA6846FFF7A8FB434C444968
:103A2000200000F0DFFEC821322004F0D2F904F0BB
:103A3000C9FE0021200001F0DBF86946200004F0F7
:103A400082FA0021200000F04BFE3A4909A804F058
:103A50002CFC694609A804F014FD0100280004F0BC
:103A600095FA09A804F0D2FB04F076FE050004F0F4
:103A700073FE314B401B984246D82C4F0021380032
:103A800001F0D6F80028F2D02C4903A804F00DFC70
:103A9000380000F0F5FD04003800002C06D000F0DE
:103AA000F7FDC1B203A804F0E3FCF1E700F0C2FDAA
:103AB0000600380000F0D4FD220003A9071C06A868
:103AC000FEF7DEFD1E4909A8043104F0EEFB09A94A
:103AD00006A804F00EFD041E06D003A8FEF7D4FFCE
:103AE000013844424441E4B209A804F08FFB06A81F
:103AF00004F08CFB002C10D003A83A1C3100FEF718
:103B0000F3FF03A804F082FB0949084800F06AFEAD
:103B1000684604F07BFB0DB0F0BD03A804F076FB13
:103B2000A5E7C046C411002042F900006C06002041
:103B30004058E5365EF9000057020000CE0A010049
:103B4000D4020020F0B5514D8DB032212800FFF78E
:103B5000BDFD4F4C00282ED1802281212800FFF787
:103B60001DFCC82004F050FE022004F02BFEFA20B9
:103B70008000FFF747FA200000F028FE022004F042
:103B800021FE4449200000F02DFEC0212000490004
:103B900000F01AFFFA21404A890013685B1813608D
:103BA0003E4A9269934204D300223B4B1A60FFF7CE
:103BB0002BFF0DB0F0BD3A493A4804F0F1F9354910
:103BC000200000F00FFE0021200001F079F804F041
:103BD000C3FD050004F0C0FD334B401B984250D894
:103BE0000021200001F024F80028F3D02F4903A879
:103BF00004F05BFB200000F043FD06002000002ED7
:103C000006D000F045FDC1B203A804F031FCF1E795
:103C100000F010FD0190200000F022FD320003A909
:103C2000071C06A8FEF72CFD1C4909A8043104F066
:103C30003CFB09A906A804F05CFC060009A804F0F6
:103C4000E5FA002E16D03A1C019903A8FFF776FD7D
:103C500006A804F0DBFA03A804F0D8FA04F07CFD0F
:103C60000D4B1A68551B281818600C4B9B6998421D
:103C70009FD399E706A804F0C9FA03A804F0C6FA8E
:103C8000A8E70B49074804F08BF9E7E7C8020020D2
:103C90006C0600204058E53630030020D402002096
:103CA00056F50000C411002097080000CE0A01005C
:103CB0007CF50000F0B50600FA209DB08449800034
:103CC00004F087F80A22010001A804F030FB31005B
:103CD00013A804F0EAFA13A916A804F05CFB7D49C6
:103CE00016A804F0DBFB04007B4919A8043104F09A
:103CF000DCFA19A9200004F0C4FB784904F0CEFBDB
:103D000001A904F0BEFB010004A804F044FB19A8BB
:103D100004F07CFA16A804F079FA13A804F076FAF5
:103D20006F4D280000F052FD6E49280000F05AFD4A
:103D3000C0212800490000F047FEC821322004F0CD
:103D400048F804F03FFD0021280000F051FF04A9CD
:103D5000280004F0F8F80021280000F0C1FC6249B6
:103D600019A804F0A2FA04A919A804F08AFB01001A
:103D70005E4804F00BF919A804F048FA0021280065
:103D800000F09EFF04F0E8FC070004F0E5FC584B4F
:103D9000C01B984200D980E00021514800F048FF44
:103DA0000028F2D0534907A804F07FFA4C4C2000B9
:103DB00000F066FC021E07D0200000F069FCC1B2D2
:103DC00007A804F055FBF1E707A90AA8FEF758FC7D
:103DD00041490DA8043104F068FA0DA90AA804F0BD
:103DE00088FB041E2FD0012207A910A8FEF748FC6B
:103DF000414910A804F08BFB041E21D0022207A920
:103E000013A8FEF73DFC310016A804F04EFA16A9DF
:103E100013A804F06EFB041E0CD0032207A919A8F6
:103E2000FEF72EFC01A919A804F063FB040019A8F1
:103E300004F0ECF916A804F0E9F913A804F0E6F987
:103E400010A804F0E3F90DA804F0E0F90AA804F0C2
:103E5000DDF9002C1DD0280000F0B8FC274919A876
:103E600004F023FA07A919A804F00BFB01001F486E
:103E700004F08CF819A804F0C9F907A804F0C6F9F1
:103E800004A804F0C3F901A804F0C0F920001DB093
:103E9000F0BD07A804F0BAF977E7280000F096FC17
:103EA000174919A804F001FA310016A804F0FDF929
:103EB00016A919A804F0E5FA01000C4804F066F808
:103EC00016A804F0A3F919A804F0A0F90024D7E774
:103ED0000F2700002BF70000D402002094F7000009
:103EE0006C0600204058E53633F70000C41100206E
:103EF000C3090000CE0A010046F7000050F7000099
:103F000063F7000070B58AB0FEF730F9FFF7D2FE14
:103F1000294C061E03D0002323700AB070BD2378FD
:103F20002649013301A8237004F0BFF90A22217841
:103F300004A804F0D9F904A901A804F0A2FA2049C0
:103F400004F0ACFA05000A22032107A804F0DDF909
:103F500007A9280004F095FA1A4D0100280004F082
:103F600015F807A804F052F904A804F04FF901A8C5
:103F700004F04CF92378022BCFD90123124A04A86C
:103F8000117826704B401149137004F08EF9FEF73A
:103F9000EDF8010007A804F088F907A904A804F0C7
:103FA00070FA0100280003F0F1FF07A804F02EF9D1
:103FB00004A804F02BF9B0E71C050020EDF900007F
:103FC00008FA0000C4110020200600200AFA0000B0
:103FD000F0B591B0FFF796FF914C9249200003F0A5
:103FE000DFFFFA20C00004F0EDFB04A8FFF7BEF8E5
:103FF0008D4D8E49280000F0F5FBC821322003F0DA
:10400000E8FE04F0DFFB0121062004F0B5FE0021EC
:10401000280000F0EDFD00260700B04208D004A9FA
:10402000280003F090FF3100280000F059FB060043
:104030000021062004F0A0FE002F5AD0002E58D0F8
:104040007B490DA804F031F904A90DA804F019FA70
:104050000100200003F09AFF0DA804F0D7F81E20FD
:1040600004F0B0FB7149280000F0BCFB00212800DF
:1040700000F026FE6F490DA804F017F996210A22D8
:1040800089000AA804F041F90AA90DA804F0F9F979
:10409000694904F003FA0100200003F077FF0AA841
:1040A00004F0B4F80DA804F0B1F804F055FB0023B7
:1040B0000600029304F050FB604B801B5A4D98425F
:1040C00070D80021280000F0B3FD0028F2D05C4930
:1040D00007A804F0EAF8280000F0D2FA0700280048
:1040E000002F2CD000F0D4FAC1B207A804F0C0F918
:1040F000F1E754490AA804F0D8F80A22390007A8C1
:1041000004F003F907A90AA804F0BBF94E4904F02A
:10411000C5F907000A2231000DA804F0F6F80DA930
:10412000380004F0AEF90100200003F02FFF0DA8C5
:1041300004F06CF807A804F069F80AA88DE700F00D
:1041400079FA0390280000F08BFA3A0007A9051CC1
:104150000AA8FEF795FA3D490DA8043104F0A5F828
:104160000DA90AA804F0C5F9071E06D007A8FEF796
:104170008BFC013847424741FFB20DA804F046F8D6
:104180000AA804F043F8002F08D02A1C039907A8B6
:10419000FEF7AAFC04F0E0FA0600029707A804F074
:1041A00035F887E7029B002B03D129491C4803F00F
:1041B000F7FE2849284803F00CFE00270200234B95
:1041C0009E69C31792197B411600BB4204DB05D1DF
:1041D000FA239B009E4201D2FA26B6001F49200016
:1041E00003F0B8FE300007F0CFF900221C4B05F0B9
:1041F0007BFF0B00022102000091200003F0FEFF74
:104200001849200003F0CCFE280000F0E5FA300049
:10421000FEF7F8FE04A803F0F9FF11B0F0BDC046A8
:10422000C411002023FA00006C0600204058E53637
:1042300042FA000072FA000088FA000057020000FB
:10424000CE0A010059FA00006CFA0000D4020020E6
:104250008FFA0000983A000068C5FFFFA5FA000039
:1042600000408F40B1FA000010B5054B5B7D002B7C
:1042700002D0FFF767FC10BDFFF7AAFEFBE7C046C0
:10428000D402002070B506000C008D18AC4207D097
:10429000336821789B683000984720700134F5E737
:1042A00070BD7047704710B50400406801F0B0FE63
:1042B0000023237610BD10B5406801F0CEFE10BD7E
:1042C000F8B5050040680C0001F0C2FE2B68E7B2AB
:1042D000260A9B68012810D139002800FF2798473B
:1042E0002B68BC4304439B683100280098470302B5
:1042F00020003840184380B2F8BD310028009847AC
:10430000FF262B680002344004439B6839002800D4
:104310009847B4432043EEE710B5040004F012FBC5
:10432000200010BD10B54B1C0BD0102909D0EFF3A5
:10433000108472B6102905DD02234376002C00D1CB
:1043400062B610BD0123427E1A43427618224A43C8
:104350000449891816228A569340C2691343C361DF
:10436000ECE7C046200601004B1C17D0102915D0E1
:10437000437E9B0712D4EFF3108272B618234B438F
:104380000749C9180123897D49B28B40C169994306
:10439000C16100D14176002A00D162B67047C046A3
:1043A00020060100437E002B05D09A0704D5837EAA
:1043B000002B00D062B67047DB07FCD5C369024A08
:1043C0009BB2D360F7E7C04600180040037E002B85
:1043D00004D143768376C3610133037670470000CE
:1043E0007FB5036902AE04000D00029172608B423A
:1043F00003D1828AB3889A4226D020000622310057
:10440000103007F043FB606801F019FE7379E17A20
:10441000013B581E8341227B00936068002301F01A
:10442000ABFF33790021013BDBB2022B01D8074AF5
:10443000D15C074B2A009D4200D91A00606801F048
:10444000CFFD606801F0F1FD7FBDC0462DFE00008C
:10445000001BB70070B518260400FFF7B7FF330044
:104460000821207A0D4D4343EB18595604F0B0FC57
:1044700033000821A07A4343EB18595604F0A8FCF6
:104480000821607A4643AD19695604F0A1FC044B3B
:10449000200006CBFFF7A4FF70BDC0462006010038
:1044A0006406002007B5437E00910192002B07D0DF
:1044B0009A070AD5EFF310835A425341837672B6B6
:1044C0000099019AFFF78CFF07BDDB07F8D5C36998
:1044D000014A9BB29360F3E700180040F7B500244F
:1044E0000125194B194A5D711A601C71184B194846
:1044F000083301930360184B184F4360184B194E53
:10450000038109233A003100457504610475837203
:10451000063B0476C472037304F008FD1248134B83
:10452000019A4360124B45750381252331000260D7
:1045300004613A0004758372223B0476C4720373EB
:1045400004F0F4FCF7BDC0466406002000093D00FD
:1045500030FE0000240600209C11002000000020F6
:104560000A080000A542000044060020B411002003
:10457000262400000020704713B56B460268D971ED
:104580000733546819000122A04716BD7047000088
:10459000FA239B0010B583600D4B002108330360A4
:1045A0000C4B04000361012343750B4B4160836195
:1045B0001C23C3611D3B036220330175436281628A
:1045C000C16201634163816303F01EFE200010BDE0
:1045D00094FE0000400D03004406002070B5040066
:1045E0000E001500C3690021D8B204F0C5FBA06914
:1045F000626903682169DB699847A0693100036833
:104600009B689847A069290003689B689847050044
:10461000A06903681B6A9847E0690121C0B204F0F1
:10462000ABFB280070BD7F2310B519400022FFF7B7
:10463000D5FF10BD70B51A210500FFF7F4FF040087
:10464000A86A06F067FF8022044BD20504F00CFE36
:10465000A423002800D1073BE01A70BDDD4ABF410A
:1046600010B51921FFF7DFFF40B206F053FF00221B
:10467000024B06F043F907F00BF810BD0000D03FE5
:1046800010B504001321FFF7CEFFE36AC01A10BD76
:10469000036810B51B6904009847002807D0E36A37
:1046A00000210133E3622000FFF7BDFF10BD0120B0
:1046B0004042FBE710B51E21FFF7B5FF001110BD0A
:1046C00010B51D21FFF7AFFF0011092803DC034BD4
:1046D0008000C05810BD01204042FBE76CFE000086
:1046E00070B504000D1E06D0836B002B03D0402252
:1046F000C021FFF773FF832281212000FFF76EFFA7
:10470000002D0ED1083512212000FFF78CFF284222
:1047100002D104F084F8F6E7082292212000FFF786
:104720005DFF012070BD70B501210400FFF77BFF24
:10473000C043012583070BD012212000FFF773FF30
:1047400008220025104203D092212000FFF746FFE7
:10475000280070BDF7B50D00222114000600FFF7F8
:1047600062FF03190700FF2B01D9FF24241A2B191C
:104770000193019B9D4206D02A7880213000FFF7EB
:104780002DFF0135F5E73A193000D2B2A221FFF72B
:1047900025FF2000FEBD036870B51B690400984723
:1047A000002810D00D212000FFF73DFF002106005A
:1047B0002000FFF738FF050032008D212000FFF7B1
:1047C0000DFF280070BD01204042FBE7812210B59B
:1047D0001100FFF703FF10BD10B580228121FFF704
:1047E000FDFE10BD70B505000800A962C917430B96
:1047F000C90419430B4A0023C00404F097FD0400C8
:10480000020CD2B228008621FFF7E8FE220A280017
:10481000D2B28721FFF7E2FE2800E2B28821FFF73B
:10482000DDFE70BD0048E801F8B50400FFF748FF61
:1048300006002000FFF73EFF262107002000FFF7BB
:10484000F2FE01210500B940300004F00BFC01002C
:10485000FA20800004F006FC08212A008A43D2B224
:10486000102801DD0D43EAB2A6212000FFF7B6FEB5
:10487000F8BD70B505000C00052903DD0C291DDC11
:1048800006291CD1C522B1212800FFF7A7FE0C2262
:10489000B7212800FFF7A2FE062428001E21FFF7FB
:1048A000C2FE0F22240102402243D2B29E212800E0
:1048B000FFF794FE2800FFF7B7FF70BD0C24C3225A
:1048C000B1212800FFF78AFE0A22B7212800FFF74E
:1048D00085FEE2E7F8B50500080006F01BFE0022A1
:1048E000304B06000F00002404F0C8FCA04247D162
:1048F00000222D4B3000390004F0C0FC01340028A8
:104900003ED10022294B3000390004F0B7FC0134BD
:10491000002835D10022264B3000390004F0AEFCCF
:10492000013400282CD10022224B3000390004F041
:10493000A5FC0134002823D100221F4B3000390090
:1049400004F09CFC013400281AD100221B4B3000DB
:10495000390004F093FC0134002811D10022184BD7
:104960003000390004F08AFC0134002808D100220C
:10497000144B3000390004F081FC444244410834B7
:1049800028001D21FFF74FFE0F2224010240224381
:10499000D2B29D212800FFF721FE2800FFF744FF37
:1049A000F8BDC0460078BE400050C4400078CE40FC
:1049B0000050D4408084DE40805CE4408084EE403F
:1049C0008084FE4080840E4170B505000C000A1200
:1049D000D2B2A021FFF702FE2800E2B2A121FFF728
:1049E000FDFD70BD10B5CAB2B921FFF7F7FD10BDCE
:1049F00010B51E210400FFF716FE04220243D2B2B6
:104A00009E212000FFF7EAFD10BD10B504007829B3
:104A10000ED82D390800052104F024FBC2B21F2056
:104A20000240013002438B212000FFF7D7FD10BD6B
:104A30001B22F029F3D81E3108000A21ECE770B5DB
:104A400005000C00112916DD142900DD1424CD21E8
:104A500087222800FFF7C2FD8C21033C2800FFF7C6
:104A6000D4FF8022023C524222432800D2B2892144
:104A7000FFF7B4FD70BD022900DA0224CD218422A3
:104A80002800FFF7ABFD6421E8E710B5002A0DD13F
:104A90000E2907DD0E2170220A43D2B28921FFF7C9
:104AA0009DFD10BDCA43D2171140F4E7FFF7C7FFC1
:104AB000F7E770B504000E001C20012104F010F986
:104AC00000211C2004F058F90121212004F008F9EC
:104AD0000021212004F050F901211E2004F000F9EA
:104AE00001211E2004F048F9C82003F06BFE0021CC
:104AF0001E2004F041F9C82003F064FE01211E20AD
:104B000004F03AF9322003F05DFEE3690121D8B2E6
:104B100004F0E6F8E3690121D8B204F02DF9206A27
:104B2000431C13D0C0B2012104F0DAF8236A00213B
:104B3000D8B204F021F90A2003F044FE236A0121CF
:104B4000D8B204F019F90A2003F03CFEA069002550
:104B50000368DB6A984742212000FFF764FD1228B2
:104B600028D12000FFF738FE31002000FFF73AFE81
:104B70002A008E212000FFF731FD2A008F2120001E
:104B8000FFF72CFD0C212000FFF74DFD032202430F
:104B9000D2B28C212000FFF721FD0422A6212000A3
:104BA000FFF71CFD11212000FFF749FF2000FFF750
:104BB0000DFE0135280070BD002310B51D210363D3
:104BC0000400FFF730FDFE229D2102402000FFF788
:104BD00005FD10BD70B501241D2104630500FFF71C
:104BE00022FD0443E2B228009D21FFF7F7FC70BDCF
:104BF00070B504000D00FFF796FD0023984212D116
:104C00002000FFF7E3FD2000002D0ED0FFF7E2FFAC
:104C100000228D212000FFF7E1FC0022A2212000CC
:104C2000FFF7DCFC0123180070BDFFF7C5FFEFE7BD
:104C300070B50E0012210400FFF7F5FC05002000FE
:104C4000002E28DDFFF7C6FFF2B2A2212000FFF7F9
:104C5000C5FC2A0092212000FFF7C0FC60231D4004
:104C6000402D1BD10023E362236B2221002B00D1B6
:104C700013212000FFF7D7FC102105002000FFF7CB
:104C8000D2FC8D2102002000FFF7A8FC2000FFF7D6
:104C90009DFD280070BDFFF78FFFDAE7012120009E
:104CA000FFF7C1FC00258628F3D02A008D212000C3
:104CB000FFF794FC862281212000FFF78FFCE8E7B4
:104CC00070B504000D000022C021FFF787FC200012
:104CD000002D0CDDFFF77EFFEAB2A2212000FFF7D6
:104CE0007DFC852281212000FFF778FC70BDFFF755
:104CF00063FFF6E710B50248FFF74AFC10BDC04657
:104D00006C06002010B503689C6B0123A04710BD02
:104D10008C2300229B00C154103BC3185A609A6038
:104D2000DA6001238375704710B5036801211B6B9E
:104D3000984710BDF8B505000E0017000024BC42CE
:104D400008D02B68315D1B6828009847002801D0E7
:104D50000134F4E72000F8BDFC30406A704770472A
:104D60008E239B00C15070478D239B00C15070471C
:104D70000300FC335A6A002A03D01B6AC018007E65
:104D8000704701204042FBE770B5060018250C492A
:104D9000006901F03BFB306901F079F92B00082133
:104DA000307D084C4343E318595604F011F80821AC
:104DB000707D45436419615604F00AF870BDC04621
:104DC000A08601002006010070B504000D000069F6
:104DD00001F072F92900206901F018FB206901F047
:104DE00056F970BD10B5006901F066F910BD0000FC
:104DF000F7B50193FA238026002504009B00836009
:104E0000134B760008330F004560290000920360C1
:104E10003200183006F056FE23002000FC33253007
:104E2000DD6132001D6229005D62FF3006F04AFE3E
:104E300088239B00E3185D609D60DD606B461B78F6
:104E4000276123756B461B79A57520006375FEBD30
:104E5000B8FE000070B506001825006901F0B1FA2F
:104E6000306901F014F92B000821307D064C4343D2
:104E7000E318595603F0ACFF0821707D45436419CF
:104E8000615603F0A5FF70BD2006010010B5002299
:104E9000FFF7E0FF10BD0300802210B5FC33DC6893
:104EA0005200944208D05A6881545A680132D2B2F2
:104EB0005A60DA680132DA6010BDF7B50400171ED7
:104EC000019302D100252800FEBD03000022FC331F
:104ED000DA611A625A620069013201F01FF9061E96
:104EE000F0D0230020691833009301F0AAF90100E3
:104EF0000098FFF7D0FF01252069BD4214D001F0D2
:104F00007EF900280FD0206901F0E8F8022120691D
:104F100001F0EEF8206901F094F901000098FFF724
:104F2000BAFF0135E8E70600206901F0CFF8019BE0
:104F3000002B06D0002E06D00321206901F0D8F8FE
:104F4000C1E7002EBFD1013DBDE7002310B5827D32
:104F50009A420CD0882292008218D4688022520093
:104F6000944204D02530FF30FFF795FF012318004D
:104F700010BD0300FC33DA68002A09D09A68805C0F
:104F80009A680132D2B29A60DA68013ADA60704700
:104F900001204042FBE700228C2370B59B00827504
:104FA00004000E00C15C006901F0B8F8002806D1C9
:104FB0000321206901F09CF80225280070BD882398
:104FC0009B00E318DD68002D11D020002530FF3054
:104FD0002569FFF7CEFFC1B2280001F0E1F80028F3
:104FE000EDD10321206901F083F80325E5E7002EC8
:104FF000E3D00321206901F07BF8DEE710B518301B
:10500000FFF7B7FF10BD70B50400006901F0EEF8BE
:10501000002815D0206901F000F9002811D020697E
:1050200001F05CF80321206901F062F88E239B00F7
:10503000E558002D35D10023FC34E361236263621F
:1050400070BD206901F0F3F8002809D0206901F053
:10505000E9F8002804D0206901F0EEF80028DED03D
:10506000206901F0E4F8002821D1206901F0D0F88E
:105070000028E5D0206901F0DFF8002833D088232C
:105080009B00E318DB68FF21002B05D020002530B2
:10509000FF30FFF76EFFC1B2206901F099F8A075EB
:1050A000CEE7236820001B699847A847C3E720691B
:1050B00001F014F82069032101F01AF8206901F0C9
:1050C000BBF80028BCD0882300229B00E3185A605C
:1050D0009A60DA600123A3758D239B00E358934205
:1050E000AED09847ACE72300FC335A6A802320698E
:1050F0005B009A4206D100F0E9FF0321206900F02D
:10510000F7FF9DE701F09DF8010020001830FFF740
:10511000C2FE206900F0E2FFEFE7000010B5024890
:10512000FFF771FF10BDC046A806002010B50C2384
:105130000B2202490248FFF75BFE10BDA4110020BC
:10514000A806002001707047F8B5114E0C0015003C
:1051500040211D223000FFF7D5FD0B273000FFF75F
:10516000FBFDA84208D16519AC420FD03000FFF713
:1051700045FF20700134F7E7013F002F03D00120E5
:1051800003F020FBEAE702204042F8BD0020FCE7E4
:10519000A806002070B50D00084C01782000FFF72C
:1051A000B7FD29002000FFF7D0FE2000FFF7BCFD6F
:1051B0000023984200D0023B180070BDA8060020D2
:1051C00010B58821FFF7E6FF10BD000070B50400A0
:1051D0000E48FFF7D9FD2000FFF7F2FF051E12D0A1
:1051E0000B4C0C49200002F0B5FE0A2232212000AF
:1051F00002F023FF0849200002F0ACFE0A22290039
:10520000200002F01EFF280070BDC046A806002046
:10521000C411002008FF00006AFF000010B50368F9
:10522000C9B21B68984710BD002300224360836009
:10523000C3600123027443748374C374027670479D
:1052400070B504000D00006861210368DB6A9847AF
:1052500029122068FFF7E2FFE9B22068FFF7DEFFBE
:10526000206803685B6B9847002801D0002070BD60
:10527000032003F0A7FA2068022203686121DB6B98
:105280009847206803681B6998470028EED020687B
:1052900003685B699847050020682D0203685B6915
:1052A0009847C0B2284380B2E1E7000010B5044936
:1052B000FFF7C6FF013843425841C0B210BDC04697
:1052C00002020000F0B5FF20082531268A1891421D
:1052D0000FD00B7858402B0047B24400E0B2002FAB
:1052E00001DA7440E0B2013BDBB2002BF4D10131B2
:1052F000EDE7F0BDF0B589B00400FFF7D7FF0190EE
:105300000390002800D1ACE00023206805930693A9
:10531000079303686121DB6A984703212068FFF740
:105320007DFF00212068FFF779FF206803685B6B31
:105330009847051E02D00023019392E0032003F05A
:1053400041FA2068122203686121DB6B984706004E
:10535000206803681B699847071E70D02F002068DB
:10536000EBB2029303685B699847C6B2112D3DD03A
:105370000123D822AB40520213422ED1D822D200B0
:10538000134221D11B22134230D0EBB2022B19D889
:1053900003235B1B05AAD6540321E8B203F05EFE8B
:1053A00004ABC9B25E540135122DD8D1002F5BD1A8
:1053B000059B67746360079BA774A360069BE774F3
:1053C000E3604EE00423E4E7EBB2082B03D80923A3
:1053D0005B1B07AADFE70A23FAE7EBB20E2B03D821
:1053E0000F235B1B06AAD6E71023FAE7022204A9C3
:1053F0002000FFF767FF02908642D4D0277E002F5F
:105400001BD01E49606902F09AFD0A22E9B2606968
:1054100002F02DFE1A49606902F091FD10220299F6
:10542000606902F024FE1749606902F088FD1022CD
:105430003100606902F01FFEB5E7039FB3E7237EEA
:10544000002B00D177E71049606902F078FDF1B2D6
:105450000A22606902F00BFE0C49606902F08CFDC3
:105460000197019809B0F0BD237E002B00D162E7BF
:105470000749606902F080FD5DE7C046B3FF0000A8
:10548000D7FF0000E5FF0000EEFF00003B00010039
:105490004200010010B5437C0400002B08D0FFF748
:1054A00029FF002804D1237C002B01D10023636055
:1054B00001236068637403F059FF80B210BD10B51A
:1054C000837C0400002B08D0FFF714FF002804D1D0
:1054D000237C002B01D10023E3600123E068A37447
:1054E00010BD10B5C37C0400002B08D0FFF702FFED
:1054F000002804D1237C002B01D10023A3600123C9
:10550000A068E37410BD0000F7B504000D0000684A
:10551000612103681700DB6A984729122068FFF7AA
:105520007DFEE9B22068FFF779FE206803685B6BB7
:105530009847002801D00020FEBD032003F042F967
:105540002068032203686121DB6B984720680368A9
:105550001B6998470028EED0206801AD03685B699D
:1055600098472870206803685B69984768702068CE
:1055700003685B6998472A786B7812021343290005
:10558000C6B23B8002222000FFF79CFE05000120EE
:10559000AE42D1D0237E002BCDD00949606902F004
:1055A000CEFC10222900606902F061FD05496069A6
:1055B00002F0C5FC10223100606902F05CFDBAE720
:1055C0008CFF0000E5FF000073B56B46D1219E1DE6
:1055D000320009020400FFF797FF00280CD0257E57
:1055E000002D09D00549606902F0A9FC318810221C
:1055F000606902F026FD280076BDC04678FF0000F5
:10560000F0B585B00E0003A9171215004A700222EA
:1056100004000F70FFF756FE0190206861210368B7
:10562000DB6A984731122068FFF7F8FDFF212068F8
:105630003140FFF7F3FD39002068FFF7EFFDFF2150
:1056400020682940FFF7EAFD2068019903681B687C
:105650009847206803685B6B984743425841C0B243
:1056600005B0F0BD10B50A1E00D001220149FFF7B8
:10567000C7FF10BD0653000010B50A001021FFF748
:10568000BFFF10BD10B50021FFF7F6FF10BD0A00E7
:105690008C2110B5C901FFF7B3FF10BDF8B501604B
:1056A000050016001F00FFF78FFF041E02D1002423
:1056B0002000F8BD002FFBD02800FFF7E3FF041EF9
:1056C000F5D002212800FFF7E2FF31002800FFF7A4
:1056D000C9FFEDE7114B12495A880A405A805A789F
:1056E000D209FCD10F4A5A805A78D209FCD10E4A0D
:1056F0005A605A7852B2002AFBDB80225968920322
:105700000A435A605A7852B2002AFBDBC023074A88
:105710009B0051680B4353607047C046000C00402B
:10572000FFBFFFFF054600000603010000400041E7
:1057300070B5124801F022F8114C002819D0200051
:1057400001F0D2F9002002220E4B0F4D196891434F
:10575000196004212E6931432961BFF34F8F30BF97
:1057600019680A431A60002802D0200001F0C6F927
:1057700070BD200001F000FA0120E4E7C411002010
:105780002812002010E000E000ED00E0F8B50C0069
:10579000050016001F0000F0CFFAA0420AD2FF2C2D
:1057A00007D10021280000F0C9F93100280000F0DD
:1057B0007DF8F8BD1822162562430A4B9B185D57E9
:1057C0006B1CF6D0102DF4D03A003100E0B202F09C
:1057D00039FAFFF77FFF0123AB40034A51690B43BE
:1057E0005361E6E72006010000180040027870B51A
:1057F00004000E00002A03D11300FF21FFF7C6FFAB
:10580000200000F045F9FA2105008900300003F07E
:105810009FFB4119200000F0E9F80621200000F06C
:1058200031F870BD10B50400FFF7E0FF2000FFF76E
:105830007FFF10BD042310B5034A117E0B4313767E
:10584000024B5B68984710BD00400042E40800200E
:1058500010B5024800F004F810BDC046E40800206E
:105860000023037070470000044B10B51B68002B29
:1058700000D098470122024B1A7210BDEC0800209C
:1058800000140040037810B5002B0BD00724064B02
:1058900021401A7F0800A2431100014319779A7A28
:1058A000D209FCD110BDC04600140040014B196064
:1058B0007047C046EC080020037810B5002B0BD0D1
:1058C0003F24064B21409A690800A243110001437E
:1058D00099619A7AD209FCD110BDC04600140040EB
:1058E0000378002B0BD03F20054B08409A690549EF
:1058F00080011140014399619A7AD209FCD1704725
:10590000001400403FF0FFFF0378002B0BD01F2056
:10591000054B08409A69054900031140014399610C
:105920009A7AD209FCD1704700140040FF0FFEFFA5
:1059300070B51600027804000D00002A0AD0190084
:10594000FFF7BAFF31002000FFF7CAFF290020004F
:10595000FFF7DAFF70BD00000378002B0BD01F208B
:10596000054B08409A69054940041140014399617B
:105970009A7AD209FCD1704700140040FFFFC1FFA2
:105980000378002B0BD00F20054B08409A6905497E
:1059900080051140014399619A7AD209FCD1704780
:1059A00000140040FFFF3FFC0378002B09D0054A9C
:1059B000880693699901890901439161937ADB090A
:1059C000FCD170470014004070B51D00037804003E
:1059D0001600002B09D0FFF7BFFF31002000FFF7B2
:1059E000CFFF29002000FFF7DFFF70BD037837B538
:1059F0000500002B1ED0104B994200D21900002345
:105A000068460091019305F005FF040043690269AF
:105A1000C168643B0132DBB2D2B2C9B22800FFF7E1
:105A2000D3FF23686268A168DBB2D2B2C9B2280092
:105A3000FFF77EFF37BDC04680436D38094B0A4AE9
:105A40009A605A7852B2002AFBDB084A5A605A78A8
:105A500052B2002AFBDB064A5A805A78D209FCD19E
:105A60007047C046000C004002040000020511000F
:105A7000044200000378002B05D0034B034A5A80F0
:105A80009A7AD209FCD17047001400400080FFFFD1
:105A900000B58BB0FFF7EEFF01220F4B52421B699E
:105AA00009920022089207929A0E643206929A0195
:105AB000120F013A05929A02D20E0492DA03D20E24
:105AC00003921A059B06920E9B0E01A80292019367
:105AD00006F0CAF80BB000BD001400400221044BD0
:105AE0001A888A431A809A7AD209FCD17047C04634
:105AF000001400400222044B19880A431A809A7A43
:105B0000D209FCD17047C046001400400122044B6A
:105B100019880A431A809A7AD209FCD17047C04684
:105B2000001400400121044B1A888A431A809A7A93
:105B3000D209FCD17047C046001400402023F7B5BD
:105B400000262A4A0F00916905000B439361284BF8
:105B5000284A294C9A82B7420BD1284B3E001A782A
:105B600070231A4205D023881B0702D5012623691A
:105B700001932800FFF762FF2800FFF7AFFF28001E
:105B8000FFF7C4FF63881E4A134063801D4B2380C8
:105B9000A37ADB09FCD1C0211B4A083313608900BA
:105BA00053581B021B0A53500123E2791343072267
:105BB000E371237F93432377A37ADB09FCD1280089
:105BC000FFF798FF2800FFF7ADFF002F0BD1002E45
:105BD00009D0019B002B06D02361A37ADB09FCD1FD
:105BE00001332B70F7BD8423DB03F5E7000400408D
:105BF00000080040CE0600000014004038040040B9
:105C0000FFBFFFFF080A000000E100E010B5054AF1
:105C10000549064800F010F80022054B05491A70A6
:105C20005A5410BD0104000000010100F40C0020D2
:105C3000F00800200204000030B5094D094CAB68A3
:105C40005B035B0F9B001C590460AB6801619BB256
:105C500043606343A4008360C460426130BDC046BA
:105C60000040004100060100F7B580261A4D019161
:105C70006F6803333E439B086E60002B2BD0174E9A
:105C80002E802E7DF107FCD51E000768991BBF08EA
:105C90008F4219D9002E17D0FF2117788C433C432F
:105CA0000F4957780C403F023C439778013E390436
:105CB0000C4F2740D478BFB20F43240601993C43D0
:105CC00010C101910432E0E7074B2B802B7DDB07ED
:105CD000FCD53300D1E7F7BD0040004144A5FFFFEC
:105CE000FF00FFFFFFFF00FF04A5FFFF044B054A75
:105CF0004908D9611A801A7DD207FCD57047C04681
:105D00000040004102A5FFFF70B504000D00160021
:105D1000E36829002000B34205D2FFF7E7FFE368FC
:105D2000ED18F61AF4E7FFF7E1FF70BD10B51000AB
:105D30001A0005F0ABFE10BD2720704770B5304C3F
:105D40003049200000F062FB200000F0A0F90321A0
:105D50000B2003F03DF803210C2003F039F800225A
:105D60006B21200000F0DAF900280BD0012120007F
:105D700000F016FA1B21200000F012FA0321200087
:105D800000F0B6F9642002F01DFD00226B21200016
:105D900000F0C4F9002813D100226B21200000F08C
:105DA000BDF9002828D00121200000F0F9F90B21CD
:105DB000200000F0F5F90321200000F099F91BE024
:105DC0000821200000F0ECF90321200000F090F9F8
:105DD00001226B21200000F0A1F90028DCD0200076
:105DE00000F02FFA0500200000F070F903212000D8
:105DF00000F07EF92B07CFD5200000F05DF970BDD3
:105E0000A4110020A086010010B5024801F05FFE39
:105E100010BDC0460C0D002010B5024801F057FE21
:105E200010BDC046500F002073B51749174800F049
:105E300047F81749174800F043F81749174800F08A
:105E40003FF81749174800F03BF8174C1749200056
:105E500000F036F8164E1749300000F031F80325EF
:105E600001233100019300950D330D22124801F0FA
:105E7000A7FD0023009501931D221A3321000F482E
:105E800001F09EFD73BDC046000800429411002041
:105E9000000C00429C11002000100042A4110020C0
:105EA00000140042AC110020B41100200018004280
:105EB000BC110020001C00420C0D0020500F0020DF
:105EC00000230371016070479446F0B59E1E721E58
:105ED00096416246056892072F6836063A43324378
:105EE0002A60072505AC24780068A40129402143D5
:105EF00042680024022B00D05C031143214341601F
:105F0000F0BD30B5C0250368AD031C6812052A40FA
:105F10002243C0240904A4022140114319600368EC
:105F20005A6814435C6030BD0123026811680B435A
:105F3000136003681A68D207FCD4DA69D207F9D46F
:105F400070470223026811680B4313600268D3692B
:105F50009B07FCD470470268137E9B0702D4037929
:105F6000002BF9D1002303717047002203685A8384
:105F700070470368187E4007C00F70470368187E9B
:105F8000C0097047802302685B42117E0B43137681
:105F900070470368588B8007C00F70470223026860
:105FA000518B0B43538370470368187EC007C00FA3
:105FB00070470368188DC0B2704703681A7ED20715
:105FC000FCD589B21985012303711800704701229D
:105FD00003689A757047012203681A7570470000BC
:105FE00070B5012604684B08334031402568090725
:105FF0005B070B432B43236004685100034802F006
:10600000A7FF0138C0B2207370BDC046006CDC022F
:106010000123026811680B43136003681A68D207F2
:10602000FCD4DA69D207F9D47047022302681168F8
:106030000B4313600268D3699B07FCD47047036865
:10604000DA699207FCD402211A688A431A60704701
:10605000036818684000C00F70470268936A5B0AC3
:106060005B021943916203681A7E5207FCD5986A55
:10607000C0B270470123026811680B4313600368C4
:106080001A68D207FCD4DA69D207F9D47047022320
:10609000026811680B4313600368DA699207FCD445
:1060A00030215A8B8A43110010220A435A83026816
:1060B000D3695B07FCD470470221026813688B43E5
:1060C00013600268D3699B07FCD470478023026881
:1060D000DB02116851680B43536070470368034942
:1060E0001A685A680A405A607047C046FFFFFBFFB3
:1060F000032230B5036811401C68074D5A68090433
:106100002A40E4061143640F5960052C03D102684C
:10611000D3695B07FCD430BDFFFFFCFF70B5056899
:1061200004006B8B9B069B0F022B0DD06B8B00200A
:106130009B069B0F032B32D06B8B9B0704D56B8B7D
:106140009B069B0F012B2AD16B6A49001143DB0A86
:10615000C9B2DB020B436B622368002A13D11A7E9B
:10616000D207FCD55B8B9B069B0F022B04D0490802
:1061700000222000FFF7D2FF2368588B4007C30F8F
:10618000012058400BE0187E8007C00FF4D11A7E22
:10619000D207F8D5C022596892020A435A6070BDEE
:1061A0000368283319700268107EC007C30F508B34
:1061B000002B06D1C007C00F08D1538B9B07F3D526
:1061C00070474007C30F01205840F9E71800F7E770
:1061D000036828331970036800201A7E520704D51B
:1061E000588B01234007C00F584070470368186858
:1061F000C006400F043843425841C0B2704703689C
:10620000588B8006800F023843425841C0B2704715
:106210000368187E4007C00F70470368187EC007E8
:10622000C00F70470368588BC006C00F70470368E3
:10623000187E8007C00F70470368588B0007C00F97
:10624000704703681A68D206520F052A05D11A7ED4
:10625000920702D41A7ED207F9D528331878C0B233
:10626000704700000368214A30B593422FD0204A7E
:1062700093422FD01F4A93422FD01F4A93422FD0D0
:106280001E4A93422FD01E4A93421FD10E23192239
:106290000121032599401B48C024016099082B4027
:1062A000AB40FC359D4089000918A4000859A8435B
:1062B000C0259D402B0003430B518023DB011A4373
:1062C000114B5A805A7852B2002AFBDB30BD0923A9
:1062D0001422DDE70A231522DAE70B231622D7E77B
:1062E0000C231722D4E70D231822D1E7000800421F
:1062F000000C00420010004200140042001800424E
:10630000001C004200E100E0000C0040F8B5040071
:106310000F0016001D00FFF7A5FF2000FFF704FE89
:106320001C21BB000B4071072268090C0B43136052
:10633000842322689375012F1AD11021012E00D0D9
:1063400008390C4B69431868C00002F001FE0722AF
:10635000216802408B895203DB04DB0C13438B81E1
:10636000226803049089DB0C400B400318439081A2
:10637000F8BDC04620000020F7B50600019308AB29
:106380001F780D001400FFF743FE3000FFF76AFF8F
:10639000C022240592031440BA070C2717433C433C
:1063A000C0270722BF022D0433683D4025431D60EE
:1063B000019B316813401A0080239B0213434B60FA
:1063C000F7BD70B504000D001600FFF74BFF20006D
:1063D000FFF750FE1C2221686D000B6893431A00E2
:1063E00010231343FF220B60236815405D62002ECB
:1063F00004D001232268516A0B43536207232268A9
:1064000093752268D3695B07FCD470BDF8B50400AE
:106410000F00FFF727FF2000FFF72CFE1422236850
:1064200079001A600C4B25681E68300002F090FD60
:106430000A490400300002F08BFD7D23FA21584305
:10644000C90002F085FDFF23241AE868053C1C40C2
:1064500098430443EC60F8BD2000002040420F0048
:106460000020704770B50F26CB1D01390200324065
:10647000D5B22C0000093034092A00DD07341C7025
:10648000013B8B42F2D170BD10B50C000B4B18686C
:10649000FFF7E8FF21000A4B08311868FFF7E2FF19
:1064A0002100084B10311868FFF7DCFF2100064B74
:1064B00018311868FFF7D6FF202010BD0CA080000F
:1064C00040A0800044A0800048A0800008B4024B97
:1064D0009C46103808BC60478964000070477047CC
:1064E0003F20704713B56B460268D9710733546873
:1064F00019000122A04716BD70B50A260B7892B08C
:106500006E44023305000B703C220021300005F080
:10651000D9FA394801AC0690384824210790062062
:1065200020776846364AA1742281364A364BA281CA
:10653000FD3AFF3A8018C177684623390630C177A3
:1065400068460730C17702A8C1770720F277032693
:1065500008316944C87703A9CE7710212B366E44E1
:106560003170092621851F3169440E700CA9053E42
:106570000E7033212380022369440B7006360DA967
:106580000E7022493536A1863B216E44307010A82A
:106590006274E27702703D3269446A440B70137092
:1065A00040210022E37023716371A37341336B4474
:1065B000218719705A702B7DC039A370A37263773D
:1065C0000133DBB2A3776A7D0B200D0068441543CD
:1065D000C5773120684403703A23501C6B4418700F
:1065E000412302320A436B441A70210042220848B8
:1065F00000F01AFD12B070BD10010424020605243B
:106600000904000001020000080B0000070500005B
:106610002812002008B4024B9C46103808BC604782
:10662000F9640000F8B5027D0B7904000D00002725
:106630009A420CD10B784E78A12B0AD1212E06D18B
:106640000100072234311C4800F0EEFC013738000D
:10665000F8BD212BFBD1202E23D10100072234319C
:10666000154800F023FC9623626BDB009A421FD191
:106670003B342378DB071BD4FA2002F009FC00210D
:106680000D4800F0D9FD0127232EE0D1EB78AA7840
:106690001B021343094A00210748136000F0CCFD98
:1066A000D5E7222EEFD103008A783B331A70DAE760
:1066B00002F0F8FBE3E7C046281200201800002093
:1066C00008B4024B9C46103808BC604725660000A1
:1066D00010B534300822002105F0F4F910BD000097
:1066E00010B5417D006A013100F018FB034B1B68B7
:1066F00001335A1E9341181810BDC0461C000020DB
:1067000010B5417D006A023100F01EFB10BD10B5CE
:10671000417D006A023100F0E5FA10BD70B50D0050
:10672000417D0400130002312A00006A00F0D2FB10
:10673000002801D10123636070BD000010B5054C35
:1067400023685A1C04D103685B69984703002060E2
:10675000180010BD1C000020074A0300106810B587
:10676000411C03D001235B42136010BD597D186AA0
:10677000013100F05FFBF8E71C00002070B5050058
:1067800001F0EAFFF423FF330024984207D93B3598
:106790002C780A20631E9C41E4B202F013F820001A
:1067A00070BD00207047704770470000FA239B00BF
:1067B00010B58360114B0022C3820300283383612C
:1067C0000F4B04004260C26118005033236108304F
:1067D000631D21622060DA770A4A2F3303CA03C39C
:1067E0008323A362813BE3628033236301F06CFB6C
:1067F0002100103101F03AFB200010BD030200001F
:10680000D0090100C8090100022110B5094B1A681E
:10681000437D5B01D318FF339C7A21439972437DFA
:106820000133DBB25B01D3180122FF33997A0A43AB
:106830009A7210BDE016002010B502490248FFF719
:10684000B5FF10BD28120020C4110020704710B5FC
:10685000040002F077F8200010BD0000F0B5822996
:1068600019D1C3B2294D5A01AA189169284C800147
:106870000C40C02189052143916126490833401805
:106880007021506128685B011A5C8A431100302234
:106890000A431A54F0BD0029FCD1C026C1B21B4CDA
:1068A0004B01E3189A681A4DB6052A4032439A60A4
:1068B000194A800182185A600A00072724680832A2
:1068C0005201115DB9430F000121394311559F69F0
:1068D00010493D4040182E439E6158617020115D63
:1068E0008143080010210143115599680B48A218F3
:1068F000084080214903014399609968890B890305
:106900009960402311790B431371C3E7E01600200F
:10691000FFFFFF8F5412002014140020FF3F00F0EF
:10692000EFF3108303600123436072B6704703687E
:10693000002B02D162B6BFF36F8F704773B5836DC2
:106940000400002B1BD10600A83635786846FFF7F7
:10695000E7FF019BEDB2013B02D33578EDB2FAE7D8
:1069600068460193FFF7E3FF002D01D1002076BDBB
:106970002300A4331868A0342368C01AF7E76846D8
:10698000FFF7CEFF22000025019BF432013B02D32A
:106990001578EDB2FAE768460193FFF7C8FF002DBE
:1069A000E4D02300F0331868EC34E5E710B5436D0C
:1069B0004468DBB25A01A2189168094808330840BC
:1069C000802149030143916091685B01890B890330
:1069D00091602268D318402219790A431A7110BDB8
:1069E000FF3F00F0F7B5436D4268DBB219000400C9
:1069F0000831106849014118C979C90711D55B01EF
:106A0000D21893689B049B0C0CD12000FFF7CEFF9B
:106A100063681A68636DDBB208335B01D3187F22A9
:106A2000DA71F7BDE16D002923D12100A4310B609B
:106A300023000125AC33E56568465360FFF770FF1E
:106A4000260020002100019BA836013BF430F531DF
:106A50005A1C33D0357002785F1ED2B20A700A78A1
:106A6000002A04D120000193FFF7A0FFE8E73B00D4
:106A7000EEE72100F0310B600023E3652300603373
:106A800053606846FFF74CFF0125260020002100D7
:106A9000019BF436013BA830F5315A1C0ED03570FD
:106AA00002785F1ED2B20A700A78002A04D1200050
:106AB0000193FFF77BFFE8E73B00EEE768460193B1
:106AC000FFF735FFA4E737B56B46DC1D00230D004B
:106AD000237001F0F9F9210001F085F92B681818ED
:106AE000286020783EBD00000421034B1A6813780B
:106AF0008B4313707047C046E016002000780028D2
:106B000010D00121084B1B681A898A431A81082278
:106B1000198B0A431A830422198B0A431A83002211
:106B2000024B1A607047C046E0160020D8160020BD
:106B300010B50F4A93699B0B9B0393611368022264
:106B4000FF331A729879823A02439A711A7A92073D
:106B5000FCD57F24074A2140937A0800A3431900FB
:106B6000802301439172917A5B420B43937210BD73
:106B7000E0160020005000410078002805D0034BAB
:106B80001A68012311890B4313817047E016002016
:106B900010B50C0001F098F9210001F057F9002818
:106BA00004D1034A93699B0B9B03936110BDC046BC
:106BB000E0160020F8B50D00832A19D1CBB23B4C6A
:106BC0005A01A21891693A48AD010840C0218905CF
:106BD00001439161374920686D1870210833556170
:106BE0005B011A5C8A43110040220A431A54F8BD23
:106BF000022A55D1304A8B009858002802D00368E9
:106C00005B699847F82001F099FE0400274E2B4B52
:106C10004660036040220021083004F053FF220048
:106C20000023A032A3646565E3642365A365E3657F
:106C30005360D3641372136013654C321372537232
:106C4000FF222B001340590171188868184F083330
:106C50000740C020800538438860306807265B0104
:106C6000195CAD00B1430E000321314319542300D8
:106C7000616D606811404901411860334B60616D7E
:106C800063680A401B6852019B180122FF33997AFE
:106C900020000A439A72FFF789FE074B5C51A6E772
:106CA00011002800FFF7DAFDA1E7C046E01600203A
:106CB000FFFFFF8F541200202C120020380A010021
:106CC00070B505000124064BA200D258002A06D058
:106CD000210028000134FFF76DFF0A2CF3D170BDAD
:106CE000001200200B4BCAB20B488901C91853018E
:106CF000C318596199690832890B8903996103683E
:106D000052019A180223D3715179823B0B4353717C
:106D10007047C04654120020E0160020084B8A003D
:106D2000D05810B5002803D003689B68984710BD61
:106D3000C9B2044B4901591888688004800CF6E7F1
:106D40002C120020E016002010B50C00FFF7E6FF23
:106D500000280CD0064BE4B21B68083464011C19EF
:106D6000802362795B42134363710223E37110BD98
:106D7000E0160020F0B51C002A4B85B01B68070008
:106D80000D000292002B4AD0274B8A00D0580028D1
:106D900008D0036822005B6802999847040020002D
:106DA00005B0F0BD3800FFF7B9FF844204D92900CF
:106DB0003800FFF7B3FF04000121EBB21B4E039331
:106DC0005B010193F21893689B0B9B039360019AFC
:106DD000336802989B18FF335A7A0A435A72144B4D
:106DE000A901C918220004F051FE002CD7D02900B7
:106DF0003800FFF793FF0028D1D14021039B326870
:106E000008335B01D3181879014319710121D97135
:106E1000019BD318FF339A7A0A439A72BFE7012481
:106E20006442BCE7D81600202C120020E016002097
:106E30001414002013B56B46DC1D22000123FFF75C
:106E400099FF012801D1207816BD01204042FBE7BF
:106E500070B5CBB2124A13485C0189018918021936
:106E600051609168104D08330D408021490329433A
:106E7000402591609168890B8903916001685A01EE
:106E80008A1816793543157195796D06FCD55B0125
:106E9000C918CB79DB07FCD500198068C0B270BD7A
:106EA00014140020E0160020FF3F00F070B50D0024
:106EB00000211400FFF7CCFFA04200D920000023DE
:106EC0000349A34203D0CA5CEA540133F9E770BD19
:106ED00014140020F0B51E003A4B85B01B680F005B
:106EE0000192002B35D08023DB019E4231D8002552
:106EF000354B8A01D3180293002E2CD0334B1B68DC
:106F00000393FF233B401C0000930834039B640160
:106F10001C19A379DB0921D02D4B2E49186802F0EA
:106F200017F82D4B1721584302F012F82B4BE2793A
:106F3000920713D4DA5D002A01D10138F7D2012279
:106F4000DA55009B5A01214B9B189A69920B9203C8
:106F50009A6101256D42280005B0F0BD00221F4B4B
:106F60003400DA553F2E09D9009B40245A01174BB3
:106F70009B188022996912060A439A61220001999E
:106F8000029804F083FD009BA1045A010F4B890C69
:106F90009B18029A2D195A619A69361B920B92031B
:106FA0000A439A61009B039A08335B01D3180222BB
:106FB000DA715979823A0A435A71019B1B1901937C
:106FC0009AE7C046D816002054120020E016002090
:106FD0002000002040420F007011010049120020E3
:106FE00070B50D001C000D4BAE01F61811003000FD
:106FF000220004F04BFDEDB209496D014D196E619F
:10700000AB69084A20001340AB61AB69A2049B0B3B
:10701000920C9B031343AB6170BDC0465412002019
:10702000E0160020FF3F00F0F7B5104B01901B78F1
:107030000F001500002B0CD10D4B16001C78002CF6
:1070400009D00C4E0C4834882018641904F01EFD39
:1070500034802800FEBD002EFBD03A1933000021F9
:107060000198FFF7BDFF2418361AF4E7D415002065
:10707000D5160020D6160020D5150020F8B50F0033
:1070800016000024012A26D9100004F0D9FC0500BE
:10709000380005F08FFD03230222013040002870E4
:1070A0006B7096420DD9397800290AD0531CDBB297
:1070B0000137A9549E4203D00232EC54D2B2F0E719
:1070C000320029000548FFF7AFFF441EA041C4B2BB
:1070D000280004F0BFFC2000F8BDC04628120020A4
:1070E000F0B50024012685B0184B0F0069461E70CC
:1070F00005000094FFF7E7FC154B01A90B806A3BE4
:10710000FF3BCB715A330B72009B8C7109334B8060
:107110000E4B4E7108711C703A00092F0FD00D4FA5
:1071200009223E700C4E280000943480FFF77CFF4B
:1071300069462800FFF7C7FC328808493C702800E0
:10714000FFF772FF012005B0F0BDC046D415002046
:1071500009020000D5160020D6160020D515002003
:1071600070B5CE7892B005000C00022E0BD18B7951
:10717000C9792C4809021943FFF7B2FF411E884123
:10718000C0B212B070BD00F09FFE210000F03FFEC3
:10719000002803D0C117081AC00FF2E7012E0ED144
:1071A000E279A37912021A431F49112A13D8D2B2E5
:1071B000002A10D02800FFF737FF0120E1E7032E57
:1071C000DFD1A378002B08D1E279A37912021A4308
:1071D0001649032AEBD90A78ECE7022B08D1E279A9
:1071E000A379120212491A432800FFF747FFC8E7A4
:1071F000012B05D1E279A37912021A430D49F3E775
:10720000032BBED14122010001A804F05BFC00F079
:107210005BFE01A900F00BFEE279A37912021A438A
:1072200001A9E1E7281200207A0A01006A0A010098
:10723000540A01006E0A0100CBB204495B01C9186F
:107240008B699B0B9B038B617047C046E016002047
:1072500037B5050048780C000B2810D801F06EFEF9
:10726000061B0F2B0F404561494C5A5D097801AA56
:10727000002906D1022311802800FFF7B1FE01206A
:107280003EBD00231380284B1B78012B00D11370C7
:1072900002230021F0E78A780023012A03D101AA02
:1072A0001380224BF0E7204A1370214A93699B0B0D
:1072B0009B039361E3E78C78012C06D100211B4BE3
:1072C00001AA1C7011702300D6E70120002CD7D131
:1072D000154B174A187093699B0B9B039361CFE77B
:1072E00089782800FFF724FCC9E72800FFF738FF5A
:1072F000C6E701230F4ACCE70B780020DB06BFD19D
:107300002800FFF7DDFCA2780A4B0B481A60FFF754
:107310007BFACAE70123094ABBE78A78074B1A6060
:10732000C3E70020ACE7C0464812002050120020FE
:10733000E0160020D8160020C4110020DC16002022
:107340003A4BF7B51E780500002E5FD1384C236804
:107350009A8B12070DD5082231009A833000FFF76F
:107360007DFA10222368FF33997A0A439A72314BCF
:107370001E6023689A8B520701D504229A83FF333B
:107380001A7A920603D52022597A0A435A721A7A37
:10739000D20623D569460800274AC0CAC0C0A268E1
:1073A000920B9203A2604022587902435A716023E3
:1073B0000A7828001A422AD1FFF74AFF2368FF33D0
:1073C000002827D08022997952420A439A711A7A6A
:1073D000520603D54022597A0A435A727F26012564
:1073E0002368FF331E722F00236808377F01DB19E3
:1073F000DB79002B07D0114BAA00D05800280DD004
:1074000003681B6898470135082DECD1F7BDFFF7DD
:10741000BFFBD3E720210A4A9171D8E72900094828
:10742000FFF7C2F92368DF19FE71ECE7D5160020DB
:10743000E0160020D8160020141400202C12002082
:10744000FF500041C411002010B50248FFF778FF3B
:1074500010BDC0462812002080235B00038000235B
:10746000436007330372704783000148C0187047B8
:1074700000120020836C402B09D03F22036CC154C2
:10748000036C013313400364836C013383647047DE
:10749000F7B505006846FFF743FA00264022019B36
:1074A000013B02D32E6D961BFAE768460193FFF766
:1074B0003EFAAB6D6846002B4FD1FFF731FA290039
:1074C000019BA831013B5A1C0CD00C785A1EE4B227
:1074D000002C05D168460193FFF729FA2000FEBD74
:1074E0001300F0E7684601930024FFF720FA2A0012
:1074F0002900A0321368A431B4420ED00868984223
:107500000BD92800591CEB1811606033197808302A
:10751000C9B2FFF7AFFF0134E9E709689942DDD14D
:10752000002313600133AB656846FFF7F9F92F00BC
:107530002A000021019BA837013BF532581CC9D015
:10754000397010785E1E002805D011702800019354
:10755000FFF72CFAEBE73300F0E7FFF7E1F929003A
:10756000019BF431013B5A1C06D00C785A1EE4B240
:10757000002CAFD01300F6E7684601930024FFF714
:10758000D6F92A002900EC321368F031B44202D057
:10759000086898421DD8096899429FD1002368461F
:1075A0001360AB65FFF7BCF92F002A000021019B97
:1075B000F437013BF532581C00D18BE73970107855
:1075C0005E1E002811D0117028000193FFF7EEF91C
:1075D000EAE72800591CEB181160AC331978083021
:1075E000C9B2FFF747FF0134CBE73300E3E710B53B
:1075F0000400FFF74DFF206D10BD10B50400FFF72C
:1076000047FF236D002B03D0E36CE418207A10BDF4
:1076100001204042FBE7F7B517000E000400FFF71A
:1076200037FF6846FFF77CF93F2200259446019B0F
:10763000013B5A1C19D0BD4215D2226D002A12D02E
:107640000121226D4942002A0AD06046E26CA2184C
:10765000117AE26C01320240E264226D013A226545
:1076600071550135E7E7013BE3E768460193FFF712
:107670005EF92800FEBD0000014B024A1A60704707
:10768000E0160020005000412023F7B5474A0500CE
:10769000D1690F200B43D361012245490B78134375
:1076A0000B70444B19788143197006211C782143D3
:1076B000197041490C7822430A701A7802401A70F6
:1076C000602219780A431A703C4B3D4A5A805F7811
:1076D000FF09FCD13B4801F039F801233A4C3B4EFD
:1076E0002268300011780B43137080223900520059
:1076F00004F0E8F922689378DB07FCD456621F2671
:10770000334B1B68590B980C9B01314030405B0F89
:10771000B14200D105211F2800D10238072B00D12A
:10772000043B31408901178D01912A4930400F40B7
:10773000019939431185118D0700B1430800384381
:107740001085118D1803244B7F260B4003430C201A
:1077500013850823D17881430B430321D37022681A
:10776000D3788B4301390B43D370226813783340AD
:107770001370042322681678334313702268C124DF
:107780001389A40083431548138103591B021B0A64
:1077900003518023036013781148194301231170AA
:1077A0002B700021FEF79AFEF7BDC0460004004092
:1077B000584400413C44004159440041000C004001
:1077C0000640000049740000E0160020E416002086
:1077D000246080003FF8FFFFFF8FFFFF00E100E023
:1077E000C41100200120704710B50368014A1B6ACC
:1077F000984710BD13040000FC30006A70478723CF
:107800009B00C018C36880204000C01A7047030066
:10781000FC331A6A002A03D0DB69C018007D704768
:1078200001204042FBE710B504000069FEF77CFB35
:1078300022000023FC329361D361136287229200FD
:10784000A4186360A360E36010BD872310B59B009C
:10785000C218D368002BFCD10069FEF77CFB10BD79
:10786000F02001403039484248417047F0231B0165
:107870001940802306209B0099420AD00133FF3330
:107880000130994205D0802302385B00994200D034
:10789000002070470F2001400020012903D0023949
:1078A000481E8141481C70478B23F0B5182685B0CF
:1078B00002919B000400C05C330008214343324D19
:1078C0001700EB18595601F083FA304B0821E05CA1
:1078D00033004343EB18595601F07AFA2C4BE25C23
:1078E0000393022A09D11133E05CFF2805D0082157
:1078F0004643AE19715601F06BFA8C26B600A05DB6
:10790000FF2819D0012101F0EBF91822A35D2149CC
:107910005A43AB56AD18DB0158188D2189006050D1
:107920001D4901225B188E218900635069688A40D5
:107930008F21890062501A600122029B1100206988
:10794000FEF7E4FC39002000FFF790FF3900050046
:107950002000FFF79FFF390006002000FFF780FF9F
:1079600033000090290020690122FEF7ADFA0B4B8D
:107970002069E25C039BE15CFEF7C3FA2069FEF735
:10798000E0FA05B0F0BDC046200601002D0200005F
:107990002F02000018440041144400412E02000050
:1079A000802210B504005200002104F08BF823005F
:1079B0000022FC335A6020009A60DA6010BD00009B
:1079C000F7B51D0008AB1B780400009309AB1B78CA
:1079D0001600019300234360FA239B008360114B40
:1079E0000F00083303601430FFF7DAFF2000213066
:1079F000FF30FFF7D5FF8B236A469B002761E654D3
:107A0000094B1278E554094B2000E2546A46084BB2
:107A10001279E2548C22313BFF3B9200A354103286
:107A2000A354FEBD8C0A01002D0200002E020000AE
:107A30002F020000F7B5EFF31083009301230193A9
:107A400072B680260200FF25019BFC327600013BC6
:107A50005C1C0FD0D4685F1EB44209D05468015535
:107A6000546801342C405460D4680134D460EEE78B
:107A70003B00EDE768460193FEF759FFF7BD13B5EC
:107A8000EFF3108300930123019372B6019B5A1EFA
:107A90000192002B15D00300FC33DA68002A0DD0C8
:107AA0009A68845C9A680132D2B29A60DA68013AC4
:107AB000DA606846FEF73BFF200016BD01246442F1
:107AC000F7E701246846FEF732FF6442F4E710B599
:107AD00004000069FEF75DFA002805D02069FEF772
:107AE00068FA2069FEF75AFA2069FEF742FA002880
:107AF0001BD02069FEF75DFA010020001430FFF76B
:107B000099FF8C239B00E35CFF2B0ED02300FC33FA
:107B10001A6A80235B009B1A092B06DC8D238F22B7
:107B20009B009200E358A2581A602069FEF73CFAC5
:107B300000280ED087239B00E318DB68002B14D0AD
:107B400020002130FF30FFF79AFFC1B22069FEF715
:107B500034FA2069FEF712FA002805D02069FEF7F2
:107B600011FA2069FEF701FA10BD2069FEF733FA19
:107B7000EFE70000F8B5040000690D00FEF714FA05
:107B800087239B00E618002802D0F368002B34D02E
:107B900001278022F3685200934223D1EFF3108330
:107BA0003B4210D1174B5B68DB05DB0DF1D0103B7E
:107BB0005BB2002B10DAF13A1340083B9B08124AE3
:107BC0009B009B181B682069FEF7EEF90028E0D0A7
:107BD0002000FFF77CFFDCE79B08C0330B4A9B00CB
:107BE0009B58F0E720002130FF302900FFF722FFEB
:107BF0002069FEF7ECF90120F8BD29002069FEF7A5
:107C0000DCF9F8E700ED00E01CED00E000E100E049
:107C100010B504001430FFF732FF8C239B00E35CA7
:107C2000FF2B0ED02300FC331A6A80235B009B1AC3
:107C30000A2B06DD8E238F229B009200E358A25868
:107C40001A6010BDF7B501921822162442433F4B2B
:107C500007009B181C570091631C6ED0102C6CD031
:107C60003B4B3C4E1D68002D27D1290044223A4849
:107C700003F028FF29004422384803F023FF102294
:107C8000374B38491D60CA67C021C120364B4900B7
:107C90005A5080001958FF35A94319501A60334BC8
:107CA000334A5A8002233278134333707378DB09E6
:107CB000012BFBD00122264B1A600125A5407369D8
:107CC00000212B437361380001F082F8009B002BE8
:107CD00031D00027224B20499C461B68BA00BB428A
:107CE0001DD16046013303608D501C4B00999950A3
:107CF000072C19DD0123083CA4000721A140154AE7
:107D00009B009B189A698A439A61019A042A12D8A7
:107D10001000996901F012F90B1214161800885816
:107D2000A842E1D00137D9E7A4000023E5E7052206
:107D3000A2400A439A61ADB2F560F7BD0422F7E7AD
:107D40000322F5E70222F3E70122F1E72006010012
:107D50006C1800200018004028180020E4170020AC
:107D60007018002004E100E000E100E0000C004099
:107D700005400000F8B50024094B1B68A34200D859
:107D8000F8BD084E084FA5003369EA591A4204D0DD
:107D9000064BEB589847EB5933610134ECE7C0468A
:107DA000701800200018004028180020E417002058
:107DB00010B5002801D004F019FE10BD10B5041E46
:107DC00005D004F037FE210001F032FA0C0020004B
:107DD00010BD10B50400884203DA081AFFF7EEFF61
:107DE0002418200010BD70B50E0000254468002C3A
:107DF0000BD0236831005B6820009847002802DB25
:107E00002D18E468F3E701256D42280070BD70B5B8
:107E10000D004468002C08D0236829009B682000CE
:107E20009847002802D1E468F4E7200070BD70B5DF
:107E30000D004468002C07D0236829002000DB686F
:107E40009847E4682D18F5E72C7070BD70B50D00EB
:107E50004468002C08D0236829001B68200098473C
:107E6000002802D1E468F4E7200070BDF8B542783C
:107E70008B790D00017A9B18040000208B4222DCD4
:107E80006368834219D16560002623786A71EA79B4
:107E90002B719B182370AB79B34213D9AB68B70031
:107EA0006078DF19FFF7E0FA3B680136036063781A
:107EB000F6B201336370EEE70B00D9680029FBD1FD
:107EC000DD60E1E70120F8BD70B50126054D064CE7
:107ED0002B68334203D12000FFF7BEFA2E6020004A
:107EE00070BDC0467418002078180020F7B5060051
:107EF0000D000C008B180193019B671B9C4207D05F
:107F0000336821781B683000984701340028F3D18A
:107F10003800FEBD70B5040008000D0004F04AFEF4
:107F20002368020029005B682000984770BD10B5E7
:107F30000B1E02D0FFF7EEFF0300180010BD10B5B6
:107F4000FFF7F5FF10BD10B503688A685B68096824
:107F5000984710BD10B5FFF7EAFF10BD10B50368D4
:107F60001B68984710BD000010B50249FFF7D2FF0B
:107F700010BDC046CC0A010070B50400FFF7D7FF62
:107F800005002000FFF7F0FF401970BD70B5050037
:107F9000FFF7D9FF04002800FFF7E6FF201870BDA7
:107FA00070B50400FFF7C3FF05002000FFF7DCFFFA
:107FB000401970BDF0B58BB06B461500002205333B
:107FC0000600DA770800012D00D80A2509AC29003F
:107FD00001F044F8CAB2130037330700DBB20929B5
:107FE00002D813003033DBB2013C2370002FEED1F6
:107FF00021003000FFF79BFF0BB0F0BDF8B5060085
:108000000C00151E04D10368C9B21B689847F8BD5F
:108010000A2A0CD100290BDA2D21FFF79FFF6142BC
:1080200007002A003000FFF7C5FF3818EFE7D2B28B
:1080300021003000FFF7BEFFE9E710B5FFF7DEFFD4
:1080400010BD70B50400FFF7D9FF05002000FFF751
:108050008BFF401970BD10B5002A04D10368C9B266
:108060001B68984710BDD2B2FFF7A4FFFAE710B51E
:10807000FFF7F1FF10BD70B50400FFF7ECFF05003E
:108080002000FFF771FF401970BD0000F7B51E001A
:10809000089B05001700002B01DA0223089331002A
:1080A0003A003300380003F0E3F94B49002814D1BB
:1080B0000122740064085242484B3800210003F04A
:1080C000D7F900280FD10122444B52423800210039
:1080D00001F0D4F8002806D141492800FFF71AFF23
:1080E00004002000FEBDE0223E4B120638003100A5
:1080F00001F0CEF8002801D03B49EEE7E0223B4BEF
:1081000012063800310001F0AFF80028F4D1002247
:1081100000233800310001F0A7F8002814D02D21E9
:108120002800FFF71BFF80231B060090F618002491
:1081300000202F49089B9C4208DA00222D4B013475
:1081400001F0D2FFE4B2F5E70090F0E70B00020087
:108150003100380001F0ACFC0F00060001F01EF900
:108160000A22019001002800FFF724FF009B1C1841
:10817000089B002BB5D0019803F006FA02000B0013
:108180003000390002F02CFE06000F0028001A49CA
:10819000FFF7C0FE2418089B5A1E0892A1D3154B66
:1081A00000223000390002F0A9FB0F00060001F0A8
:1081B000F5F80A22010000902800FFF7FBFE2418C2
:1081C000009803F0E1F902000B003000390002F0E2
:1081D00007FE06000F00DEE7C00A0100FFFFEF7F89
:1081E000C40A0100FFFFEF41C80A0100FFFFEFC111
:1081F0000000E03F000024408DFA000007B504991C
:108200000091FFF743FF0EBD8160704710B5040079
:108210000068002801D003F01DFC200010BD10B53F
:1082200004000068002801D003F014FC0023236040
:10823000A360636010BD70B504000D0000680131DB
:1082400004F02AFC031E01D0012028C470BD03687D
:1082500010B50400002B04D043688B4201D30120E9
:1082600010BD2000FFF7E7FF0028F9D0A368002B1E
:10827000F5D122681370F3E770B50E001100040009
:108280001500FFF7E4FF002804D12000FFF7C7FF27
:10829000200070BD2A003100A560206803F0F6FBC5
:1082A00000232268A1685354F2E7002370B504004C
:1082B0000D00036043608360994207D0080004F01A
:1082C00079FC290002002000FFF7D6FF200070BDD6
:1082D00070B5050008000C0004F06CFC21000200E1
:1082E0002800FFF7C9FF70BD1FB504000023080078
:1082F00023606360A36001A900F0FCFA200001A9DB
:10830000FFF7E6FF200004B010BD10B50023040005
:108310008AB023606360A360080001A900F0E6FA58
:10832000200001A9FFF7D4FF20000AB010BD10B54E
:10833000002304008AB023606360A360080001A9E1
:1083400000F070FA200001A9FFF7C2FF20000AB078
:1083500010BD10B5002304008AB023606360A360E1
:10836000080001A900F097FA200001A9FFF7B0FF6B
:1083700020000AB010BD10B50B000400884205D0E3
:108380000968002904D09A68FFF776FF200010BD25
:10839000FFF745FFFAE7002310B5040003604360D0
:1083A0008360FFF7E8FF200010BD10B5040000292E
:1083B00003D0FFF78DFF200010BDFFF730FFFAE775
:1083C000002370B5040090B0036043608360151C07
:1083D0000A2A00D90A25EDB2AE1C081C03F006F9E2
:1083E00076B203AB009332002B0000F05DF9010080
:1083F0002000FFF7DAFF200010B070BDF7B50400D1
:1084000001911600002902D100252800FEBD01259A
:10841000002AFAD08368D7183900FFF718FF051E25
:10842000F2D02368A26801999818320003F02EFB5D
:1084300000222368A760DA55E7E710B58A68096863
:10844000FFF7DCFF10BD70B5050008000C0004F05C
:10845000B1FB210002002800FFF7D0FF70BD002310
:1084600010B5994202D0FFF7EEFF0300180010BDCF
:1084700007B56B46D971073301221900FFF7BEFF1C
:108480000EBD10B58A6809680400FFF7B7FF002821
:1084900002D12000FFF7C3FE200010BD10B504007C
:1084A000002904D12000FFF7BAFE200010BDFFF71D
:1084B000D6FF0028F6D0F8E7026810B50B68002A4E
:1084C00013D0002B0CD181681800002907D0107838
:1084D00005E089681000002901D01878404210BDDD
:1084E0001900100004F054FBF9E7002BF1D118003B
:1084F000F5E7826810B594468A680023944504D154
:10850000FFF7DAFF43424341DBB2180010BD836836
:1085100010B5002B07D10120002903D00878434271
:108520005841C0B210BD0068002901D10078F6E7BB
:1085300004F02EFBF3E770B583688D685C1B0023A5
:1085400094420CD30068984209D00968994206D039
:1085500080182A0004F035FB43424341DBB2180087
:1085600070BD836810B59C468B6800229C4502D381
:10857000FFF7E1FF0200100010BD836810B59342C1
:1085800007D90468A01804F0F5FA002801D0001BF0
:1085900010BD01204042FBE710B50022FFF7EDFFC0
:1085A00010BD836810B5934208D904680968A01803
:1085B00004F03FFB002801D0001B10BD0120404209
:1085C000FBE710B50022FFF7ECFF10BDF8B583689C
:1085D0000500934202D801204042F8BD541C0022FD
:1085E00003681B191F781A700668300004F00EFB30
:1085F00037550028EFD02B68C01AEEE7F7B5150005
:108600008A680F00002A1BD08368002B18D09A427A
:1086100016D8AB4200D85D1E0668012430007319DD
:1086200064420193019B98420CD8396804F001FB25
:10863000002807D0831BAB4200D81C000130F1E7B3
:10864000012464422000FEBD10B583688A689A1A2E
:10865000FFF7D4FF10BD0000F8B506000F001400AE
:108660001D009A4201D92C00150009493000FFF77E
:108670001CFEBA68A24208D9AA4200D92A00396869
:10868000121B09193000FFF7F7FD3000F8BDC04696
:10869000CE0A01000368002010B5834202D0180002
:1086A00003F0A4F810BD000030B5040087B00D0041
:1086B000064901A804F03EFA22002B0001A90A98FD
:1086C00004F038FA0A9807B030BDC046CF0A01005E
:1086D000FEE70000034B10B51B68002B00D0984745
:1086E00010BDC0468418002070B50F490F4CA14240
:1086F00004D100F02BF900F001F9FEE70C4D002346
:108700008D42F6D0CA18E818A24205D3094B82421E
:10871000EFD00949002204E0006804331060F1E75B
:1087200004C38B42FCD3E4E7000000209002002049
:108730003C0F010090020020C418002010B500F08A
:108740006FF8002801D100F055F810BD014B1860FA
:108750007047C04684180020014B18687047C04617
:1087600088180020F7B51348012284461249134C9B
:108770008E68636805689B0E134001928868626882
:10878000019F920E3A4067463F6893420ED1BD4228
:108790000CD186420AD35B19FA254868AD00861BC6
:1087A00007486B437043000DC018FEBD3D00130029
:1087B0000600E3E78818002010E000E000ED00E08C
:1087C0005555000070B5041E10D0FFF7CBFF050013
:1087D00000F025F8FFF7C6FF054B401B9842F7D97C
:1087E000FA23013C9B00ED18002CF3D170BDC0466C
:1087F000E703000010B5034A13680133136000F06B
:1088000059FB10BD8818002010B5002806D0302371
:108810000321584300F09CFB0138FDD110BD704787
:1088200000207047F0B50C008BB01600002926D050
:10883000931E222B2DD80A2A05D1002803DA0127FE
:10884000404201AD0AE00027FBE7310000F006FCE2
:10885000CBB2092916D830332B7001352A000028F5
:10886000F3D101ABAB42F0D02300002F02D02D2179
:10887000631C217001A98A4206D800221A702000C8
:108880000BB0F0BD5733E7E7013A117819700133A7
:10889000F0E70024F3E7F0B50D008BB017000029D6
:1088A0000ED0931E222B1FD801AC260023000028D7
:1088B00009D1A64207D02A00B34210D80023137072
:1088C00028000BB0F0BD390000F0C8FBCBB209297D
:1088D00003D8303323700134E8E75733FAE7013B1C
:1088E000197811700132E7E70025E9E710B5FFF7C5
:1088F00099FF10BD10B5FFF7CEFF10BD10B500F009
:10890000D5F803F067F8FDF719FA0120FFF75AFFD1
:10891000084C2000FEF7B8FE2000FEF7EFF8FAF74B
:10892000B5FDFBF7A1FC044B002BFAD000E000BF23
:10893000F7E7C046281200200000000010B503F041
:108940007FF810BD10B503F085F810BD1E2270B57C
:1089500046484749436893431C3A134343600823FE
:108960008C6923438B61434C434B9C829C8A144308
:108970009C82DC681442FCD00124404A14701578B3
:10898000254203D055786DB2002DF8DB01249460A8
:10899000547864B2002CFBDB394C5460547864B2D8
:1089A000002CFBDB8224E4015480547864B2002C58
:1089B000FBDB02249C840E34DD682542FCD0314C64
:1089C000DC621024DD682542FCD09D8C2E4C2C43AB
:1089D0009C841024DD682542FCD002249D8C8026D6
:1089E0002C439C844024DD683542FCD0DD68254260
:1089F000F9D01024DD682542FCD00024946054781E
:108A000064B2002CFBDB214C5460547864B2002C1F
:108A1000FBDB1C6A1E4D2C4080251C621C6AAC438B
:108A20001C62032393601B4B536053785BB2002B93
:108A3000FBDB0023FF240B72174A4B728B72CB7245
:108A4000164B1A60164B174A1B6811689A065B0191
:108A5000C90E2340520F12020B431343124A1385CF
:108A6000802342681343436070BDC046004000410C
:108A7000000400400C06000000080040000C00400C
:108A800001050100B905FF7D040A0000000703008D
:108A9000FFFCFFFF03060100006CDC022000002049
:108AA000246080002060800000400042FA212D4BAD
:108AB00010B51868890000F04BFA2B4B013898422A
:108AC0004FD82A492A4A4860C020136A00061B0270
:108AD0001B0A0343136200238B6007330B60802162
:108AE000136A09061B021B0A0B431362FC22214B6B
:108AF000196A0A431A62FC22196A92010A431A622D
:108B0000A022196AD2020A431A621B4B1C005A782F
:108B100052B2002AFBDB194A5A80194B1A00597EBF
:108B2000C9090129FBD0E421C90099803F21D970EE
:108B3000537EDB09012BFBD0C02300205B011361B6
:108B4000907000F02DF863785BB2002BFBDB0D4BCF
:108B50000D4A6380D379DB09012BFBD0412353708D
:108B600010BDFEE720000020FFFFFF0010E000E046
:108B700000ED00E000040040000C00401E4000003A
:108B8000004000422140000000480042914202D0D3
:108B900002D98A1AD0407047521A9040FBE7000071
:108BA000164A00B51300517EC9090129FBD00138CE
:108BB000042816D81969124A0A400F211A615A78F6
:108BC0008A4300F0BBF90308060B030011000122E1
:108BD0000A435A7000BD11000322F9E71100022276
:108BE000F6E7F02311691B050B430F21136153783E
:108BF0008B43190002230B435370EBE70040004204
:108C0000FFFFFFF010B504000E2801D80F34E4B2C6
:108C10000121200000F0DCF81823102163432B4CC5
:108C2000E4186156002901D014290DD1284B1800F1
:108C3000DA79D209012AFBD002241A78A2431A70E9
:108C4000C379DB09012BFBD022480300427ED20905
:108C5000012AFBD01F2402692140A2430A4302617A
:108C60005A7ED209012AFBD0022219780A431A70CF
:108C70005A7ED209012AFBD00222197B0A431A73B9
:108C80001A7ED207FCD501221A765A7ED209012A11
:108C9000FBD00222197B0A431A731A7ED207FCD535
:108CA000588B80B25A7ED209012AFBD002211A7851
:108CB0008A431A705A7ED209012AFBD0064B1A68E1
:108CC000064B1968FFF762FF10BDC0462006010081
:108CD00000480042004000422800002024000020FC
:108CE000182330B51D00040045430820204A5519BB
:108CF0002856013014D0032912D808006343D156F6
:108D0000D31800F01BF902280E1B5868CB01022172
:108D1000184A9B181A1840321170012282405A607A
:108D200030BD5868CB010621124A9B181A184032F0
:108D30001170012282405A609A61F1E75868CB01B4
:108D400006210C4A9B181A184032117001228240E9
:108D50005A605A61E4E75868CB010221054A9B1822
:108D60001A1840321170012282409A60D8E7C0463A
:108D700020060100004400411823F0B508245843A0
:108D8000114A13181C5701341BD0012635005F68A7
:108D90008356BD400D4ADB019A18906805420BD1FD
:108DA0000C00601E8441D2194032107834400336E2
:108DB000A400B04320431070044A9B18002901D13D
:108DC0005D61F0BD9D61FCE72006010000440041AB
:108DD00018224243F8B52C4E0300B218127A52B250
:108DE000140001320ED0481C00240C280AD800F0D0
:108DF000A5F80720202020202020200B0B0B0B00A3
:108E0000012464422000F8BD092905D10021D8B20F
:108E1000FFF766FF0024F5E70A2902D1D8B2083926
:108E2000F6E700240B29EDD1D8B20A39FFF758FF35
:108E3000E8E718204343F2185568F3562C00134A0C
:108E4000DB016E0817389B18C9B204409E19002C2C
:108E50000DD00F2430363278090122401143C9B2B7
:108E60005B19317040331A7810431870D2E7320022
:108E70000F27303216785B19BE43314311704033EF
:108E80001A7810431870BDE7200601000044004125
:108E900010B50400FDF787FC014B1C6010BDC046F7
:108EA0002C0000200122024B52421A607047C0463B
:108EB0002C000020164A10B51368591C26D0013B1F
:108EC0001360002B22D172B6124B134A0433934223
:108ED00013D9124A01211000147D0C42FCD020212C
:108EE000148BFF319B085B0021431183D3610C4B32
:108EF00013800123027D1A42FCD0BFF34F8F094B30
:108F0000094ADA60BFF34F8FC046FDE710BDC04687
:108F10002C0000200020000003020000004000415F
:108F200002A5FFFF00ED00E00400FA050B0010B5FC
:108F30000100180002F060FC10BD000002B4714690
:108F400049084900095C49008E4402BC7047C0468C
:108F5000002243088B4274D303098B425FD3030A78
:108F60008B4244D3030B8B4228D3030C8B420DD38B
:108F7000FF22090212BA030C8B4202D31212090219
:108F800065D0030B8B4219D300E0090AC30B8B4257
:108F900001D3CB03C01A5241830B8B4201D38B0305
:108FA000C01A5241430B8B4201D34B03C01A5241AA
:108FB000030B8B4201D30B03C01A5241C30A8B42ED
:108FC00001D3CB02C01A5241830A8B4201D38B02D8
:108FD000C01A5241430A8B4201D34B02C01A52417C
:108FE000030A8B4201D30B02C01A5241CDD2C309EE
:108FF0008B4201D3CB01C01A524183098B4201D36A
:109000008B01C01A524143098B4201D34B01C01A54
:10901000524103098B4201D30B01C01A5241C308CC
:109020008B4201D3CB00C01A524183088B4201D33B
:109030008B00C01A524143088B4201D34B00C01A27
:109040005241411A00D20146524110467047FFE793
:1090500001B5002000F0F0F802BDC0460029F7D0AD
:1090600076E7704703460B437FD4002243088B42C8
:1090700074D303098B425FD3030A8B4244D3030B9F
:109080008B4228D3030C8B420DD3FF22090212BA64
:10909000030C8B4202D31212090265D0030B8B42E0
:1090A00019D300E0090AC30B8B4201D3CB03C01ACA
:1090B0005241830B8B4201D38B03C01A5241430BA5
:1090C0008B4201D34B03C01A5241030B8B4201D395
:1090D0000B03C01A5241C30A8B4201D3CB02C01A00
:1090E0005241830A8B4201D38B02C01A5241430A78
:1090F0008B4201D34B02C01A5241030A8B4201D367
:109100000B02C01A5241CDD2C3098B4201D3CB010D
:10911000C01A524183098B4201D38B01C01A5241BC
:1091200043098B4201D34B01C01A524103098B42C0
:1091300001D30B01C01A5241C3088B4201D3CB00AB
:10914000C01A524183088B4201D38B00C01A52418E
:1091500043088B4201D34B00C01A5241411A00D23E
:1091600001465241104670475DE0CA0F00D04942A7
:10917000031000D34042534000229C4603098B4217
:109180002DD3030A8B4212D3FC22890112BA030A9F
:109190008B420CD3890192118B4208D38901921121
:1091A0008B4204D389013AD0921100E08909C309A6
:1091B0008B4201D3CB01C01A524183098B4201D3A8
:1091C0008B01C01A524143098B4201D34B01C01A93
:1091D000524103098B4201D30B01C01A5241C3080B
:1091E0008B4201D3CB00C01A524183088B4201D37A
:1091F0008B00C01A5241D9D243088B4201D34B0095
:10920000C01A5241411A00D20146634652415B10D6
:10921000104601D34042002B00D5494270476346B7
:109220005B1000D3404201B5002000F005F802BDFC
:109230000029F8D016E770477047C0468446101CD6
:1092400062468C46191C634600E0C0461FB501F01B
:10925000EDFA002801D40021C8421FBD10B501F06D
:1092600045FA4042013010BD10B501F0DFFA002888
:1092700001DB002010BD012010BDC04610B501F07B
:10928000D5FA002801DD002010BD012010BDC04628
:1092900010B501F067FA002801DC002010BD0120A4
:1092A00010BDC04610B501F05DFA002801DA0020BB
:1092B00010BD012010BDC0468446081C6146FFE772
:1092C0001FB500F0C1F9002801D40021C8421FBD1C
:1092D00010B500F043F94042013010BD10B500F068
:1092E000B3F9002801DB002010BD012010BDC046ED
:1092F00010B500F0A9F9002801DD002010BD012003
:1093000010BDC04610B500F051F9002801DC002066
:1093100010BD012010BDC04610B500F047F900286F
:1093200001DA002010BD012010BDC046002B11D174
:10933000002A0FD1002900D1002802D00021C94302
:10934000081C07B4024802A14018029003BDC046A1
:10935000E9FEFFFF03B4684601B5029800F03CF84F
:10936000019B9E4602B00CBC7047C0469E2110B5C2
:10937000C905041CFFF7D0FF002803D1201C00F012
:1093800077FB10BD9E21201CC90500F0ADF900F04F
:109390006FFB80231B069C466044F2E770B50022F9
:1093A0000C4B04000D00FFF77DFF002804D12000C6
:1093B000290002F079F870BD064B00222000290038
:1093C00001F00EFD02F070F880231B069C466044FD
:1093D000F1E7C0460000E041F0B54F464646D646AC
:1093E000C0B5040082B00D00914698468B422FD83C
:1093F0002CD04146484602F0EDF929000600200035
:1094000002F0E8F9331A9C46203B9A4600D576E0F4
:109410004B46524693401F004B46624693401E0007
:10942000AF4228D825D05346A41BBD41002B00DAFB
:109430007BE00022002300920193012352469340D7
:109440000193012362469340009318E08242D0D9F1
:1094500000220023009201930A9B002B01D01C6084
:109460005D600098019902B01CBC90469946A246E6
:10947000F0BDA342D7D90022002300920193634696
:10948000002BE9D0FB079846414672080A437B0847
:1094900066460EE0AB4201D1A2420CD8A41A9D410F
:1094A000012024196D410021013E24184D41002E58
:1094B00006D0AB42EED9013E24196D41002EF8D101
:1094C00000980199534600196941002B23DB2B00BA
:1094D0005246D3402A006446E2401C005346150021
:1094E000002B2DDB26005746BE4033002600674682
:1094F000BE403200801A994100900191ACE762466B
:1095000020239B1A4A46DA406146130042468A40AD
:1095100017001F4380E7624620239B1A2A006646F5
:109520009A402300F3401343D4E7624620230021EE
:109530009B1A0022009101920122DA40019280E7F9
:109540002023624626009B1ADE402F00B046664666
:10955000B74046463B003343C8E7C04670B54200BB
:109560004E024C0045026D0A120EC30F760A240EFD
:10957000C90FFF2A0FD0FF2C11D00120A24200D02A
:1095800070BDB542FCD18B420DD0002AF8D1280025
:10959000451EA841F4E70120002DF1D1EBE70120A1
:1095A000002EEDD1E9E70020EAE7C04670B54A0099
:1095B0004E02450244006D0A240EC30F760A120EB5
:1095C000C90FFF2C15D0FF2A0ED0002C15D1002A70
:1095D00001D1002E1CD0002D14D08B4227D00220A8
:1095E000013B1840013870BD002EEED002204042F1
:1095F000F9E7002DFAD1FF2A0ED0002A0ED1002E55
:10960000EDD00BE001230139994308000130EAE76E
:109610000020002DE7D0E2E7002EE7D18B42DED11B
:10962000944205DD0221581E08400138DBE7002482
:10963000A24204DCB542D2D80020B542D3D2581E93
:10964000012398430130CEE730B5420044024D0279
:10965000C30F4800640A120E6D0A000EC90FFF2ADC
:1096600012D0FF280CD0002A12D1002819D1002DC9
:1096700017D1002C2BD00220013B1840013826E0E6
:10968000002DF0D0022022E0002CFBD1FF281FD0BB
:1096900000281FD1002D1DD10220013B18400138A8
:1096A00015E0002C0ED08B42E5D10022904204DC64
:1096B000AC42E0D80020AC4209D2581E01239843A6
:1096C000013004E00123013999430800013030BD25
:1096D000002DD7D18B42CED18242E7DD0221581E28
:1096E00008400138F3E7C046F8B54746CE46440087
:1096F000C20F80B547024802400A844666464800C9
:109700007F0A240EF60025009046FB00000EC90FCC
:10971000B146FF2800D185E001267140261A91420A
:1097200057D0002E43DD002800D07FE049460029B5
:1097300000D1AAE0013E002E00D0F7E05B1A5A01EA
:1097400000D48BE09B019C09200002F025F805382D
:109750008440854200DDD3E0451B230020200135F5
:10976000EB40451BAC40621E944123430724002577
:109770001C40012241460A40002C04D00F21194010
:10978000042900D00433590100D480E00135ECB243
:10979000FF2D00D0A3E0FF2400235B02E405580A5C
:1097A000D207204310430CBC90469946F8BD002ECA
:1097B00074D1601CC0B2012800DCA7E04A469C1AA4
:1097C000620100D5B6E0002CBED1002200240023A7
:1097D000E3E7002E00DC85E0002846D0FF2C49D0CE
:1097E00080224846D2041043814601221B2E09DC08
:1097F00020204C46801B84404A462000F240441EF4
:10980000A04102439B185A0128D50135FF2D00D1F4
:10981000A8E00122072494491A405B080B40134337
:109820001C40A6E7002E00D078E775E7FF2C54D047
:1098300080224946D2041143894601221B2E09DCAD
:1098400020214846891B88404A460100F240481EB4
:1098500081410A439B1A5A0100D573E70122414610
:109860000A40590700D089E711E04846002858D13E
:10987000FF2C0CD1DB08002B00D18CE78020C0032B
:1098800003435B025B0AFF2487E7FF2C25D0DB083C
:10989000FF2DF0D05B025B0AECB27EE7002C4DD0CE
:1098A000FF2818D08024E404724223431B2A00DDE1
:1098B000C4E01C002025D440AA1A93405A1E9341AC
:1098C00023434A460500D31A884638E7721CF8D06D
:1098D000F243FF28EAD10A004B46FF25D7E79B0158
:1098E0005B0A5AE7002E41D1651CE9B2012945DD2A
:1098F000FF2D00D14FE707244B445B081C4038E79D
:1099000007225A4B2D1A2340144032E7002C1DD158
:10991000002B7AD14B46002B00D191E00A000025A4
:10992000B5E7013E002E19D14B446CE7FF2C84D1E2
:10993000FF25ACE74A468846D41A05E7002BC5D177
:109940000A00FF28C8D005004B46A0E7002B49D1EC
:109950004B46002B77D00A00FF2598E7FF2C00D05C
:1099600043E787E70A00FF24002316E7002C15D100
:10997000002B57D1FF28E6D14B467BE7002C20D1A6
:10998000002B57D04946002953D04B445A0168D583
:109990000724364A1C4001251340EAE6FF28EBD095
:1099A0008022D204764213431B2E53DC2025AD1BAC
:1099B0001A00AB40F2405C1EA34113434B44050028
:1099C00021E7002BD8D04946002900D152E7802159
:1099D000C9030F4200D14DE76046084200D049E775
:1099E0004B4647E74846FF25002800D14FE7802235
:1099F000D203174204D06046104201D14B4688463C
:109A000001224146FF250A4041E7484600281FD071
:109A10001A1A500120D54A460724D31A1C408846FA
:109A20000025A6E6741CC9D0F643FF28BCD14B46DE
:109A300020E799464B460025DB082BE7012340E74A
:109A400000220023A9E680230022DB03FF24A4E6F2
:109A500000251CE70123B1E7002AF1D013000025FF
:109A6000FCE60025FAE6C046FFFFFF7DFFFFFFFB97
:109A700041024200C30F490A120E00207E2A0DD96E
:109A80009D2A0CD8802000040143952A0ADC9620E8
:109A9000821AD1404842002B00D108007047034A87
:109AA0009818FBE7963A9140F4E7C046FFFFFF7F26
:109AB000F0B54F464646D6460C000903C0B5490AE4
:109AC000470F5E0039431F03DB0F9C4665007B0A8E
:109AD000570F1F436D0DE40F760DA146C000B84629
:109AE000D200AB1B64457BD0002B5FDD002E00D085
:109AF000A4E03E00164300D112E15E1E002E00D00D
:109B00009EE1871A4346B84280410125C91A404266
:109B1000091A0B0200D431E149024E0A002E00D18D
:109B20006EE1300001F038FE0300083B1F2B00DD22
:109B300061E120223900D21A9E40D1409F400E435D
:109B40009D4200DD51E15D1B6B1C1F2B00DD7CE1A4
:109B50002021C91A3D0030008F408840DD40791E29
:109B60008F41310007222843D940002507433A405E
:109B7000002A09D00F233B40042B05D03B1DBB42DC
:109B8000BF417F42C9191F000B0200D426E26A1CA4
:109B9000C64B55056D0D9A4200D106E1C44AFF0837
:109BA0000A40530752023B43120B8EE0002B00D0B9
:109BB000B8E06B1C5B055B0D012B00DC30E1871A04
:109BC0004346B842B641CB1A76429E1B330200D5BB
:109BD0004CE13B003343A1D100220024002570E07A
:109BE000002B00DCE5E0002E00D183E0AF4EB54253
:109BF00060D0802636043743B846382B00DC3EE17F
:109C0000434613431F007A1E97413F188742804105
:109C1000404209180B0200D4B0E0A44B01359D422C
:109C200000D1C3E0A24A7B080A4001210F401F4334
:109C30005108D30707221F433A4099E79B4EB5428C
:109C400038D0802636043743B846382B00DDDCE0B8
:109C50001F2B00DC30E11E004746203EF740BC468B
:109C6000202B04D04026F31A46469E40324317006C
:109C700063467A1E97411F43CCE0002B00D104E2DB
:109C80004346134300D159E14B07C00818438023D2
:109C9000C9081B03194208D04546ED081D4204D1EE
:109CA0004346D008590708432900420FC9007F4D99
:109CB0001143C0004B07CA087C49C00803438D42CA
:109CC00068D012036D05120B6D0D002112031800F0
:109CD000130B0A0D12051A43764B2D0513402B4327
:109CE0005B00E4075B08234319001CBC90469946BF
:109CF000A246F0BD3E00164312D05E1E002E00D0DC
:109D000000E18718874280414144404209180125FB
:109D10000B0233D5022585E7644633004146100027
:109D20001D00C7E7002D00D0DAE00C000443F3D09B
:109D30005C1C00D19FE15D4CA64200D12FE1DB43CA
:109D4000382B00DD66E11F2B00DD83E120240500B8
:109D5000E41A0F00DD40D940A0404346A7405B1AFB
:109D6000441EA04198462F433843171ABA429241E5
:109D700043465242991A64463500CAE607223A40E1
:109D8000002A00D0F6E64B07CA084849FF083B43C3
:109D90008D4296D11900114300D19EE18021090323
:109DA0000A431203120B414D8FE7150000220023D6
:109DB0008BE7002B00D0C7E06B1C5F057F0D012FE8
:109DC00000DCF1E0394DAB4200D1B9E085180A0062
:109DD000854289414244494251180722CF076D0804
:109DE0002F4349083A401D00C2E607223049ED1AC8
:109DF00031403A40BCE63E002838864000279FE6C6
:109E0000380001F0C9FC20308EE6434613431F00A2
:109E10007A1E9741C71BB84280414042091A78E632
:109E20000E003B0006431343002D61D1002E00D0ED
:109E3000F4E0002B00D11BE164463900100039E743
:109E40001A4FBB427AD03300FFE630001F3DE84096
:109E5000202B03D04021CB1A9E4037437B1E9F41CD
:109E6000072207433A400021002589E7171A434695
:109E7000BA42B641591A76428E1B64464EE61F2BF3
:109E800000DDADE020264746F61AB740B946170078
:109E9000B246DF404E463E4337005646B240561E5D
:109EA000B24117434246DA408918AEE6FF07000088
:109EB000FFFF7FFFFFFF0F8020264746F61AB740BF
:109EC000B9461700B246DF404E463E43370056467D
:109ED000B240561EB24117434246DA40891A99E70A
:109EE0007F4CA6425BD0802424045B42214327E7B9
:109EF000002E0CD1002B00D1CBE0644639001000BD
:109F0000774DD7E6764FBB4218D0330075E6002B6D
:109F100014D04B07C00818438023C9081B031942FB
:109F200007D0FC081C4204D17907D0080843E14659
:109F300021004C46420FC9001143C000684DB9E6EC
:109F40001D0000220023C0E6002D5BD10D0005435B
:109F500000D1E2E65D1C00D1B0E0614DAE421FD001
:109F6000DB43382B71DC1F2B00DD96E020250F0032
:109F7000ED1AAF40B9460700AA46DF404D463D43C3
:109F80002F005546A840D940451EA84188440743A4
:109F9000BF18974292415142414435003AE6644627
:109FA00035004146100085E60B000343002D00D02C
:109FB00063E6002BF5D04346134300D17AE68718B9
:109FC0008742804107224144404209183A400B022F
:109FD00000D4D5E6434B01351940C9E5380069E6A0
:109FE0001E004746203EF740BC46202B04D04026AA
:109FF000F31A46469E403243170063467A1E974145
:10A000001F4302E6364DAE42CAD080252D045B4286
:10A010002943A6E70843411E8841A6E6002B00D14C
:10A0200048E6871A4346B842B641CB1A76429E1B91
:10A0300033024BD5171A4346BA429241591A52423B
:10A04000891A072264463A4092E501430F00791EBF
:10A050008F419DE71C000F00203CE740202B03D0E0
:10A060004024E31A99400843411E884138437CE666
:10A070000022002425E6171A4346BA429241591A93
:10A080005242891A6446350043E541461000144D9A
:10A0900010E680220024120380E61D000F00203D00
:10A0A000EF40BC46202B03D04025EB1A99400843D3
:10A0B00007006346781E87411F4369E78718974268
:10A0C0009B4141445B42C9183500A3E53B00334343
:10A0D000CED0072231003A4052E600231A00F4E5C0
:10A0E000FF070000FFFF7FFFF0B55746DE464E46F4
:10A0F0004546E0B5834607000E03480085B092460A
:10A100001C00360B400DCD0F002800D19DE0954B73
:10A11000984239D08023F6001B041E43924A7B0FDD
:10A12000334399469446030063440093002300267A
:10A13000FF00029323031B0B98466300E40F524673
:10A140005B0D019400D1B3E086498B4200D19EE0C3
:10A150004246D100802212040A435146490F11435E
:10A160008B46814952468C4600996344CB1A0021A4
:10A17000D20000932B0063409A460F2E00D905E1D0
:10A180007A4BB6009B599F465B463343994600D0B5
:10A19000B8E002230826002700900293CAE7CB46C6
:10A1A0003A0002990195019B9A46022927D003297A
:10A1B00000D180E2012944D06D49009B8C46634464
:10A1C0001C00002C38DD530700D013E2D2085B4698
:10A1D000DB0109D55946674B19408B468021C900E0
:10A1E0008C46009B63441C00634B9C4207DC5B462F
:10A1F00064055F075B0217431B0B620D02E000233F
:10A200000027584A00211B031C0B0B0D1B05234381
:10A2100014055A4A380013401C4353466400DB07B8
:10A2200064081C43210005B03CBC90469946A246F8
:10A23000AB46F0BD0122524201231B1B382B00DC30
:10A24000ADE1002200230027DCE75B46334399465B
:10A250005ED0002E00D18AE1300001F09DFA0300AB
:10A260000B3B1C2B00DD7BE11D22D31A5A4601005B
:10A27000DA4008398E4013005F46334399468F40D9
:10A280003F4B00261B1A00930023029352E74146DE
:10A2900053460B433B499B468C46009B63440093CB
:10A2A0005B46002B3BD1022300221E43022161E7C3
:10A2B000434613439B4637D04346002B00D162E10F
:10A2C000404601F069FA03000B3B1C2B00DD53E113
:10A2D00002004146083A914088461D21CB1A51465A
:10A2E000D9400B0041460B439B46534693401A000E
:10A2F000009B25499C46604403008C4663440093C0
:10A30000002137E70323B14600900C26029311E7A2
:10A310000023009301330426002702930AE7032356
:10A32000C3461E43032125E701331E4300220121BA
:10A3300020E700239A46802300271B03094A61E790
:10A34000802349461B03194200D1E2E059461942D5
:10A3500000D0DEE00B431B0317001B0BA246014A93
:10A3600050E7C046FF07000001FCFFFFD80A0100CC
:10A37000FF030000FFFFFFFEFE070000FFFF0F804E
:10A380000DFCFFFF01F8FFFFF3030000D94500D9E2
:10A39000CBE000D1C6E03C0048460027009B013BD3
:10A3A00000935B46160E1B021E43130298463304AD
:10A3B0001B0C9946310C0191FEF750FE4A46424370
:10A3C0000B04210C050019438A4207D98919013D64
:10A3D0008E4203D88A4201D9851E8919881A0199AB
:10A3E000FEF73CFE09048C464A462104644642437B
:10A3F000090C030021438A4204D98919013B8E428A
:10A4000000D8F1E02D041D43AB464346891A42466D
:10A41000280C12041D0C5B46140C22001B041B0CA0
:10A420005A4303946B434443029568431B19150C2C
:10A43000EB189C4203D980246402A44660441C0C9F
:10A4400015041B042D0C20185D19814277D373D09D
:10A450000C1AA24A7D1BAF42BF419446009B7F422B
:10A460006344E01B1C00864200D1DBE00199FEF74B
:10A47000F5FD4A4642430B04290C070019438A4262
:10A4800007D98919013F8E4203D88A4201D9871E14
:10A490008919881A0199FEF7E1FD09044A4689469F
:10A4A00029044D464243090C030029438A4207D937
:10A4B0008919013B8E4203D88A4201D9831E89192A
:10A4C0003F04891A3A00039F1A43380013041B0CF7
:10A4D000584381460298150C6F4343434543484611
:10A4E000000C8446DB1963449F4203D9802040025C
:10A4F0008446654448461F0C00041B04000C7D196B
:10A500001818A94200D284E000D17FE001231A4349
:10A5100057E680234A461B0313431B031B0BAA4623
:10A520006F4A6FE6BA4200D935E74B46DC07580858
:10A530007B081C43FF0734E70024AF4289D247441D
:10A540004745A4415B466442A4196418013BA642F6
:10A550001ED2A0426DD800D1B6E0241A9B4678E7FF
:10A5600003005A46283B9A400027914688E6584601
:10A5700001F012F9203072E603005246283B9A405F
:10A5800093460022B4E6504601F006F920309AE6E0
:10A59000A642E2D1B845DCD9341A9B4659E71F2BB5
:10A5A00065DC504C0099A4465C46614408008C4030
:10A5B00011008240D940501E82410C4314435A4638
:10A5C000DA401300620709D00F222240042A05D086
:10A5D0002200141D9442894149425B181A0262D537
:10A5E0000122002300270DE68A4200D80AE7831ED5
:10A5F000891907E70F231340042B00D1E6E5171D47
:10A600009742924153429B44FA08E0E5002800D16A
:10A61000D7E57118531EB14227D3A94215D358D09C
:10A620001A0073E7002B00DC04E6012300229B44A0
:10A63000CDE502234744474589415B429C46494258
:10A6400089190C19E344241A03E743465F00474580
:10A650009B41B8465B429E19023A8919A94200D033
:10A6600054E7404500D051E7ABE51A00F6E71F215B
:10A670005F4649420C1BE740202B07D01A49009B3C
:10A680008C46634418005B4683401A43501E824147
:10A690003A4307270023174009D00F210023114018
:10A6A0001400042995D122005F075B021B0BD2081E
:10A6B00017430022A6E5802359461B030B431B03C7
:10A6C00017001B0B064A9DE5BD42B2D89B460024ED
:10A6D000BFE68045B9D31A00C3E7C046FF030000B8
:10A6E000FF0700001E0400003E040000F0B54F46C6
:10A6F0004646D6468446C0B58046194E18030F0319
:10A700004D00000B5C0082463F0B6D0DC90F91465A
:10A71000640DDB0F0120B5420AD0B44203D0A5423C
:10A7200001D157450CD01CBC90469946A246F0BDBD
:10A7300066463E43F7D1AC42F5D154461443F2D1BC
:10A740000120C845EFD1994207D0002DEBD16346D7
:10A750001F433800471EB841E5E70020E3E7C04645
:10A76000FF070000F0B54F464646D6464D00C0B53F
:10A770000E03C90F8A462C491F035C008046360B26
:10A780006D0D91463F0B640DDB0F8D421ED08C4248
:10A7900016D0002D1ED130438446002C01D13A43FF
:10A7A00023D06246002A1AD09A4529D05146022069
:10A7B0000139084001381CBC90469946A246F0BDBC
:10A7C00039001143E5D002204042F4E73043FAD18A
:10A7D000AC420FD0002C0FD13A43E7D00CE001225D
:10A7E000013B934318000130E5E763460020002B4E
:10A7F000E1D0DBE73A43E6D19A45D7D1A542D5DC93
:10A80000A54205DBBE42D1D808D00020BE42D2D23C
:10A8100050460123013898430130CCE7C845C5D8DC
:10A820000020C845F4D3C6E7FF070000F0B54F4647
:10A830004646D6464D00C0B50E03C90F8A462E497E
:10A840001F035C008046360B6D0D91463F0B640D77
:10A85000DB0F8D4218D08C4211D0002D18D130431F
:10A860008446002C1ED13A431CD163460020002BA5
:10A8700030D0514602200139084001382AE0390021
:10A880001143EAD0022025E03043FBD1AC4226D070
:10A89000002C26D13A4324D15146022001390840E8
:10A8A000013817E06246002A0FD09A45E1D1A5424F
:10A8B00005DBBE42DDD819D00020BE420AD2504688
:10A8C000012301389843013004E00122013B934306
:10A8D000180001301CBC90469946A246F0BD3A4390
:10A8E000D0D19A45C5D1A542C3DCE0E7C845C0D860
:10A8F0000020C845E3D3EDE7FF070000F0B5574659
:10A90000DE464E464546E0B5834606000F03480046
:10A9100087B092461D003F0B400DCC0F002800D1A0
:10A920006FE0DE4B984238D08023FF001B041F43AA
:10A93000730F3B430193DA4B0027994600239B4654
:10A94000F60081442B0369001B0B52469846490DC3
:10A95000ED0F002900D185E0D04B994200D173E082
:10A960004346DA0080231B0413435246CC48520F5F
:10A9700084461343524600206144D200894421009A
:10A98000694000918C46012149448A460F2F00D925
:10A9900090E0C449BF00CF59BF465B463B4301939B
:10A9A00000D06AE102230827002681469B46C9E7BA
:10A9B00032005846019B61460091022800D175E0A3
:10A9C000032800D1FEE1012800D02CE1002300275C
:10A9D000002600253F032A0D3F0BB34812053A43DA
:10A9E00002401B051343009A5B00D1075B080B4331
:10A9F0003000190007B03CBC90469946A246AB46D1
:10AA0000F0BD5B463B43019300D12FE1002F00D105
:10AA1000A5E1380000F0C0FE03000B3B1C2B00DD5D
:10AA200096E11D22D31A5A460100DA405E460839E3
:10AA30008F4013008E403B4301939C4B00271B1A11
:10AA4000994600239B467DE7414653460B43934975
:10AA50008C46E144002B00D01AE102220220174369
:10AA600000228CE7134300D10DE14346002B00D1B7
:10AA700081E1404600F090FE02000B3A1C2A00DD06
:10AA800072E10100434608398B4098461D239A1A0B
:10AA90005346D3401A004346134352468A40494620
:10AAA000081A824989468144002068E77B4B0027C9
:10AAB00000268EE7140C1204120C1100370C360419
:10AAC000350C794328008C462E0060436044834651
:10AAD00056432100300C8046584679434044029149
:10AAE000844506D98846802149028C46E044414687
:10AAF00002913604010C360C00048B4681191E0CA1
:10AB00001B041B0C0391190079438C4628007543E4
:10AB10006544A8465843050C45447743A94203D9E8
:10AB2000802149028C466744290C8C463900000478
:10AB3000000C2D042D186144AB4405915946049135
:10AB400001990F043F0C080C3900514342439046D1
:10AB500002008C46090C8B4662437C4344445C44AF
:10AB6000A04503D98021490288464244210C8846E9
:10AB700061460904090C8C4639005943434370432C
:10AB80007E430F0CF6182404BE19644442448C46DC
:10AB9000B34203D980235B0298464044029B61463E
:10ABA0009846049B370443449B46AB45AD416B42FA
:10ABB0000D0405992D0C8C467F196744FD18A84695
:10ABC0005D462D19A542A44193466442A446C34460
:10ABD000DC448F42BF4198459B4193459241A44537
:10ABE000A4415B427F421F43360C52426442BF196C
:10ABF0002243BF18624638184302D20D039913430B
:10AC00006A020A43501E82416146ED0D2A434E02FC
:10AC10003243D90100D4B3E0012650083240024348
:10AC2000DE0732435B08224C5444002C62DD51079E
:10AC300009D00F201040042805D0101D90429241E9
:10AC400052429B180200D90104D580241948E4001F
:10AC5000034054441848844200DD27E75E075B0246
:10AC6000D2081F0B630516435B0DB2E6002399461D
:10AC70000133042700269B4664E60323019781469F
:10AC80000C279B465EE6012201201743002276E650
:10AC9000032303201F43434671E6C046FF0700001D
:10ACA00001FCFFFF180B0100FFFF0F800DFCFFFFF1
:10ACB000FF030000FFFFFFFEFE07000000238027C8
:10ACC00000933F030026434B83E6019B3200A446DA
:10ACD000584670E6AC466EE6802701993F0339423C
:10ACE0002DD03B422BD11F433F033F0B0095160055
:10ACF000384B6EE601252D1B382D00DD66E61F2D35
:10AD000040DC35481C005044160082408440EE4030
:10AD1000501E824134431443EB40620709D00F2296
:10AD20002240042A05D02200141D94428041404252
:10AD30001B181A023ED501230027002649E680276A
:10AD4000019B3F031F433F033F0B0094214B40E611
:10AD500003005A46283B9A40002601926DE6584669
:10AD600000F01AFD203057E603005246283B9A4077
:10AD70001300002293E6504600F00EFD20307BE6E3
:10AD8000CA4650E71F201E004042041BE640202D0B
:10AD900003D0124C5444A3401A43501E8241324304
:10ADA00007260027164009D00F200023104014006A
:10ADB0000428B9D122005E075B021F0BD20816439C
:10ADC000002306E680273F031F433F033F0B160087
:10ADD000004BFEE5FF0700001E0400003E040000DB
:10ADE000F8B557464E464546DE460C000903E0B529
:10ADF000490A460F5F0031431E03DB0F760A9B466C
:10AE0000530F3343C84E6500C000E40FD2006D0DF0
:10AE1000A24681467F0D9C469046B74200D1B9E0DC
:10AE20005B46012673409B46EE1BA34500D183E0A1
:10AE3000002E63DD002F00D0B1E06346134300D144
:10AE400023E1731E002B00D0BAE1861A6346B0429C
:10AE500080410125C91A4042091A0B0200D447E17A
:10AE600049024B0A98464346002B00D189E14046EF
:10AE700000F092FC0300083B1F2B00DD7CE1202248
:10AE80003000D21A4146D040994002009E400A4309
:10AE90009D4200DD6AE15D1B6B1C1F2B00DD94E110
:10AEA000202110003500C91A8E40DA408840DD406C
:10AEB000711E8E41110007222843002506433240AF
:10AEC000002A09D00F233340042B05D0331DB34291
:10AED000B641764289191E000B0200D43DE26A1C7D
:10AEE000914B55056D0D9A4200D119E18F4AF60834
:10AEF0000A40570752023743120B9BE0002E00D046
:10AF0000C5E06E1C7605760D012E00DC48E1674633
:10AF1000861ACB1BB042BF417F42B8461F00434652
:10AF2000FF1A3B00B8461B0200D55FE137439AD1B8
:10AF300000220024002579E0002E00DCFAE0002F3A
:10AF400000D18DE0784B9D4267D0802367461B047B
:10AF50001F43BC46382E00DC52E1634613435A1EA1
:10AF600093411E1886428041404209180B0200D4CA
:10AF7000BEE06D4B01359D4200D1D2E06B4A7308B3
:10AF80000A4001210E401E435108D30707221E43E9
:10AF9000324095E71E00164300D045E740E7624B7C
:10AFA0009D423AD0802367461B041F43BC46382E7F
:10AFB00000DDEBE01F2E00DC3AE133006746203B6A
:10AFC000DF403B00202E05D04027BF1B6646BE4019
:10AFD000324390464646721E96413343DAE0002BD8
:10AFE00000D114E26346134300D168E180234E0789
:10AFF000C008C9081B030643194208D06046C008B0
:10B00000184204D163460100D2085E071643F300DC
:10B010009946C900720F444D11434B46DE08424B1E
:10B020004F073743CA089D4200D16EE012036D05F9
:10B03000120B6D0D00211203130B0A0D12051A439A
:10B040003B4B2D0513402B435B00E4075B08234378
:10B05000380019003CBC90469946A246AB46F8BD64
:10B060006346134311D0731E002B00D007E18618EE
:10B070008642804161444042091801250B0237D5C0
:10B0800002257BE73E00614691463500C5E75C46F8
:10B09000002D00D0E1E00B000343F3D0731C00D17E
:10B0A000ACE1214B9F4200D13AE1F343382B00DD64
:10B0B0006FE11F2B00DD8CE120250E00ED1AAE4064
:10B0C000B0460600AA46DE40454635432E005546AA
:10B0D000D940A8406346451EA8415B1A9C463043B0
:10B0E000161AB242924163465242991A3D00B4E6A2
:10B0F00007223240002A00D0E4E60B4BF6084F0747
:10B100003743CA089D4200D090E73B00134300D16B
:10B11000A6E180231B031A431203120B024D89E799
:10B1200015000022002785E7FF070000FFFF7FFFD3
:10B13000FFFF0F80002E00D0C7E06B1C5E05760D70
:10B14000012E00DCF0E0C84DAB4200D1B9E085181B
:10B150000A00854289416244494251180722CE07BC
:10B160006D082E43490832401D00A9E6BF49ED1A7B
:10B17000114007223240A3E63200283882400026E0
:10B1800086E6300000F008FB203073E66346134388
:10B190005A1E9341C61AB04280414042091A5CE6E9
:10B1A0000E00674606431743002D5ED1002E00D0E7
:10B1B000F3E0002F00D11EE15C46614691462CE78A
:10B1C000A94FBE427BD01E00F1E610001F3DE840B3
:10B1D000202B03D04021CB1A9A401643731E9E4168
:10B1E0000722064332400021002583E7161A6346F2
:10B1F000B2428041591A40420B1A98465C4632E6E8
:10B200001F2E00DDABE02027BB1B9A466346574646
:10B21000BB40994613004F46F3401F433B0057463F
:10B22000BA40571EBA4113436246F240891898E665
:10B230002027BB1B9A4663465746BB4099461300DE
:10B240004F46F3401F433B005746BA40571EBA4192
:10B2500013436246F240891A9CE7834B9F425FD0BA
:10B2600080252D047342294320E7002E0CD1002FA6
:10B2700000D1D0E05C46614691467B4DCDE67A4FE9
:10B28000BE421CD01E0065E6002F18D0C0084E0735
:10B2900006438020C9080003014208D06346DC0849
:10B2A000044204D12100DA46D2085E071643F300B7
:10B2B000994601245346C900720F11431C406A4D40
:10B2C000ABE61D0000220027B4E6002D59D10B008B
:10B2D000034300D1D6E6731C00D1B2E0624B9F421B
:10B2E0001ED0F343382B6FDC1F2B00DD97E02025A9
:10B2F0000E00ED1AAE40B0460600AA46DE404546B6
:10B3000035432E005546A840D940451EA8418C44DF
:10B310000643B61896429241514261443D0025E6EB
:10B320003D006146914678E60B000343002D00D0B6
:10B3300055E6002BF5D06346134300D16DE6861821
:10B340008642804161444042091800220B0200D429
:10B35000D0E6464B01351940B2E5B1465DE6330013
:10B360006746203BDF403B00202E05D04027BF1B17
:10B370006646BE40324390464646721E964133436F
:10B38000EFE5394B9F42CBD080252D0473422943F2
:10B39000A8E70843411E8841A2E6002F00D13CE601
:10B3A0006346861ACF1AB0429B415B42FB1A98460D
:10B3B0001B024ED5161A6346B2429241591A5242A6
:10B3C000891A5C4600227BE501430E00711E8E4106
:10B3D0009FE71D000E00203DEE40B046202B04D01C
:10B3E0004025EB1A99400843814648464346411E92
:10B3F0008841184374E60022002417E6161A6346B3
:10B40000B2429241591A5242891A3D0025E56146DD
:10B410009146154D01E680220024120379E61D00B5
:10B420000E00203DEE40B046202B04D04025EB1A04
:10B430009940084381464E464346711E8E411E4345
:10B4400067E7861896429B4161445B42C9183D00FC
:10B450008CE547463743CED007224146324049E685
:10B4600000273A00E6E5C046FF070000FFFF7FFF28
:10B4700070B50C4E0D031C0349005B002D0B490DEC
:10B48000240B5B0DB14208D0064900208B4203D14A
:10B4900014432000441EA04170BD05430120002D2F
:10B4A000FAD1F1E7FF07000030B5144D0A034B0055
:10B4B000120B5B0DC90F0024AB4211DD104CA342EF
:10B4C00010DC8024640322430E4CE41A1F2C0CDD94
:10B4D0000D48C31ADA4013005C42002900D11C0059
:10B4E000200030BD094BCC18FAE7094DE040AC46CE
:10B4F00063449A4013000343EEE7C046FE03000096
:10B500001D0400003304000013040000FFFFFF7F50
:10B51000EDFBFFFF70B500282DD0C317C5185D40A7
:10B52000C40F280000F038F9154B1B1A5B055B0DA2
:10B530000A2815DD0B38854000222D032D0B002134
:10B5400010002D030A0D2D0B12052A430D4D1B056E
:10B550002A4013435B00E4075B082343190070BDD6
:10B5600002002900153291400A000B21081AC5403B
:10B570002D032D0BE3E70024002300250022DEE746
:10B580001E040000FFFF0F8010B5041E25D000F040
:10B5900003F9144B1B1A5B055B0D0A2812DD0B38EF
:10B5A000844000222403240B0021100024030A0DF0
:10B5B000240B120522430C4C1B05224013435B0055
:10B5C000590810BD02002100153291400A000B21DC
:10B5D000081AC4402403240BE6E7002300240022B9
:10B5E000E2E7C0461E040000FFFF0F804100090E85
:10B5F0004B1C70B5DBB24602750AC40F012B14DD7B
:10B60000E0239B006D07360BCB1800210A0D2800A4
:10B6100012051C4D32435B052A405B0813435B0057
:10B62000E4075B082343190070BD002914D1002DE5
:10B630001ED0280000F0B0F80A281CDC0B232A00DA
:10B640001B1ADA40030015339D400F4B12031B1ADF
:10B650005B05160B5B0DD8E7002D06D0320B80265C
:10B6600036036D071643094BCFE7084B0026CCE79E
:10B6700000230026C9E703002A000B3B9A4000255F
:10B68000E3E7C046FFFF0F8089030000FF070000CB
:10B69000F0B54C00640D0B03621C5B0A460F5205AB
:10B6A000C90F1E43C500520D012A29DD374BE7188B
:10B6B000FE2F1CDC002F3BDD8001431E984107223A
:10B6C000F3006D0F03432B431A40002A04D00F22CE
:10B6D0001A40042A00D004338022D2041A4024D015
:10B6E0000137FAB2FF2F02D09B01580A01E0FF2276
:10B6F00000204002D205400AC90710430843F0BDAC
:10B700003543002C04D1002D0AD100220020F0E79F
:10B71000002DECD08020C0033043FF22E9E7002455
:10B7200000235B02580AE2B2E3E7DB083C00F8E7DB
:10B730003B001733F3DB80231B0433431E26F61B29
:10B740001F2E14DD02225242D71B1A00FA401700A6
:10B75000202E04D00E4A94466444A3401D432B007F
:10B760005D1EAB4107223B431A400027ADE7094A63
:10B770002800A218954093406C1EA541F040072276
:10B780002B4303431A4000279FE7C04680FCFFFF7E
:10B79000A2FCFFFF82FCFFFF1C2101231B04984237
:10B7A00001D3000C10391B0A984201D3000A083952
:10B7B0001B09984201D30009043902A2105C401809
:10B7C0007047C046040302020101010100000000AD
:10B7D0000000000010B5002903D1FFF7DDFF203085
:10B7E00002E0081CFFF7D8FF10BDC04610B50A22C2
:10B7F000002101F0C9FA10BD10B50400044813007F
:10B80000002804D00A000220210000E000BF10BD83
:10B8100000000000074B70B51C680500E36B002BAF
:10B8200003D1242000F00CF9E0632800E16B00F064
:10B8300003F870BD30000020F0B50668476885B099
:10B84000594A002330000C00390003F0D9FC574A54
:10B850000190851800233000534A390003F0D0FCD2
:10B86000161E06DA524A504B9446F618019B634462
:10B870001D00E12130000901FDF7F4FBE121A0608A
:10B8800009013000FDF7D4FC0E003C213000FDF72B
:10B89000E9FB3C2160603000FDF7CAFCE81C216038
:10B8A0000721FDF7C5FC002900DA0731A161281E38
:10B8B000404901DA404BE818FDF7D4FB07003F4848
:10B8C0003F49784345192800FDF742FB3D49461999
:10B8D0002800FDF73DFB3C49361A2800FDF738FBF0
:10B8E0006E21361AFF313000FDF732FB37490190E7
:10B8F0003000FDF72DFB334945193000FDF728FBDB
:10B900006E21019BFF3159432D1A6B1A0526180031
:10B910007043992102300293FDF71AFB050099202C
:10B920006843029B3100013302300393FDF710FBA3
:10B93000039B033E1B1A0393092D00D90C3EC82319
:10B940005B005F43019B7619FF1801250023B54278
:10B950005B41FF183223029AFF339A420ED9150039
:10B96000333DFF3D1A4B2000FF18039BE561E36068
:10B97000002367612661236205B0F0BD019B9B0730
:10B9800006D164210198FDF769FB2800002906D142
:10B99000C82101984900FDF761FB48424841029DDA
:10B9A0003B352D18DEE7C046805101006CFA0A00D5
:10B9B0006BFA0A00B13A020050C5FDFF4FC5FDFF0A
:10B9C000AC8E0000B4050000B03A0200948E000076
:10B9D00094F8FFFF70B500260C4D0D4C641BA410AD
:10B9E000A64209D1002603F05BFD0A4D0A4C641BF8
:10B9F000A410A64205D170BDB300EB58984701369C
:10BA0000EEE7B300EB5898470136F2E764020020F6
:10BA100064020020640200208C020020EC300068E8
:10BA200070470000044B1B681B6A002B00D1034BBE
:10BA3000EC3318687047C0463000002094000020A6
:10BA400010B5034B0100186800F014FB10BDC04690
:10BA50003000002010B5034B0100186800F0C0FA58
:10BA600010BDC0463000002082B0002900D101A9DD
:10BA7000101E06D0002B06D013780B601078431EE2
:10BA8000984102B0704702204042FAE7002310B507
:10BA90009A4200D110BDCC5CC4540133F8E710B514
:10BAA000884202D98B18984203D3002307E08B5CAD
:10BAB0008354013AFBD210BDCC5CC45401339A428A
:10BAC000FAD1F8E703001218934200D170471970B9
:10BAD0000133F9E7F7B5016804003B290BD93C2293
:10BAE000684601F0A9FB63680099019A5B186360DE
:10BAF000002A51DB226061683B290BD93C22684651
:10BB000001F09AFBA3680099019A5B18A360002AD0
:10BB100047DB6260A16817290BD91822684601F03B
:10BB20008BFBE3680099019A5B18E360002A3DDB18
:10BB3000A26021690B290BD90C22684601F07CFB1D
:10BB400063690099019A5B186361002A33DB226103
:10BB500065691C23AA070FD164212800FDF768FB43
:10BB60001D23002908D13C4B9131E818FF31FDF726
:10BB70005FFB4B424B411C33E2681D27002A45DD29
:10BB800003261C272269E168012A43D0334D900027
:10BB90004059814241DC3CE03C32013B2260636021
:10BBA000A9E73C32013B6260A360B3E71832013B76
:10BBB000A260E360BDE70C32013B22616361C7E72D
:10BBC0002269013A2261013217D10B2303226569F0
:10BBD0002361681E6061113310420ED16421FDF7AC
:10BBE00027FB3B00002908D11D4B9131E818FF319C
:10BBF000FDF71EFB4B424B411C3321691A00012902
:10BC000002D0164A89008A58B618E660E668002E07
:10BC1000D6DDF7BD8B42FCDA1800091A0132E1606B
:10BC200022610C2AAED1002365692361681C606122
:10BC30003B003042A6D16421FDF7FAFA1D2300290A
:10BC4000A0D1084B9131E818FF31FDF7F1FA4B42D2
:10BC50004B411C3396E7C0466C070000600B0100A7
:10BC60006B0700006D070000F0B58BB0040002F018
:10BC7000A3F907002000FFF72DFF3C236268A168AD
:10BC8000534322689B18E12212014A439B180093F8
:10BC9000E268DB1701932369501EB54A99008A5860
:10BCA0008218049262690392012B14DD13009B0732
:10BCB00011D164211000FDF7BBFA002908D1039BC4
:10BCC000AC4A9131FF319818FDF7B2FA002902D140
:10BCD000049B01330493049BA749E361039BA74A98
:10BCE0005B18934200D974E1039B462B00DC88E08B
:10BCF000C8264625760003231D4200D07FE064213C
:10BD00002800FDF795FAB7235B00002908D1994B6D
:10BD10003100E818FDF78CFA4B424B416E33FF338C
:10BD2000049A0135D3180493039BAB42E3D1049AE0
:10BD3000934B53431800D917009A019B12184B419B
:10BD40000092019301F0E4F801F0E4F88D4B1D68D6
:10BD5000002D4CD06369874A9818236A059308938D
:10BD6000002B01DD012308937B68834200D089E02A
:10BD7000B86CF96C3B6D02000993099B0693DB17C5
:10BD80000793BB6A1D00DE179C460B00521BB34194
:10BD90001E00019B15009E420EDC02D1009B9D42BD
:10BDA0000AD8069A079B801A9941019B99426EDC3A
:10BDB00002D1009B98426AD8069807993A6A7B6A32
:10BDC000121A8B413968002963D001998B420ADC31
:10BDD00002D100998A4206D8019B9E4260DC02D1C2
:10BDE000009B9D425CD8059B0025002B5CDABB6A5A
:10BDF0001E00DF17009A019BB6185F41A6E06E2374
:10BE00008DE7039B462B92D0C8264525760016E089
:10BE1000002B30D164212800FDF70AFAB7235B001C
:10BE2000002908D1534B3100E818FDF701FA4B42C5
:10BE30004B416E33FF33049A013DD31A049303231D
:10BE4000039A2B40AA42E3DB002B16D16421100099
:10BE5000FDF7EEF9002912D1039B464A913198185B
:10BE6000FF31FDF7E5F94B4259416E31FF31049B3B
:10BE70005B1A04935BE76E23DCE76E21F6E7B721DC
:10BE80004900F4E700F094FF002800D070E7089D17
:10BE900051E001998B429FDC02D100998A429BD8E4
:10BEA000059B0125002B49DB089E6E40012E42D1E7
:10BEB0006346099A9B1A002D00D15B421800226844
:10BEC000D917D2182260009A019B12184B41009298
:10BED0000193E36820000593FFF7FCFDE368059AF2
:10BEE0009B1A28D0012B20DC5A1C00DB1E00049B6F
:10BEF000E2699B1904930323B61847D5039A501E91
:10BF0000184215D16421FDF793F900292DD11E4A5D
:10BF1000039B9446913163441800FF31FDF788F983
:10BF20004B4259416D31FF3104E001267642DEE794
:10BF3000B6214900E161012D00D058E73B6D012594
:10BF40001E00DF17009A019BB6185F4100F0E1FF69
:10BF50000498256204300721FDF76AF9002936DBD1
:10BF6000A161300039000BB0F0BD6E21DBE7C046A7
:10BF7000900B01006C07000010270000204E00000D
:10BF800080510100B01800206B070000039A1A428C
:10BF900016D164211000FDF74BF9002912D10F4A88
:10BFA000039B9446913163441800FF31FDF740F93B
:10BFB0004B4259416E31FF318E4206DAE661BAE7F3
:10BFC0006E21F8E7B7214900F6E7761AF6E7073160
:10BFD000C6E701267642F717C3E7C0466C070000A4
:10BFE00070B50500002910D00C1F2368002B00DA63
:10BFF000E418280001F0FBFF1D4A1368002B05D14F
:10C0000063601460280001F0F3FF70BDA34209D9FA
:10C01000216860188342F3D118685B684118216079
:10C02000EEE713005A68002A01D0A242F9D9196834
:10C030005818A0420BD1206809185818196082427C
:10C04000E0D110685268411819605A60DAE7A042DE
:10C0500002D90C232B60D5E721686018824203D1F6
:10C06000106852684118216062605C60CAE7C0468F
:10C070008C180020032370B5CD1C9D4308350600A5
:10C080000C2D1ED20C25A9421DD8300001F0AFFFA7
:10C09000254A14682100002919D1244C2368002B5B
:10C0A00003D1300000F002FD20602900300000F0D4
:10C0B000FDFC431C2BD10C233000336001F098FFB2
:10C0C00003E0002DDFDA0C233360002070BD0B6825
:10C0D0005B1B19D40B2B03D90B60CC18256003E034
:10C0E0004B688C420DD11360300001F081FF2000BD
:10C0F00007220B30231D9043C31AE7D05A42E25067
:10C10000E4E763600C00EFE70C004968C3E7032332
:10C11000C41C9C43A042E1D0211A300000F0C6FCB0
:10C12000431CDBD1C7E7C0468C18002090180020C4
:10C13000F0B58BB014001D1E129953DA802424062A
:10C140001B191D0014002D230B702023149E0322A5
:10C150009E43462E07D03300453B59424B41109930
:10C16000013ACB18109309AB049308AB0393139BCC
:10C1700000920293109B220001932B0001F0FAF829
:10C180000700472E02D1119BDB0724D5109BFB181B
:10C190000793462E14D13B78302B0CD1002200237C
:10C1A00020002900FDF75AF8002804D10123109A35
:10C1B0009B1A139A1360139B079A1B68D318079353
:10C1C0000022002320002900FDF748F83022002833
:10C1D0000DD0079B09933800099B159ADB1B136050
:10C1E0000BB0F0BD0023AFE7591C09911A70099BF1
:10C1F00007998B42F8D3EEE7F0B5831C85B0019325
:10C2000006000C0002702B23002901DA2D234C427A
:10C210007370092C22DD02ABDD1D20000A21FDF721
:10C2200007F86F1E3031397020000A21FCF71AFF21
:10C23000040009280BDC023D3034019B2C7002AA5B
:10C2400007321800AA4204D8801B05B0F0BD3D009B
:10C25000E3E72A7801351A700133F0E73023E41858
:10C26000B370301DF470EFE7F0B595B00C000A9292
:10C270000B931A9D099001F0A3FE036818000C931C
:10C2800000F098FC0023129323680E900D930D99F3
:10C29000277E2B680722C90545D59B1893431A00B2
:10C2A00008322A601A685B68A264E3640122E56CC4
:10C2B000A66C6B005B080F935242AC4B30000F9999
:10C2C000FFF7D6F8002830D10122A84B52423000A7
:10C2D0000F99FCF7D3FF002827D10022002330005C
:10C2E0002900FCF7C1FF002803D023002D2243338F
:10C2F0001A709F4D472F00D89E4D032300260D9A9C
:10C30000236101339A4322600B9B13AA00932100FF
:10C310000A9B099800F0F4F9431C00D093E0012037
:10C32000404215B0F0BD0733B8E732002B003000B3
:10C330002900FFF79DF8002804D08F4D472FDCD847
:10C340008E4DDAE780230D996268DB000B43511CA8
:10C3500043D10732626012AA0021059211AA03920A
:10C36000232223600691019308A963685218029260
:10C37000009332002B0004970998FFF7D9FE202381
:10C380003A0005009A43472A07D1119BDA1C02DBC9
:10C390006268934245DD023FFFB21199652F25D8AF
:10C3A000200001393A0050301191FFF725FF129A11
:10C3B000060013182361012A02DC2268D20701D586
:10C3C00001332361232308AA9B181B78002B9BD0E1
:10C3D00023002D2243331A7096E7672F00D176E1B0
:10C3E000472FB8D1002AB6D10122B3E7662F19D161
:10C3F000636800290CDD2161002B02D12268D2077D
:10C4000002D501335B182361119B0026A365D9E790
:10C41000002B03D101222168114200D09A1C226115
:10C42000F2E76727119B129A934205DB226823618A
:10C43000D207E9D50133E6E70121002B01DC4918D9
:10C44000C91A5218EBE72268530508D423692A0059
:10C450000A9909980B9DA847431C29D15FE7652FCE
:10C4600000D8E0E0A06CE16C00220023FCF7F6FEAF
:10C47000002834D00123424A0A9909980B9DA84705
:10C48000431C00D14BE7119B129A934202DB2368B5
:10C49000DB070DD50B9D0E9B0C9A0A990998A847AE
:10C4A0000025431C00D13AE7129B013BAB420ADC5A
:10C4B00023689B0700D508E1139BE068984200DBE6
:10C4C0002FE718002DE7220001231A320A99099854
:10C4D0000B9EB047431C00D121E70135E4E7119BD7
:10C4E000002B2DDC0123264A0A9909980B9EB047A0
:10C4F000431C00D113E7119B002B05D1129B002B8D
:10C5000002D12368DB07D3D50B9E0E9B0C9A0A99A8
:10C510000998B0470026431C00D100E7119B5B42FD
:10C52000B34201DC129B92E7220001231A320A99DE
:10C5300009980B9FB847431C00D1F0E60136EDE7A0
:10C54000A36D129F9F4200DD1F00002F08DD3B00FE
:10C550002A000A9909980B9EB047431C00D1DEE6D9
:10C5600000230D93FB43DB170F9318E0FFFFEF7FD2
:10C57000C40A0100C00B0100C00A0100C40B010085
:10C580002A0F0100220001231A320A9909980B9EF2
:10C59000B047431C00D1C2E60D9B01330D930F9BA6
:10C5A000A66D0D9A3B40F31A9342EBDC119B129A55
:10C5B000AD19934210DB2368DB070DD4129F119B4A
:10C5C000BE1BFF1AB74200DD3700002F0DDCFE4313
:10C5D000F31700250C931CE00E9B0C9A0A990998FE
:10C5E0000B9FB847431CE9D199E63B002A000A9902
:10C5F00009980B9DA847431CE9D190E6220001232E
:10C600001A320A9909980B9EB047431C00D186E65E
:10C610000135119A129B0C999B1A3A000A409B1AF9
:10C62000AB42EBDC44E7129B012B02DC01231A42F4
:10C6300032D001232A000A9909980B9FB847431C5E
:10C6400000D16CE60E9B0C9A0A9909980B9F013554
:10C65000B847431C00D162E6A06CE16C129B00223B
:10C660005F1E0023FCF7FAFD3B00002814D00025D4
:10C670000AE0220001231A320A9909980B9FB84751
:10C68000431C00D14BE60135129B013BAB42F0DC71
:10C69000220033005032DBE62A000A9909980B9DEC
:10C6A000A847431CF4D13AE62200012319320A9923
:10C6B00009980B9EB047431C00D130E60135E36872
:10C6C000139A9B1AAB42EFDCF6E60025F7E7002A47
:10C6D00000D189E60021069112A9059111A90391C3
:10C6E000232108A809182360019300922B000497C6
:10C6F000029132000998FFF71BFD050045E6C04690
:10C70000F7B5150001938A680B6900900C009342FD
:10C7100000DA130022002B6043321278002A01D085
:10C7200001332B6023689B0602D52B6802332B60F4
:10C73000062723681F4027D0230043331B785A1E47
:10C7400093412268920630D4220001994332009826
:10C75000089EB047431C25D0062320682A68E1685C
:10C7600003400025042B03D18D1AEB43DB171D403A
:10C77000A3682269934201DD9B1AED180027BD4290
:10C7800020D1002010E00137E3682A689B1ABB42E1
:10C79000D2DD22000123193201990098089EB0478A
:10C7A000431CF0D101204042FEBD3020E11843314E
:10C7B000087021005A1C45310978A218433202330F
:10C7C0001170C1E7220001231A3201990098089ED6
:10C7D000B047431CE6D00137D1E70000F0B589B07F
:10C7E00004920A0043320593039002920A7E0C00E1
:10C7F0000E9B6E2A00D186E01FD8632A33D008D85A
:10C80000002A00D18CE0582A4DD0250042352A70EC
:10C8100030E0642A01D0692AF7D1196825680A1D19
:10C82000280629D508681A60002803DA2D23029A01
:10C83000404213706B4E0A274FE0732A74D008D819
:10C840006F2A1FD0702AE0D1202209680A43226093
:10C8500003E0752A16D0782AD7D1220078214532F4
:10C860001170614E22E025001A684235111D1960D1
:10C8700013682B70012365E008681A606906D3D538
:10C8800000B2D1E719682568081D186008682E06EF
:10C8900005D5544E08276F2A1BD00A2719E06D06CC
:10C8A000F7D580B2F5E745314E4E0A701868226818
:10C8B000011D00681960150621D5D30702D5202374
:10C8C0001A4322601027002803D1202322689A43AC
:10C8D00022602300002243331A706368A360002B98
:10C8E00058DB0422216891432160002854D1029D25
:10C8F000002B5AD02500337842352B7055E0550671
:10C90000DBD580B2D9E71A680D68101D4969186037
:10C9100013682E0601D5196002E06D06FBD519805B
:10C920000023029D23614FE01A68111D19601568EC
:10C9300000216268280001F04FFB002801D0401B55
:10C940006060636823610023029A13703CE02369EE
:10C950002A0004990398059DA847431C3ED02368EC
:10C960009B0715D4079BE068984239DA180037E036
:10C9700022000123193204990398059EB047431CF5
:10C980002CD00135E368079A9B1AAB42F0DCE9E74B
:10C990000025F7E70028ADD0029D3900FCF75EFBCB
:10C9A000735C013D2B700028F7D1082F09D1236853
:10C9B000DB0706D563682269934202DC3023013D20
:10C9C0002B70029B5B1B2361059B07AA0093210030
:10C9D000049B0398FFF794FE431CB8D1012040420A
:10C9E00009B0F0BDC80B0100D90B01000D4B70B5AB
:10C9F0001C680500A36B002B0FD11820FFF720F84F
:10CA0000094BA0630360094B01224360084B83601C
:10CA10000B2383810023026143610022A36B1D610C
:10CA20005A6170BD300000200E33CDAB34126DE67C
:10CA3000ECDE0500124B10B51C68A36B002B0FD168
:10CA40001820FEF7FDFF0F4BA06303600E4B012281
:10CA500043600E4B83600B2383810023026143619B
:10CA6000A46B0B4A206961690A4B02F0EDFB0122BD
:10CA7000002380185941206161614800400810BDC1
:10CA8000300000200E33CDAB34126DE6ECDE050035
:10CA90002D7F954C2DF4515810B5034B0A00010021
:10CAA000186801F09BFD10BD30000020002370B518
:10CAB000064C05000800236002F0E4FC431C03D18F
:10CAC0002368002B00D02B6070BDC046C01800202A
:10CAD0000CB430B5164B9DB00C1E1D6808DA8B23C4
:10CAE00001202B6040421DB030BC08BC02B018478A
:10CAF000822302A99B008B810023029008619C4243
:10CB000000D0631E8B604B6101235B42CB81209A76
:10CB100021AB2800019301F0E9FD431C01DA8B23CE
:10CB20002B60002CDFD00023029A1370DBE7C04695
:10CB3000300000200EB400B50B499CB01DAB029034
:10CB40000690079104910948094904CB05910068B2
:10CB500002A9019301F0CAFD0023029A13701CB0D0
:10CB600008BC03B01847C046FFFFFF7F300000201D
:10CB70000802FFFFC9B20378002B04D08B4200D11A
:10CB800070470130F7E74B42594149420840F7E707
:10CB900002780B78002A03D0013001319A42F7D095
:10CBA000D01A704703000A7801311A700133002A45
:10CBB000F9D170470023C25C0133002AFBD1581E13
:10CBC0007047002330B59A420AD0013AC45CCD5C6C
:10CBD000AC4204D1934202D00133002CF6D1631B46
:10CBE000180030BD30B50500002A00D130BD0C78EA
:10CBF000013A6B1C2C700131002C05D19A189A4215
:10CC0000F4D01C700133FAE71D00EDE770B5002485
:10CC10000D00A14206D12100FFF7ACFF040006E0A1
:10CC20001C00581C2900FFF7A5FF031EF8D12000A7
:10CC300070BD10B50378002B0FD10B785A425341C9
:10CC40005B42184010BD0023CA5C002AFAD0C45CC5
:10CC5000944201D10133F7E701300378002BF2D180
:10CC60001800EFE7F0B51F000E0087B005900191A6
:10CC700002920C983478FEF7D1FE0822001943780E
:10CC8000751C134036D12D2C36D1B51C7478012675
:10CC9000002F62D0102F09D1302C07D120222B7801
:10CCA0009343582B54D110276C7802352D4B390003
:10CCB000F31818000393FCF7D1F904910121002324
:10CCC000494202008C4618002100303909291AD83F
:10CCD0000C00A74223DD591C09D06346824206D3CB
:10CCE00002D10499A14202DB0123784320182C7859
:10CCF0000135E9E72E00BCE72B2C01D01E00C7E769
:10CD0000B51C7478FAE721004139192901D8373C5C
:10CD1000DFE721006139192901D8573CD9E75A1CAE
:10CD200008D1059A23331360029B0398002B09D185
:10CD300007B0F0BD002E00D04042029A002AF7D082
:10CD4000002B01D06B1E0193029B019A1A60EFE742
:10CD50003024002FAAD10827A8E7302C9ED00A271C
:10CD6000A4E7C046FFFFFF7F13B5054C2468246A83
:10CD7000002C00D1034C0094FFF774FF16BDC04691
:10CD8000300000209400002037B51300064A05004B
:10CD90001068046A002C00D1044C0A000094290099
:10CDA000FFF760FF3EBDC046300000209400002029
:10CDB000F0B589B0040001F0FFF84E4B06000020EA
:10CDC0009C425FDD6E2564214B4BFF35E0184543E7
:10CDD0004A4B7460E0184A4B80102D184942E01805
:10CDE000FCF740F9C821474B2D184900E018FCF723
:10CDF00039F964212B1820000093FCF719FA0191EE
:10CE0000C82120004900FCF713FA0A0053425A4196
:10CE1000330058330793032335001C4002910492DA
:10CE2000083505942B78EF684A2B2DD1009BDC192F
:10CE3000059B002B02D1019B002B03D10021029BFB
:10CE40008B4203D101213B2F00DC00216418013CFF
:10CE50002D492B694C43E4182B6AE418AC61079BFD
:10CE6000E417EC612835AB42DCD1F16C726A012326
:10CE7000914205DC03D1B26C316A8A4200D80023AA
:10CE80000120336009B0F0BD442B02D1009BDC19B6
:10CE9000DEE7059B049A002B03D1019B002B00D0F9
:10CEA0000122302353430693184B00219C466868A7
:10CEB000009C069A01318B009B186246043BD358B4
:10CEC0000393884210DC201D0721FCF7B1F9791A81
:10CED00000D50731AB685A1E072353435918039BEB
:10CEE000994204DA6418B3E7039BE418E1E70739D1
:10CEF000F5E7C046B10700004EF8FFFF4FF8FFFF0F
:10CF000093F8FFFFBFF9FFFF80510100940D01006E
:10CF10007047704710B5024B186800F003F810BD59
:10CF200030000020F0B58DB0070001F045F8AF49A2
:10CF30000600380001F03AF8AD4D041E0DD1AD4B9E
:10CF4000AD4A1860AD4B1860AD4B28681A605A6046
:10CF5000FEF780FD2C600DB0F0BD2968002959D185
:10CF60002868FEF777FD2000FFF724FE411C3800FB
:10CF7000FFF780F82860002851D12378A1493A3B77
:10CF80005A425341E418A04A0AAB200001F0ACFC1D
:10CF90000028E0DD0A9BE41823782D2B43D12E3B9B
:10CFA00001340493162702ABFF18002308AD3B8021
:10CFB0002B800AAB039302950193009707AA93492C
:10CFC000200001F091FC0028C5DD3C233A88904FF9
:10CFD00053432A888A4D9B1802AA918AE1221201A2
:10CFE0004A439B18049A87495A43874BB2622B6085
:10CFF0000A9B3A00E41820000AAB01F075FC0028F7
:10D0000018DC2B68B26A6B607A4B1A6000227B4B8B
:10D010001A60A0E7FFF7BCFD00289CD0A0E7210024
:10D02000FFF7C0FDA9E701222B3B04925A4253416E
:10D03000E418B7E70A9B6F60E41823782D2B00D023
:10D040008DE02E3B013404931627002302AABF185B
:10D0500007AD13832B803B8008AA0A930AAB029288
:10D060000393019300972A006849200001F03CFCDB
:10D07000002800DD7AE0B36A664A9B1833650A9B94
:10D080003700E41800230837049323782C3B5A42D6
:10D090005341E41825784D2D00D078E01E2202A9D6
:10D0A0005218029209AA00921A220AAB521803934C
:10D0B00001935949200001F017FC032800D04AE7EA
:10D0C00002AB598B4B1E0B2B00D944E702AB9A8B5A
:10D0D000531E042B00D93EE702ABDB8B062B00D995
:10D0E00039E73D707960BA60FB600A9BE51802235E
:10D0F00007AA1380002302A908ACCB8223800A93DD
:10D100002B782F2B0BD1162102A809180AAB0091FE
:10D110000393029401934149280001F0E5FB02AB1F
:10D12000DA8A3C23534322889B1807AA1188E122FC
:10D1300012014A439B183B610A9B2837EC18049B59
:10D14000012B22D17068FFF733FEB26A294B1A60B7
:10D15000336D9B1A5A1E9341284A1360FBE6012245
:10D160002B3B04925A425341E4186DE73C233A8822
:10D170002988534302AA128B9B18E12212014A43C9
:10D180009B18049A5A43130078E701237CE7442351
:10D1900005934A2D01D1013405950A220BA92000DF
:10D1A00001F060FC1E2302AA0B9D9B181880A5426B
:10D1B00016D1049B002B08D14D3333720323F36047
:10D1C000013B3361049B736191E733004D2230339F
:10D1D0001A700B2373630A3BB3630023F36386E780
:10D1E0006B461B7D80B23B70F86080E7EA0B010064
:10D1F000AC180020B4180020ED0B0100B01800207E
:10D2000000020020F10B01009F180020140C010007
:10D2100094180020F0F1FFFF000C0100130C010036
:10D220000B1E04D0FF2A04D98A2303608B3B18000D
:10D2300070470A700123FAE770B50E000400110070
:10D2400030001500FBF7F4FF002E07DB002901DAA0
:10D250000130491B20606160200070BD0029F9DDAC
:10D2600001384919F6E7F0B503690C6989B0070080
:10D2700005910026A34265DB0B00013C1433A50099
:10D2800003935B1904930300143302935D19049B09
:10D2900028681B68591C0193FBF75AFE0190B042A5
:10D2A00029D0039B02989C460696624608CA94467B
:10D2B000019A99B251431B0C534389190A0C9B18CC
:10D2C00007931E0C036889B29AB2069BD2180368B2
:10D2D000521A190C6B469B8BCB1A11145B1819143C
:10D2E00092B21B041A43049B069104C06345DCD22E
:10D2F0002B68002B2DD00599380001F08FF80028FD
:10D300001FDB0025019B02980133039901930268FA
:10D3100008C992B255199AB2AA1A05681B0C2D0CAD
:10D32000EB1A15145B191D1492B21B04134308C0A9
:10D33000049B8B42EBD2029AA300D3181A68002AEE
:10D3400011D0019E300009B0F0BD2B68002B04D134
:10D35000013C029B043DAB42F7D33C61CBE71A682A
:10D36000002A04D1013C029A043B9A42F7D33C6163
:10D37000E7E70000F0B516001F00446A9BB002907A
:10D38000239D06960797002C08D11020FEF758FB26
:10D39000029B5862446084600460C460029B5B6AC4
:10D3A000196800290BD05A68012393404A608B60AA
:10D3B000029800F056FE0022029B5B6A1A60002F62
:10D3C00020DA01232B607B005B080793079CB24B9C
:10D3D000220017931A409A4217D1B04B229A136039
:10D3E000069B002B03D1240301D100F087FDAC4B39
:10D3F000249A0893002A02D0AA4B249A1360089812
:10D400001BB0F0BD00232B60E0E7069E079F0022C3
:10D41000002330003900FBF721FF051E0BD001234C
:10D42000229A1360A04B249A0893002AE7D09F4ABF
:10D4300024990A60E3E718AB019319AB009332001B
:10D440003B00029801F068F8630003905B0D74D014
:10D450003A03974C120B14432100964A300016955C
:10D460009E180022944BFDF7BBFC944A944BFDF7A9
:10D4700045FA944A944BFCF71BFB040030000D0066
:10D48000FEF748F8914A924BFDF738FA02000B007C
:10D4900020002900FCF70CFB04000D00FEF704F847
:10D4A00000220700002320002900FBF7DDFE0028F2
:10D4B00009D03800FEF72EF82B002200FBF7CEFE35
:10D4C000434258413F1A01231493162F0DD8814926
:10D4D000FB00C91808684968069A079BFBF7D8FE45
:10D4E000002846D00023013F1493189B9E1B002365
:10D4F0000A933300013B0B9304D501239B1B0A9332
:10D5000000230B93002F36DB0B9B1197DB190B933A
:10D5100000230493209B0124092B00D984E0052BD0
:10D5200002DD0024043B2093209B981E032800D991
:10D5300084E0FBF703FD7577286A189B199A9E18FB
:10D54000654BF218202A0FDD40239B1A9C40634B49
:10D550000698F318D8402043FEF716F80123604CD4
:10D56000013E091916937CE7202306989B1A9840E0
:10D57000F2E71490B9E70A9BDB1B0A937B42049302
:10D5800000231193C6E701230D93219B002B59DD46
:10D590000C930993029A556A00226A6004321000C3
:10D5A00014306968984252D9029800F022FD029B1B
:10D5B00028605B6A1B680893099B0E2B00D90AE15F
:10D5C000002C00D107E1069B079C12931394002FB7
:10D5D00000DC89E00F213A003E4B0A40D2009B1844
:10D5E0001D685E6802233C110E93E3060BD53D4B8C
:10D5F0000C401A6A5B6A12981399FCF775FD0323B5
:10D60000069007910E9300233AE001230D93219B8E
:10D61000FB180C9301330993002BBBDC0123B9E702
:10D620000023B1E70023F1E700230D942093013B91
:10D6300000220C93099313332192ABE701230D933E
:10D64000023BF5E701230C9309931A00F4E701313B
:10D6500069605200A3E701231C420ED00E9B214AB1
:10D6600001330E93109B2800DB009B1831001A68D1
:10D670005B68FDF743F905000E00109B6410013351
:10D680001093002CE7D1069807992A003300FCF785
:10D690002BFD0690079142E00000F07F0F2700006D
:10D6A000300D0100330D01002A0F01002B0F010086
:10D6B0000000F03F01FCFFFF0000F83F61436F6393
:10D6C000A787D23FB3C8608B288AC63FFB799F509B
:10D6D0001344D33F200E0100320400001204000066
:10D6E000000010FEF80D010002230E93002F16D04B
:10D6F000129813997C420D332340CE4ADB00D31895
:10D700001A685B68FDF7FAF8002301261D000690F1
:10D7100007912411002C00D08CE0002BB9D1149B70
:10D72000002B00D196E0069C079D0022C24B2000F2
:10D730002900FBF799FD002800D18BE0099B002B05
:10D7400000D187E00C9B002B41DDBC4B0022200068
:10D750002900FDF7D3F80E9B0690079101330E9335
:10D760000C9B7E1E0E981093FDF7D4FE069A079B25
:10D77000FDF7C4F80022B24BFCF79AF9B14A0E90BB
:10D780000F910E9C0F9D94460F9B634415931D00B3
:10D79000109B002B61D1069807990022AA4BFDF738
:10D7A0001FFB2200159B06900791FBF771FD0028D7
:10D7B00000D0A8E2A5480F99844661440B00069862
:10D7C00007992200FBF750FD002800D095E2129B3C
:10D7D000139C06930794199B002B00DA5CE10E2F33
:10D7E00000DD59E1934BFA009B185C681B680493B9
:10D7F0000594219B002B00DBD8E0099B002B00DD6A
:10D80000D4E000D07DE20498059900228E4BFDF70C
:10D8100075F8069A079BFBF745FD099B04931E00CC
:10D82000002800D04FE2089B089A5D1C3123013785
:10D8300013704BE234420AD00E9B854A01330E939B
:10D84000EB009B181A685B68FDF758F8330064100A
:10D8500001355FE73E00099B84E7109B0D995A1E36
:10D86000744BD2009B181A685B68002949D00020CD
:10D870007849FCF739FC2B002200FDF7B1FA089B30
:10D880000E900F91159306980799FDF70DFE040071
:10D89000FDF740FE02000B0006980799FDF7A0FA7D
:10D8A000159B30345D1C1C700E9A0F9B06900791DF
:10D8B000FBF7DAFC00286CD1069A079B00205E4932
:10D8C000FDF78EFA0E9A0F9BFBF7CEFC002800D0D6
:10D8D000C3E0089B109AEB1A9A4200DC77E70E9897
:10D8E0000F990022554BFDF709F800220E900F9179
:10D8F00006980799514BFDF701F815950690079189
:10D90000C1E720002900FCF7F9FF089C109A2300CA
:10D9100094460E900F916344159306980799FDF76E
:10D92000C3FD0500FDF7F6FD0B0002000698079900
:10D93000FDF756FA3035159B257001340690079196
:10D94000A3422AD10E980F99089A109B94466344DB
:10D9500000221D003F4BFCF7ABF802000B000698BD
:10D960000799FBF795FC002800D076E00E9A0F9BF4
:10D9700000203849FDF734FA02000B000698079999
:10D98000FBF772FC002800D121E76B1E1A78302AC1
:10D9900001D037003FE01D00F7E706980799002205
:10D9A000264BFCF7ABFF06900791B6E7089E049A5A
:10D9B000059B06980799FCF797FBFDF775FD04009A
:10D9C000FDF7A8FD049A059BFCF798FF02000B00E9
:10D9D00006980799FDF704FA230030333370099A4B
:10D9E000089B751CEB1A9A4248D102000B00FCF709
:10D9F0005FF8049A059B06900791FBF749FC002805
:10DA00002AD1049A059B06980799FBF727FC002862
:10DA100001D0E30720D40399029800F022FB0023F1
:10DA20002B70229B01371F60249B002B00D1E6E462
:10DA30001D60E4E4200E01000000F03F00002440DF
:10DA400000001C400000C0FC000014400000C07C2E
:10DA5000F80D01000000E03F3E006B1E1A78392AE5
:10DA600006D1089A9A4207D1302313701300013669
:10DA70001A7801321A708CE71D00EEE70022A44BE1
:10DA8000FCF73CFF00220023069007912E00FBF7D5
:10DA9000E5FB00288BD0BEE70D9A002A00D1DAE022
:10DAA000209A012A00DDBDE0169A002A00D1B5E0D7
:10DAB000984A9B18049D0A9C0A9A0121D2180A923E
:10DAC0000B9A0298D3180B9300F06BFB0600002C06
:10DAD0000EDD0B9B002B0BDD0B9A2300944200DD27
:10DAE00013000A9AE41AD21A0A920B9AD31A0B93C9
:10DAF000049B002B1FD00D9B002B00D1AFE0002D0D
:10DB000011D031002A00029800F0E4FB039A0100D2
:10DB10000600029800F04EFB03991090029800F066
:10DB2000A0FA109B0393049B5A1B04D003990298FC
:10DB300000F0D0FB03900121029800F032FB119B12
:10DB40000490002B00D1E3E11A000100029800F0DC
:10DB5000C1FB209B0490012B00DD82E00025069B89
:10DB6000AB420ED1079B1B03AB420AD1179B079A0E
:10DB7000134206D00A9B013501330A930B9B0133F4
:10DB80000B93119B0120002B6CD10B9B18181F23AA
:10DB900018407ED001331B1A042B70DD1C23181A89
:10DBA0000A9B24181B180A930B9B1B180B930A9BA8
:10DBB000002B05DD1A000399029800F0DDFB0390AD
:10DBC0000B9B002B05DD1A000499029800F0D4FB92
:10DBD0000490149B002B5ED00499039800F01EFC67
:10DBE000002858DA00230A220399029800F052FA1A
:10DBF0000D9B013F0390002B00D190E100233100E9
:10DC00000A22029800F046FA0C9B0600002B00DD69
:10DC100088E0209B022B00DC84E044E03623189A45
:10DC20009B1A47E7099B5D1E049BAB4208DB5D1B0B
:10DC3000099B002B0CDA0A9B099A9C1A00233BE7EC
:10DC4000049B0495EA1A119B00259B181193EFE79A
:10DC50000A9C099B30E7049D0A9C0D9E37E7049AB5
:10DC600064E70025049B049A1B69109303339B000F
:10DC7000D318586800F04CFA2023181A85E7042BB3
:10DC800095D00A9A1C33D2180A920B9AE418D3182A
:10DC90008CE70300F5E7099B002B3DDC209B022B62
:10DCA0003ADD099B0C930C9B002B0CD104990522A7
:10DCB000029800F0EFF904900100039800F0AEFB29
:10DCC000002800DDAFE5219B089DDF430023099379
:10DCD0000499029800F0C5F9002E00D19BE6099B3B
:10DCE000002B05D0B34203D01900029800F0B9F917
:10DCF0003100029800F0B5F98DE6109B04931E00E8
:10DD0000E1E70023FAE7109B370004931E008AE541
:10DD100000002440330400000D9B002B00D1B2E032
:10DD2000099B0C93002C05DD31002200029800F0C5
:10DD300023FB06003000002D11D07168029800F01E
:10DD400058F93100040033690C319A1C92000C30F0
:10DD5000FDF79CFE01222100029800F00DFB0996C0
:10DD60000600089B0A9304990398FFF77CFA099927
:10DD70000D900400039800F051FB320010900499BC
:10DD8000029800F065FB01230B93C3683034050053
:10DD9000002B04D10100039800F040FB0B902900F8
:10DDA000029800F05EF90B9B209A13430ED1069A5D
:10DDB000013313420AD1392C26D0109B002B01DDF0
:10DDC0000D9C31340A9B5D1C1C7081E7109B002B5D
:10DDD00007DB1D00209B1D4322D10123069A13421D
:10DDE0001ED10B9B002BEDDD03990122029800F060
:10DDF000C3FA0499039000F011FB002802DCE1D182
:10DE0000E307DFD5392CDBD10A9B0A9A5D1C392345
:10DE100013706B1E1A78392A67D001321A7057E7CF
:10DE20000A9B5D1C0B9B002B04DD392CECD00134CC
:10DE30000A9BC9E70A9B0C9A1C70089BEB1A934239
:10DE40003ED000230A220399029800F023F9099B8F
:10DE50000390B34209D100230A220999029800F0E5
:10DE600019F9099006000A957DE7099900230A220D
:10DE7000029800F00FF9002309900A22310002985D
:10DE800000F008F9EEE7099B0C93089B06930499B0
:10DE90000398FFF7E8F9069B30305D1C18700C9A68
:10DEA000089B0400EB1A9A4208DD00230A2203991A
:10DEB000029800F0EFF806950390E8E70023099335
:10DEC00003990122029800F057FA0499039000F098
:10DED000A5FA00289DDC01D1E3079AD46B1E1A78BD
:10DEE000302A00D0F4E61D00F8E7089A9A4203D1E0
:10DEF000312301371370EBE61D008AE70B4B249AA0
:10DF000008930B4B002A01D0FFF777FAFFF777FA57
:10DF1000209B012B00DC21E6119D012035E60C9BA6
:10DF2000002BB2DC209B022BAFDDBCE6270D0100ED
:10DF30002F0D0100F0B50E0085B00700039200F030
:10DF4000A5FD194C33002568002D06D1380000F0DE
:10DF50009EFD002005B0F0BD01331A78002A1FD0C5
:10DF60003D2AF9D1F2E7043528680028EED0019A5D
:10DF70003100FEF726FE0028F5D1019A2B68944661
:10DF8000634402931B783D2BEDD123683800ED1AD2
:10DF9000039BAD101D6000F07AFD02980130D9E7B7
:10DFA0009B1B0193E0E7C0466002002007B501AA71
:10DFB000FFF7C0FF0EBD00000048704708020020B8
:10DFC000034B1B68186A002800D10248F0307047E4
:10DFD0003000002094000020C9B28218904201D184
:10DFE0000020704703788B42FBD00130F6E7704782
:10DFF000704770B5466A04000D00002E07D110204E
:10E00000FDF71EFD6062466086600660C660666A57
:10E01000F368002B13D0636AAA00DB689B181868AA
:10E02000002818D101210E00AE40721D9200200080
:10E0300000F0C6FA00280CD0456086600DE0212271
:10E040000421200000F0BCFA636AF060DB68002B5A
:10E05000E1D1002070BD02681A6000230361C36033
:10E06000F8E770B5446A06000D00002C07D11020B7
:10E07000FDF7E6FC7062446084600460C460002DBB
:10E0800007D0736A6A68DB6892009B181A682A6076
:10E090001D6070BDF7B51E0014239C4607000C00E0
:10E0A00000200D698C4463461B68013099B26346B9
:10E0B0001B6851431B0C534389190E0C9B1989B2E1
:10E0C0001E0C1B045B18614608C18C468542EADCC5
:10E0D000002E1BD0A368AB4212DC63683800591CC9
:10E0E000FFF787FF2100236901909A1C92000C31F1
:10E0F0000C30FDF7CBFC21003800FFF7B2FF019C8C
:10E100002B1D9B00E31801355E6025612000FEBDDC
:10E110000300020C0020824201D11B0410301A0EB1
:10E1200001D108301B021A0F01D104301B019A0FD4
:10E1300001D102309B00002B03DB01305B0000D4D7
:10E14000202070470722036810B501001A400DD047
:10E1500001240020234205D10230034203D0E340D2
:10E1600020000B6010BD9B080B60FBE79CB2100009
:10E17000002C01D110201B0CDAB2002A01D108308A
:10E180001B0A1A0701D104301B099A0701D102307A
:10E190009B08DA07E8D45B0801D00130E4E72020CF
:10E1A000E0E710B50C000121FFF723FF01234461D4
:10E1B000036110BDF0B50B691400126989B00D0040
:10E1C000934201DA25000C002F6926696968BB19A2
:10E1D0000293AB68BA19934200DA0131FFF709FFE5
:10E1E0000200BB1914329B00D3189C460021130077
:10E1F000049063451DD31435BF00EB191434B600E9
:10E200000593A319039501940793079B01999942DC
:10E2100011D3029B002B06DD04235B429C44634622
:10E220001B68002B51D0049B029A18001A6109B098
:10E23000F0BD02C3DDE7019B1B6898B200281CD02B
:10E2400015000026039F02CF2C688BB24343090CB4
:10E250004143A4B21B199B190E0029680695090CAD
:10E2600071181E0C89190E0C9BB209040B4308C5CA
:10E27000059BBB42E7D8069B5E60019B1B681D0C9B
:10E280001ED0100000271368039E3168046889B20D
:10E290006943240C0919C9190F049BB23B4303605D
:10E2A00080CE43683F0C6F439BB2FB18090C5B1890
:10E2B000059906901F0C0430B142E6D806994B60D0
:10E2C000019B0432043301939FE7029B013B0293BD
:10E2D0009FE700000323F7B5134005000E0014006C
:10E2E000002B08D02249013B9A00525800233100EC
:10E2F000FFF7D0FE0600A310019336D06C6A002C05
:10E3000007D11020FDF79CFB6862446084600460C4
:10E31000C4606F6ABC68002C07D116492800FFF75B
:10E3200040FF00230400B86003600122019B1342F8
:10E330000AD0310022002800FFF73CFF070031001F
:10E340002800FFF78EFE3E00019B5B1001930CD06E
:10E350002068002807D1220021002800FFF72AFFAB
:10E360000023206003600400DFE73000FEBDC046EC
:10E37000E80E010071020000F0B50D0017002B69D6
:10E38000541185B0E3180193013300934968AB68D9
:10E390000290009A934235DB0298FFF72AFE002391
:10E3A0000200060019001432A3422EDBE343DB1700
:10E3B0001C402B00A40014192A69143392009A18E7
:10E3C00094461F22174024D00132D21B0392002210
:10E3D00019682000B9400A4304C404CB0399CA4019
:10E3E0009C45F5D84260002A02D0019B023300937D
:10E3F000009B0298013B33612900FFF732FE300099
:10E4000005B0F0BD01315B00C3E798001150013346
:10E41000CAE704CB04C49C45FBD8E9E70A69036951
:10E4200030B59B1A0DD1920014301431841889181C
:10E43000043C043925680A68954204D001239542BA
:10E4400004D3180030BDA042F2D3FAE75B42F8E7EC
:10E45000F0B50D0085B00700110028001400FFF78B
:10E46000DDFF061E08D101003800FFF7C2FD0123C1
:10E470004661036105B0F0BD01230193002804DB70
:10E4800023002C001D000023019361683800FFF772
:10E49000B0FD2F000022019B2669C3601434B30035
:10E4A000E31802932B6914379B00FB1803930300B6
:10E4B0009446143320CC04CF0192AAB294446A4605
:10E4C000614692882D0C8A1A0199090C691A151453
:10E4D00049190D1492B209040A431A60039AAC4612
:10E4E0000433BA42E6D802991A008C4205D3043AA2
:10E4F0001368002B0ED00661BCE704CC91B26144D6
:10E500000D14120C5219151489B212040A43AC46A8
:10E5100004C3E8E7013EEAE7F7B51D000121140056
:10E52000089FFFF766FD2B036D0006001B0B6D0DAA
:10E5300024D10193002C27D068460094FFF702FEF7
:10E54000009C00281ED0019B20211A00091A8A4035
:10E55000C340224372610193019CB461631E9C41DC
:10E5600001343461002D18D0124BED1835232D18CD
:10E570003D60181A099B18603000FEBD80225203CE
:10E580001343D6E77461E7E701A8FFF7DBFD012439
:10E59000019B346173612030E4E7074BC018074BDF
:10E5A0003860E3189B00F3185869FFF7B1FD640168
:10E5B000201ADFE7CDFBFFFFCEFBFFFFFFFFFF3F92
:10E5C0004A4370B511001400FDF754FD051E03D039
:10E5D00022000021FDF776FA280070BDF8B507008B
:10E5E0000D001600002905D11100FDF743FD0400C0
:10E5F0002000F8BD002A03D1FDF7F2FC3400F7E754
:10E6000000F046FA2C00B042F2D231003800FDF79B
:10E6100031FD041EECD029003200FDF737FA290045
:10E620003800FDF7DDFCE3E7F0B58E6885B0070044
:10E630000C00039201939E423CD890238A89DB0010
:10E640001A4234D00325096923685B1A029363696F
:10E6500002985D43EB0F5D19019B6D1001331B1890
:10E66000AB4200D91D00530532D529003800FDF713
:10E6700001FD061E09D10C233B6040230120A28925
:10E6800040421343A38105B0F0BD029A2169FDF712
:10E69000FDF9A389144A1A4080231343A381029BE6
:10E6A0002661F61826606561019EED1AA560019B42
:10E6B0009E4200D9019E320003992068FDF7EFF9D0
:10E6C000A36800209B1BA36023689E192660DAE7DD
:10E6D0002A003800FFF782FF061EE0D121693800CA
:10E6E000FDF77EFCC7E7C0467FFBFFFFF0B59FB09C
:10E6F000029005938B890F0016001B0611D50B693C
:10E70000002B0ED14021FDF7B5FC386038610028A0
:10E7100005D10C23029A013813601FB0F0BD4023CD
:10E720007B61002306AC6361203363761033A376EC
:10E7300035002B78002B01D0252B46D1AB1B049341
:10E740000CD0320039000298FFF76EFF431C00D155
:10E75000AEE06269049B9446634463612B78002BAE
:10E7600000D1A5E0012200235242626002A9543286
:10E7700052186E1C2360E360A3601370A3653178A8
:10E7800005225448FFF728FC751C00281FD1226879
:10E79000D30604D5532302A95B182021197013074F
:10E7A00004D5532302A95B182B21197033782A2B27
:10E7B00016D0350000210A20E3682A786E1C303A12
:10E7C000092A4ED9002918D010E00135B1E7414B94
:10E7D0002268C01A01238340134323602E00CEE732
:10E7E000059B191D1B680591002B01DB099304E0B3
:10E7F0005B42E3600223134323602B782E2B0AD164
:10E800006B782A2B35D1059B02351A1D1B680592A2
:10E81000002B2BDB0793304E297803223000FFF7C3
:10E82000DBFB002806D04023801B83402268013593
:10E83000134323602978062228486E1C2176FFF7AF
:10E84000CBFB00283CD0264B002B25D10722059B73
:10E8500007339343083305936369039A9B186361F5
:10E8600066E7434301219B183500A6E701235B427D
:10E87000D0E700230A201A000135636029786E1C56
:10E880003039092903D9002BC5D00792C3E7424389
:10E89000012352183500F1E705AB00933A00114B04
:10E8A00021000298FDF7E0FC0390039B0133D3D1D4
:10E8B000BB890B985B0600D42FE7012040422CE770
:10E8C00005AB00933A00074B21000298FDF786FF45
:10E8D000EAE7C046F40E0100FA0E0100FE0E010048
:10E8E00069C2000029E600000EB4812370B59DB016
:10E8F00002AC21AD9B0040CDA38102900690FEF7B3
:10E9000059F90B4B606063620023606109486363DF
:10E91000A364013BE38132002B00210000680195D4
:10E9200000F01AF91DB070BC08BC03B01847C0460F
:10E9300039E900003000002000207047F0B51F00CA
:10E940000E0085B00390019102920A983478FDF789
:10E9500065F8082200194378751C134038D12D2C16
:10E9600038D17478B51C01330093002F65D0102F77
:10E9700009D1302C07D120222B789343582B57D123
:10E9800010276C780235012039004042FAF7E0FA8E
:10E990000600012039004042FAF760FB0023012203
:10E9A0008C461800524221003039092917D80C0032
:10E9B000A74222DD002B1EDB1300864205D301D1C6
:10E9C000A44502DB0123784320182C780135EAE7BF
:10E9D0002E00BAE72B2CC7D1B51C7478C4E72100F0
:10E9E0004139192901D8373CE2E721006139192959
:10E9F00003D8573CDCE71300E7E7002B09DA2223B2
:10EA00000120039A40421360029B002B0AD105B0FB
:10EA1000F0BD009A002A00D04042029A002AF6D0A7
:10EA2000002B01D06B1E0193029B019A1A60EEE746
:10EA30003024002FA7D10827A5E7302C9BD00A2728
:10EA4000A1E7000013B5054C2468246A002C00D10E
:10EA5000034C0094FFF772FF16BDC0463000002043
:10EA60009400002037B51300064A05001068046AB8
:10EA7000002C00D1044C0A0000942900FFF75EFF2F
:10EA80003EBDC04630000020940000207047704713
:10EA90000B1F1B68181F002B01DA0B58C01870479A
:10EAA00070B514004B1C03D101256D42280070BDC8
:10EAB000938920229343626BA381CEB2CDB2636867
:10EAC000002A10D0A26B9A4207DD2368013B236025
:10EAD0001E70636801336360E8E7210000F052FBB9
:10EAE0000028F2D0E0E721692268002907D091428E
:10EAF00005D2511E0878A84201D12160EAE72364BB
:10EB00002300443363630323A36323004633E26398
:10EB10001E7023600123DEE710B50C00496B00294D
:10EB20000ED023004433994201D0FDF759FA00205A
:10EB3000236C60636360834202D0E36B236010BD8B
:10EB40002369012023600023A289636020331343DB
:10EB5000A3814042F3E70000F0B5B94CC025A544BD
:10EB6000059300230C004A934B93862107AB4C93EB
:10EB7000BE230190170004A8B24A490040185B0068
:10EB8000C250B14A6D0042513B78002B00D154E194
:10EB9000FCF748FF08223B787E1CC018029343789C
:10EBA000134023D06368002B14DDFCF73BFF0821E2
:10EBB00023681A78801842780A4201D13700E3E7C7
:10EBC0004B9A0133029201324B9262682360013A00
:10EBD0006260E7E7862204AB52009B185B59210074
:10EBE0000198029398470028DFD0E7E7029A252A88
:10EBF0006DD1499347937B782A2B02D11A3B4793D7
:10EC0000BE1C37000A2239787B1C03930B00303B73
:10EC1000092B24D98D4E03223000FFF7DDF900289F
:10EC200007D00123801B8340479A039F134304921C
:10EC300047933B787E1C672B35D8652B00D3BBE010
:10EC4000472B14D8452B00D3B6E0002B00D1F1E0C0
:10EC5000252B3CD003234D930733489369E0499B10
:10EC6000039F04935343303B59184991CBE75B2BE7
:10EC700000D17DE010D8582BECD1479A0292802227
:10EC8000029992000A434792102248926E229A42B9
:10EC90009B415B4203334BE0632B00D175E0642B57
:10ECA000D8D10A22F1E7702B38D008D86E2B00D1CA
:10ECB00073E03AD8692BCDD100234893EAE7752B4E
:10ECC000EFD0782BD9D0732BC4D1022330E0636806
:10ECD000002B0FDD236802991A788A4200D0ACE03D
:10ECE0000133626823604B9B013A029301336260F7
:10ECF0004B9363E7862204AB52009B185B592100BB
:10ED00000198039398470028E4D04A98002800D03F
:10ED10008CE00138A9239B009D44F0BD479A0292E4
:10ED2000202202990A434792A7E708234893043B0D
:10ED30004D936368002B41DD479B02935B0608D42B
:10ED4000FCF770FE082123681A78801842780A427E
:10ED500040D14D9B022B55DC05AB220047A9019801
:10ED600000F078F8012868D0022800D026E7CCE728
:10ED7000310007A800F0D6F9479B06000293402314
:10ED8000029A134347930123D2E7479B0293402300
:10ED9000029A134347930023CAE74798C30600D556
:10EDA0000CE7059B4B9A191D05911B68C70701D5F8
:10EDB0001A8003E71A6001E70523B9E7862204AB4E
:10EDC00052009B185B592100019802939847002834
:10EDD000B2D09AE74B9A029201324B926268013AA2
:10EDE0006260002A02DD01332360A9E7862204ABBA
:10EDF00052009B185B592100019802939847002804
:10EE00009ED082E7042B06DC05AB220047A90198BF
:10EE100000F086F8A6E70E4B002B00D1CEE605AB3E
:10EE2000220047A9019800E000BF9BE7A3895B0689
:10EE300000D46FE7012040426CE74A986AE7C04679
:10EE40005CFDFFFFA1EA000019EB0000FA0E0100D3
:10EE500000000000F7B515008A6801900C00002A38
:10EE600004D18A69002A17D10132A2602268D20631
:10EE700003D41A68111D196017680026A369002BB6
:10EE80001FD0012B0BD12B6862691B78D35C002B40
:10EE900017D1002E33D109E001225242E5E7022BBF
:10EEA00006D0002E2BD1A369012B28D10120FEBD55
:10EEB000FCF7B8FD08222B681B78C0184378134272
:10EEC000EFD1102223680136134203D12B681B783F
:10EED0003B7001372A686B6801322A60A268013BE7
:10EEE000013A6B60A260002A09D0002BC6DCC02367
:10EEF0005B00E3582900019898470028BED01023F2
:10EF00002268134006D1E2680132E260A269002A59
:10EF100000D03B70236900209E192661C7E70000DE
:10EF2000F0B50C008BB00293784B0490160007AA42
:10EF300023CB23C2764B0593A369032B01D1754BD9
:10EF40000593AE220020A3685200591E03909142FF
:10EF500005D95E3BFF3B03935E23FF33A360230091
:10EF60001C330193D023002722681B011343236025
:10EF7000019B0093336807A81978BB000222185838
:10EF8000FFF72AF800282BD0012F62D16368002BED
:10EF900006D1083322686360F933FF3313432360DB
:10EFA0005D4B226813402360A3685A1EA260002BA9
:10EFB00016D033685A1C32601B78009A137073683D
:10EFC000551C013B7360002B09DCC0235B00E35838
:10EFD0003100049800939847002800D080E0009505
:10EFE0000137032FC6D16368002B01D10A33636058
:10EFF0001021002763686069C91A484BC91800F0DE
:10F0000091F8009DA36822680093002B41D03168DD
:10F01000636908781B5C002B3BD0302829D1802302
:10F020001B011A4225D0039B0137002B05D01A0083
:10F03000009B013A01330392A3607368013B736044
:10F04000002B1DDD336801333360A368013BA360EF
:10F05000D8E7022FA8D1C02180232268C90011401F
:10F060009B009942BFD1F13BFF3B6360F0331343F8
:10F0700099E72B4B134023600B782B700135DCE7AD
:10F08000C0235B00E35831000498009398470028A0
:10F09000DBD02368DB050ED5019B9D4207D9BE233B
:10F0A000013D5B002978E358320004989847019BA2
:10F0B00001209D4227D0102223681A401CD12A70BB
:10F0C000636801990498059EB047029B21681B68FC
:10F0D0008A0607D51A1D02990A601B68186008E0A5
:10F0E0000027D6E71A1DCE07F5D502990A601B68DE
:10F0F0001880E3680133E3600020019BED1A236967
:10F10000EF19DF1927610BB0F0BDC046080F0100F1
:10F1100045EA000069CD0000FFFAFFFF140F01006F
:10F12000FFF6FFFF70B50B7805005E2B18D04A1C68
:10F13000002128006C1CFF3401700130A042FBD17B
:10F14000501E002B0BD001204140E9541478501C74
:10F150002D2C0CD05D2C02D0002C05D1100070BDE0
:10F160008A1C4B780121E4E723000200EDE7567882
:10F170005D2EF9D0B342F7DC02320133E9549E42EE
:10F18000FBDCE3E70B00F7B54D6B44330C009D420D
:10F190001CD18026F6003100FCF76CFF002802D15C
:10F1A00001204042FEBD23006063A66346331A7807
:10F1B000104BC254230045331A780F4BC2542A789F
:10F1C0000E4BC254C01820600020EBE78E6B290064
:10F1D00073001A000193FFF701FA051EE0D08719AA
:10F1E000010032003800FCF751FC019B2760656389
:10F1F000A363E9E7FF030000FE030000FD03000036
:10F20000002B15D1002A13D1002906DB01DC0028D0
:10F2100006D00020C043410802E0802109060020FA
:10F2200007B4024801A14018029003BD0DA0FFFFE2
:10F2300003B4684601B5029800F030F8019B9E4681
:10F2400002B00CBC7047C046F0B5CE464746150428
:10F250002D0C2E0080B50704140C3F0C9946030CAE
:10F260007E435D43674363437F19340CE4199C4636
:10F27000A54203D980235B029846C4444B464343CE
:10F280005143250C36046544360C2404A4195B193B
:10F29000591820000CBC90469946F0BDF0B583B0DB
:10F2A00016001F000090019100F014F804000D00FA
:10F2B00002000B0030003900FFF7C6FF009A019BE7
:10F2C000121A8B41089920000A604B60290003B094
:10F2D000F0BDC046F0B54E465746DE464546E0B561
:10F2E0000F00002183B006008946002F06DA39009E
:10F2F000002746428F41012149428946002B07DA07
:10F300004946C943100089461900002342428B41F7
:10F3100034003D0092469846BB4269D866D04146CB
:10F320005046FCF757FA834639003000FCF752FA92
:10F330005B461B1A9C46203B9B4600D575E0514618
:10F34000584681400B005146604681400A00BB424E
:10F3500061D85ED034003D005946A41A9D41002971
:10F3600000DA7AE000210020012600900191594640
:10F370008E400196614601268E4061460096002926
:10F3800050D0D90756085F080E4363460EE0AF42DF
:10F3900001D1A6420CD8A41BBD41012124196D4105
:10F3A0000022013B64185541002B06D0AF42EED934
:10F3B000013B24196D41002BF8D1009801995B465F
:10F3C00000196941002B3DDB2E00DE4063462C0016
:10F3D000DC405B46002B4BDB34005D46AC40230039
:10F3E0006446A6403200801A994103E0B24296D9A1
:10F3F000002000214B46002B04D003000C0000210C
:10F400005842A14103B03CBC90469946A246AB4647
:10F41000F0BDB1429ED900210020009001916146CB
:10F420000029AED100980199E4E7202362465146B5
:10F430009B1AD940404600916146884003000099DC
:10F440000B4380E7624620239B1A2A009A4026003D
:10F4500013006246D6401E43B8E7614620260127C6
:10F46000761A00200021F74000900191019781E772
:10F470006746202362463500BC409B1ADD402300CE
:10F480002B43ADE7044A1368002B00D1034B181837
:10F49000106018007047C046BC180020C418002037
:10F4A000F8B5C046F8BC08BC9E467047F8B5C046E3
:10F4B000F8BC08BC9E467047F09F93AE20E68C8750
:10F4C000E4BBA4E585A5E588973AE7B5A62000202A
:10F4D000E9808120E286922000207C2000E29AA030
:10F4E000EFB88F2020E5BE85E98081E4BD87E588FF
:10F4F00097E5B7B2E6BBBF2CE68C87E4BBA4E4B8C3
:10F500009FE6A38400F09F97BAEFB88F2020E5AD67
:10F51000B8E588B0E8B7AFE794B13A002076696102
:10F5200020007330350073303400F09F92BE20E924
:10F53000A696E6ACA1E78792E98C842CE5AFABE513
:10F5400085A5E9A090E8A8AD20636F6E66696700A5
:10F550002530386C5800F09F93A12043414420E5AA
:10F5600081B5E6B8ACE588B0E6B4BBE58B952CE98F
:10F57000968BE5959FE68EA5E694B600F09F92A443
:10F580002043414420E58187E8ADA6E5A0B1E688A7
:10F5900096E99D9EE7B5A6E68891E79A84E5B08155
:10F5A000E58C852CE59B9EE79DA100747275650036
:10F5B00066616C7365002D2D2D2D2D2D2D2D2D2D7E
:10F5C00020E79BAEE5898D20436F6E666967202D2D
:10F5D0002D2D2D2D2D2D2D2D2D0020206E6F6465B0
:10F5E000494420202020203A2000202074617267A6
:10F5F00065744E6F6465203A200020206261636B61
:10F60000757020202020203A20002020616374693A
:10F61000766520202020203A200020206C65766529
:10F620006C2020202020203A200020206973526F77
:10F63000757465722020203A20002020696E746560
:10F640007276616C2020203A20002073002D2D2D31
:10F650002D2D2D2D2D2D2D2D2D2D2D2D2D2D2D2DDA
:10F660002D2D2D2D2D2D2D2D2D2D2D2D2D2D00F034
:10F670009F9791EFB88F202041434B20E9809AE972
:10F68000818E2CE4BD87E58897E7A7BBE999A43A6A
:10F6900000F09F93A920E694B6E588B0E68C87E455
:10F6A000BBA4E5B081E58C8520646573743D0020C2
:10F6B000636D6449643D0020636D643D00207C20DF
:10F6C000727373693D0020736E723D00E299BBEF67
:10F6D000B88F2020E68C87E4BBA4E9878DE8A48757
:10F6E0002CE58FAAE59B9E2041434B20E4B88DE991
:10F6F000878DE8B791004F4B5F44555000E29AA0C8
:10F70000EFB88F2020E68891E4B88DE698AFE4B892
:10F71000ADE7B9BCE7AB992CE784A1E6B395E8BDAA
:10F7200089E799BCE68C87E4BBA4002C50524F4279
:10F73000452C00F09FA9BA20E68EA2E6B8ACE4B84A
:10F74000ADE7B9BC3A0050524F42455F41434B00D0
:10F75000F09F929A20E4B8ADE7B9BCE59CA8E7B762
:10F760009A3A00E29AA0EFB88F20E4B8ADE7B9BCAE
:10F77000E69CAAE59B9EE687893A002C4C005F4DEB
:10F78000002C626F6F742C002C706D32352C002CA5
:10F79000706D31302C00E29AA0EFB88F20484D33C5
:10F7A00033303120E8AE80E58F96E5A4B1E6959739
:10F7B000EFBC8CE7AD89E5BE85E9878DE696B0E5BF
:10F7C00081B5E6B8AC002C742C002C682C002C639E
:10F7D0002C00F09F9BA0EFB88F2020E59FB7E8A1F9
:10F7E0008CE68C87E4BBA43A00206172673D005030
:10F7F000494E4700504F4E47005345545F544152C5
:10F80000474554004552523A4241445F41524700F5
:10F810004F4B005345545F4241434B5550005345B5
:10F82000545F4C4556454C005345545F494E544532
:10F830005256414C004552523A544F4F5F53484F35
:10F840005254004552523A544F4F5F4C4F4E47006E
:10F8500050524F4D4F5445004F4B5F5245424F4F12
:10F86000545F4E45454445440044454D4F54450082
:10F870005245424F4F540044554D50004552523A64
:10F88000554E4B4E4F574E5F434D44002C766961A9
:10F890002C00F09F948C20484D3333303120E5B755
:10F8A000B2E99BA2E7B79A00E29C8520484D33332A
:10F8B000303120E5B7B2E68EA5E585A5E4B8A6E926
:10F8C000878DE696B0E5889DE5A78BE58C9600F0E0
:10F8D0009F948C20534344333020E5B7B2E99BA278
:10F8E000E7B79A00E29C8520534344333020E5B7C4
:10F8F000B2E68EA5E585A5E4B8A6E9878DE696B0C3
:10F90000E5889DE5A78BE58C96002C434D442C00A3
:10F91000E2AC87EFB88F2020E4B88BE8A18CE980B7
:10F9200081E587BA3A00F09F85B0EFB88F2020E8D4
:10F93000BD89E799BC2041434B20E4B88AE8A18CFB
:10F940003A000AF09F8C8020E8AE80E58F96E88729
:10F95000AAE8BAABE695B8E6939A2E2E2E00F09F51
:10F960009A8020E887AAE8BAABE695B8E6939AE7CA
:10F9700099BCE980813A00F09F93A520E694B6E512
:10F9800088B0E4B88BE5B1ACE8B387E696993A0065
:10F99000207C20525353493A0020534E523A002CB7
:10F9A000725F696E2C002C736E722C00F09F9A802F
:10F9B00020E5B7B2E8BD89E799BC3A00F09F8EAF69
:10F9C00020E68A93E588B0200020E4B88AE7B79A59
:10F9D0002CE98081E4B88BE8A18CE980B2E585B69A
:10F9E000E68E92E7A88BE8A696E7AA9700E29AA08F
:10F9F000EFB88F20E4B8ADE7B9BCE68EA2E6B8ACAC
:10FA0000E5A4B1E6959720002F00F09F948020E5B3
:10FA1000B7B2E58887E68F9BE4B8ADE7B9BCE7826B
:10FA2000BA20000AF09F8C80204C3320E8AE80E59D
:10FA30008F96E6849FE6B8ACE599A8E4B8AD2E2E83
:10FA40002E00E29C852054585F444F4E45204C3395
:10FA500020E4B88AE8A18C3A00E29D8C2054585FDB
:10FA60004641494C20626567696E3D0020656E64C1
:10FA70003D00F09F918220E9968BE4B88BE8A18C41
:10FA8000E8A696E7AA972000206D732E2E2E00F090
:10FA90009F92A420E784A1E68C87E4BBA42CE59B7D
:10FAA0009EE79DA100E28FB320E79DA1E79CA020E7
:10FAB0000020E7A792002C41434B2C00F09F85B01B
:10FAC000EFB88F2020E98081E587BA2041434B3A87
:10FAD00000F09F92A420736C6565702000206D7308
:10FAE00000E28FB02077616B65000000000000002D
:10FAF0000000000000000000000000000000000006
:10FB000000000000000000000000000000000000F5
:10FB100000000000000000000000000000000000E5
:10FB200000000000000000000000000000000000D5
:10FB300000000000000000000000000000000000C5
:10FB400000000000000000000000000000000000B5
:10FB500000000000000000000000000000000000A5
:10FB60000000000000000000000000000000000095
:10FB70000000000000000000000000000000000085
:10FB80000000000000000000000000000000000075
:10FB90000000000000000000000000000000000065
:10FBA0000000000000000000000000000000000055
:10FBB0000000000000000000000000000000000045
:10FBC0000000000000000000000000000000000035
:10FBD0000000000000000000000000000000000025
:10FBE0000000000000000000000000000000000015
:10FBF0000000000000000000000000000000000005
:10FC0000434144204E5353203D2000535831323756
:10FC1000782076657273696F6E203D2030780043DE
:10FC200041442053504920E9809AE8A88AE6ADA3D0
:10FC3000E5B8B8004341442053504920E9809AE890
:10FC4000A88AE5A4B1E69597EFBC8CE8AB8BE6AA51
:10FC5000A2E69FA5204E5353E3808153504920E6EE
:10FC60008896204C6F526120E6A8A1E7B58400E891
:10FC7000ADA6E5918AEFBC9A53583132377820E728
:10FC80008988E69CACE580BCE4B88DE698AFE9A035
:10FC900090E69C9FE79A842030783132004C312FD7
:10FCA0004C3220E4B8ADE7B9BCE79BA3E881BDE6E0
:10FCB000A8A1E5BC8F004C3320E69CABE7ABAFE7D7
:10FCC0009C81E99BBBE6A8A1E5BC8F000A3D3D3DB8
:10FCD0003D3D3D3D3D3D3D3D3D3D3D3D3D3D3D3D54
:10FCE0003D3D3D3D3D3D3D3D3D3D3D3D3D3D3D3D44
:10FCF0003D3D00F09F9A8020E7AF80E9BB9EE595EF
:10FD00009FE58B953A2000F09F949120626F6F746D
:10FD100049643A2000F09F93A620E99F8CE9AB94B8
:10FD2000E78988E69CAC3A205330355F46524F4D08
:10FD30005F5330335F434C45414E5F3100F09F913C
:10FD40009120E79BB4E5B1ACE995B7E5AE983A20D0
:10FD500000F09F9B9F20E58299E794A8E4B8ADE767
:10FD6000B9BC3A2000F09F9BA0EFB88F2020E5B7E8
:10FD7000A5E4BD9CE6A8A1E5BC8F3A2000F09F93C6
:10FD8000B620E5B1A4E7B49A3A204C00E29C852065
:10FD9000484D3333303120E5B0B1E7B79200E29CF3
:10FDA0008520534344333020E5B0B1E7B79200E2F9
:10FDB0009D8C204C6F526120626567696E20E5A4BE
:10FDC000B1E695972C3120E7A792E5BE8CE9878DA7
:10FDD000E8A9A600E29D8C204C6F526120E784A127
:10FDE000E6B395E5889DE5A78BE58C962C31302010
:10FDF000E7A792E5BE8CE9878DE696B0E9968BE69B
:10FE0000A99F00F09F8EA720E4B8ADE7B9BCE7AB8F
:10FE100099E980B2E585A5E5B8B8E9A790E79BA385
:10FE2000E881BDE6A8A1E5BC8F2E2E2E00010203BD
:10FE30000000000000000000A5420000194300007F
:10FE4000B7420000C1420000854200002543000087
:10FE500069430000A5440000A5430000A342000040
:10FE6000A342000055440000A7420000781E000095
:10FE7000A0280000F03C000040510000127A000071
:10FE8000E4A2000024F4000048E8010090D0030040
:10FE900020A10700000000000000000079450000DC
:10FEA00055470000754500008D4500008146000063
:10FEB000914600009747000000000000000000008D
:10FEC0004B4F0000354D0000754500005F4D0000B0
:10FED000594D0000FD4F0000714D0000894D00009C
:10FEE0008D4E0000E54D0000C94D0000114D000091
:10FEF000974F0000294D0000BB4E0000054D00004B
:10FF0000614D0000694D0000433A5C5573657273A2
:10FF10005C7261696E395C4F6E6544726976655CCE
:10FF2000A4E5A5F35C41726475696E6F5C6C6962EF
:10FF30007261726965735C47726F76655F2D5F4CA5
:10FF4000617365725F504D322E355F53656E736F0E
:10FF5000725F484D333330315C53656565645F488B
:10FF60004D333330582E63707000206572726F729B
:10FF700020636F6465203D004669726D776172652C
:10FF80002076657273696F6E2030780067657453F0
:10FF9000657474696E6756616C75653A20435243A7
:10FFA000206661696C3A20657870656374656420C9
:10FFB000307800726561644D6561737572656D6559
:10FFC0006E743A20666F756E642043524320696EEA
:10FFD000206279746520002C2065787065637465F3
:10FFE00064203078002C20676F74203078007265B0
:10FFF00061644D6561737572656D656E743A206EEE
:020000021000EC
:100000006F205343443330206461746120666F7500
:100010006E642066726F6D204932432C2069326312
:1000200020636C61696D732077652073686F756CF0
:100030006420726563656976652000206279746565
:100040007300726561644D6561737572656D656E8F
:10005000743A20656E636F756E74657265642065B1
:1000600072726F722072656164696E6720534344D7
:10007000333020646174612E000000000000000035
:100080000000000000000000000000000000000070
:100090000000000000000000000000000000000060
:1000A0000000000000000000000000000000000050
:1000B0000000000000000000000000000000000040
:1000C0000000000000000000000000000000000030
:1000D0000000000000000000000000000000000020
:1000E0000000000000000000000000000000000010
:1000F0000000000000000000000000000000000000
:1001000000000000000000000000000000000000EF
:1001100000000000000000000000000000000000DF
:1001200000000000000000000000000000000000CF
:1001300000000000000000000000000000000000BF
:1001400000000000000000000000000000000000AF
:10015000000000000000000000000000000000009F
:10016000000000000000000000000000000000008F
:10017000000000000000000000000000000000007F
:10018000000000000000000000000000000000006F
:10019000000000000000000000000000000000005F
:1001A000000000000000000000000000000000004F
:1001B000000000000000000000000000000000003F
:1001C000000000000000000000000000000000002F
:1001D000000000000000000000000000000000001F
:1001E000000000000000000000000000000000000F
:1001F00000000000000000000000000000000000FF
:1002000000000000000000000000000000000000EE
:1002100000000000000000000000000000000000DE
:1002200000000000000000000000000000000000CE
:1002300000000000000000000000000000000000BE
:1002400000000000000000000000000000000000AE
:10025000000000000000000000000000000000009E
:10026000000000000000000000000000000000008E
:10027000000000000000000000000000000000007E
:10028000000000000000000000000000000000006E
:10029000000000000000000000000000000000005E
:1002A000000000000000000000000000000000004E
:1002B000000000000000000000000000000000003E
:1002C000000000000000000000000000000000002E
:1002D000000000000000000000000000000000001E
:1002E000000000000000000000000000000000000E
:1002F00000000000000000000000000000000000FE
:1003000000000000000000000000000000000000ED
:1003100000000000000000000000000000000000DD
:1003200000000000000000000000000000000000CD
:1003300000000000000000000000000000000000BD
:1003400000000000000000000000000000000000AD
:10035000000000000000000000000000000000009D
:10036000000000000000000000000000000000008D
:10037000000000000000000000000000000000007D
:10038000000000000000000000000000000000006D
:10039000000000000000000000000000000000005D
:1003A000000000000000000000000000000000004D
:1003B000000000000000000000000000000000003D
:1003C000000000000000000000000000000000002D
:1003D000000000000000000000000000000000001D
:1003E000000000000000000000000000000000000D
:1003F00000000000000000000000000000000000FD
:1004000000000000000000000000000000000000EC
:1004100000000000000000000000000000000000DC
:1004200000000000000000000000000000000000CC
:1004300000000000000000000000000000000000BC
:1004400000000000000000000000000000000000AC
:10045000000000000000000000000000000000009C
:10046000000000000000000000000000000000008C
:10047000000000000000000000000000000000007C
:10048000000000000000000000000000000000006C
:10049000000000000000000000000000000000005C
:1004A000000000000000000000000000000000004C
:1004B000000000000000000000000000000000003C
:1004C000000000000000000000000000000000002C
:1004D000000000000000000000000000000000001C
:1004E000000000000000000000000000000000000C
:1004F00000000000000000000000000000000000FC
:1005000000000000000000000000000000000000EB
:1005100000000000000000000000000000000000DB
:1005200000000000000000000000000000000000CB
:1005300000000000000000000000000000000000BB
:1005400000000000000000000000000000000000AB
:10055000000000000000000000000000000000009B
:10056000000000000000000000000000000000008B
:10057000000000000000000000000000000000007B
:10058000000000000000000000000000000000006B
:10059000000000000000000000000000000000005B
:1005A000000000000000000000000000000000004B
:1005B000000000000000000000000000000000003B
:1005C000000000000000000000000000000000002B
:1005D000000000000000000000000000000000001B
:1005E000000000000000000000000000000000000B
:1005F00000000000000000000000000000000000FB
:100600000800000010000000200000004000000072
:100610008000000000010000000200000004000053
:100620000000000016000000080000001C00000090
:10063000FF00000400040600000000001700000096
:10064000080000001C000000FF0001040104070076
:10065000000000000A000000080000001C0000006C
:10066000120000010001FF00000000000B0000006C
:10067000080000001C000000130001010101FF0040
:10068000010000000A000000080000001C0000003B
:10069000FF00000500050A00010000000B0000003B
:1006A000080000001C000000FF00010501050B0010
:1006B0000000000014000000080000002C000000F2
:1006C000FF0002000200040000000000150000000E
:1006D000080000002C000000FF00030003000500DC
:1006E0000000000010000000020000001C000000DC
:1006F000FF000002000200000000000011000000E6
:100700000200000004000000FF00FFFFFFFF0100E7
:100710000000000013000000020000001C000000A8
:10072000FF0001030103FF000000000008000000BB
:1007300003000000040000001000FFFFFFFF100096
:100740000000000009000000030000000400000099
:100750001100FFFFFFFFFF00010000001700000075
:100760000300000004000000FF00FFFFFFFFFF0088
:10077000010000001600000003000000040000005B
:10078000FF00FFFFFFFFFF0000000000020000006D
:1007900001000000060000000000FFFFFFFFFF0057
:1007A0000100000002000000010000000400000041
:1007B0000A00FFFFFFFF020001000000030000002D
:1007C00001000000040000000B00FFFFFFFF03001A
:1007D0000000000004000000010000001C000000F8
:1007E000040000000000FF00000000000500000001
:1007F000010000001C000000050001000100FF00D6
:1008000000000000060000000100000004000000DD
:100810000600FFFFFFFFFF000000000007000000D0
:1008200001000000040000000700FFFFFFFFFF00C1
:10083000000000001800000006000000000000009A
:10084000FF00FFFFFFFFFF00000000001900000095
:100850000600000000000000FF00FFFFFFFFFF0098
:10086000000000001200000008000000040000006A
:10087000FF00FFFFFFFFFF0000000000030000007B
:100880000800000004000000FF00FFFFFFFFFF0062
:10089000000000000C000000030000000000000049
:1008A000FF00FFFFFFFFFF00000000000D00000041
:1008B0000800000000000000FF00FFFFFFFFFF0036
:1008C000000000000E000000080000000000000012
:1008D000FF00FFFFFFFFFF00000000000F0000000F
:1008E0000300000000000000FF00FFFFFFFFFF000B
:1008F000000000001B0000000800000000000000D5
:10090000FF00FFFFFFFFFF00000000001C000000D1
:100910000800000000000000FF00FFFFFFFF0800CC
:1009200001000000080000000100000006000000B7
:100930000200FFFFFFFFFF000100000009000000B0
:100940000800000018000000030001040104090071
:10095000000000000000000008000000000000008F
:10096000FF00FFFFFFFFFF0000000000010000008C
:100970000800000000000000FF00FFFFFFFFFF0075
:10098000000000000C000000030000000000000058
:10099000FF00FFFFFFFFFF00000000000D00000050
:1009A0000300000000000000FF00FFFFFFFFFF004A
:1009B000000000000F000000030000000000000025
:1009C000FF00FFFFFFFFFF0000C201000000080062
:1009D0000000000000000000E56400001D6700004A
:1009E000E164000001670000E16600005967000053
:1009F0003D670000DD640000DF640000D166000098
:100A00007D6700000F670000F9640000616400006A
:100A10002566000089640000F0FFFFFF0000000071
:100A2000C166000015660000A3670000CD640000E9
:100A30000000000000000000E569000017760000DB
:100A4000EF750000FB7500004D6800004F68000066
:100A50003D69000041726475696E6F204D4B5220F4
:100A600057414E20313331300000040309044172F4
:100A70006475696E6F204C4C430012010002EF0256
:100A800001404123598000010102030100000000E0
:100A900000000000757B0000ED7E0000FF77000085
:100AA0004B780000F9770000117C00000F780000FF
:100AB000E9770000A978000027780000E5770000BA
:100AC0006E616E00696E66006F7666000D0A002525
:100AD0002525642E256466008CA30000FEA100007D
:100AE00042A20000A6A1000042A2000032A3000022
:100AF00042A20000A6A10000FEA10000FEA100008D
:100B000032A30000A6A100009EA100009EA100004B
:100B10009EA1000040A30000B4AA0000B6A90000F6
:100B2000B6A90000D4AC0000B0A90000B0A9000034
:100B3000BCAC0000D4AC0000B0A90000BCAC00000C
:100B4000B0A90000D4AC0000CAAC0000CAAC0000E0
:100B5000CAAC0000D8AC00004300504F53495800C5
:100B60001F0000001C0000001F0000001E0000000D
:100B70001F0000001E0000001F0000001F000000FA
:100B80001E0000001F0000001E0000001F000000EB
:100B9000000000001F0000003B0000005A000000A1
:100BA0007800000097000000B5000000D4000000AD
:100BB000F300000011010000300100004E010000B0
:100BC000494E46004E414E003031323334353637CF
:100BD00038394142434445460030313233343536AA
:100BE00037383961626364656600545A00474D5472
:100BF000002531305B5E302D392C2B2D5D256E00AC
:100C00004D256875256E2E256875256E2E2568750F
:100C1000256E002F256875256E3A256875256E3A74
:100C2000256875256E00002020202020202020200F
:100C3000282828282820202020202020202020208C
:100C400020202020202020881010101010101010BC
:100C50001010101010101004040404040404040400
:100C60000410101010101010414141414141010188
:100C70000101010101010101010101010101010164
:100C80000101101010101010424242424242020272
:100C90000202020202020202020202020202020234
:100CA00002021010101020000000000000000000E0
:100CB0000000000000000000000000000000000034
:100CC0000000000000000000000000000000000024
:100CD0000000000000000000000000000000000014
:100CE0000000000000000000000000000000000004
:100CF00000000000000000000000000000000000F4
:100D000000000000000000000000000000000000E3
:100D100000000000000000000000000000000000D3
:100D200000000000000000496E66696E6974790079
:100D30004E614E00000000000000000000000000B6
:100D400000000000000000000000000000000000A3
:100D50000000000000000000000000000000000093
:100D60000000000000000000000000000000000083
:100D70000000000000000000000000000000000073
:100D80000000000000000000000000000000000063
:100D9000000000001F0000001C0000001F000000F9
:100DA0001E0000001F0000001E0000001F000000C9
:100DB0001F0000001E0000001F0000001E000000B9
:100DC0001F0000001F0000001D0000001F000000A9
:100DD0001E0000001F0000001E0000001F00000099
:100DE0001F0000001E0000001F0000001E00000089
:100DF0001F000000000000000080E03779C341437D
:100E0000176E05B5B5B89346F5F93FE9034F384D70
:100E1000321D30F94877825A3CBF737FDD4F15751C
:100E2000000000000000F03F00000000000024402F
:100E300000000000000059400000000000408F400A
:100E4000000000000088C34000000000006AF84075
:100E50000000000080842E4100000000D012634199
:100E60000000000084D797410000000065CDCD410F
:100E7000000000205FA00242000000E876483742F0
:100E8000000000A2941A6D42000040E59C30A2428E
:100E90000000901EC4BCD64200003426F56B0C4303
:100EA0000080E03779C3414300A0D88557347643AA
:100EB00000C84E676DC1AB43003D9160E458E1430B
:100EC000408CB5781DAF154450EFE2D6E41A4B4480
:100ED00092D54D06CFF08044F64AE1C7022DB544C5
:100EE000B49DD9794378EA44050000001900000058
:100EF0007D000000232D302B2000686C4C006566BF
:100F00006745464700000000260F0100290F010039
:100F10002C0F0100412D46612D66383930313233B6
:100F2000343536375D002B2D003030007858000006
:040F300000000000BD
:080F3400A484FF7F010000000E
:100F3C000000000073303200000000003030303010
:100F4C003030303000000000FFFFFFFFFFFFFFFFDD
:100F5C0040420F000A0000000A000000FFFFFFFFE4
:100F6C003400002000000000540D0100740D01003D
:100F7C00340D010000000000000000000000000023
:100F8C000000000000000000000000000000000055
:100F9C000000000000000000000000000000000045
:100FAC000000000000000000000000000000000035
:100FBC000000000000000000000000000000000025
:100FCC0000000000430000000000000000000000D2
:100FDC000000000000000000000000000000000005
:100FEC0000000000430000000000000000000000B2
:100FFC0000000000000000000000000000000000E5
:10100C000000000043000000000000000000000091
:10101C0000000000000000000000000000000000C4
:10102C000000000043000000000000000000000071
:10103C0000000000000000000000000000000000A4
:10104C000000000043000000000000000000000051
:10105C000000000000000000000000000000000084
:10106C000000000043000000000000000000000031
:10107C000000000000000000000000000000000064
:10108C000000000043000000000000000000000011
:10109C000000000000000000000000000000000044
:1010AC000000000021D2000069BA0000000000001E
:1010BC00260C01008DFA0000CE0A0100CE0A0100B8
:1010CC00CE0A0100CE0A0100CE0A0100CE0A0100B0
:1010DC00CE0A0100CE0A0100CE0A0100FFFFFFFF7D
:1010EC00FFFFFFFFFFFFFFFFFFFF00000100415369
:1010FC00434949000000000000000000000000000F
:10110C00000000000000000000000000000041533F
:10111C0043494900000000000000000000000000EE
:10112C0000000000000000000000000000000000B3
:10113C00ED0B0100ED0B01000100000000000000B0
:10114C004A00000000000000000000000000000049
:10115C000000000000000000000000000000000083
:10116C0000000000000000004A0000000000000029
:10117C000000000000000000000000000000000063
:10118C000000000000000000000000000000000053
:10119C00B8180020DD200000192F0000DD440000ED
:1011AC00F54C00002D510000515800000D5C000062
:1011BC00295E00003968000079760000B520000037
:04000003000086E98A
:00000001FF
